   1              		.cpu cortex-m4
   2              		.arch armv7e-m
   3              		.fpu fpv4-sp-d16
   4              		.eabi_attribute 27, 1
   5              		.eabi_attribute 20, 1
   6              		.eabi_attribute 21, 1
   7              		.eabi_attribute 23, 3
   8              		.eabi_attribute 24, 1
   9              		.eabi_attribute 25, 1
  10              		.eabi_attribute 26, 1
  11              		.eabi_attribute 30, 6
  12              		.eabi_attribute 34, 1
  13              		.eabi_attribute 18, 4
  14              		.file	"main.c"
  15              		.text
  16              	.Ltext0:
  17              		.cfi_sections	.debug_frame
  18              		.file 1 "main.c"
  19              		.section	.text.__NVIC_SetPriority,"ax",%progbits
  20              		.align	1
  21              		.syntax unified
  22              		.thumb
  23              		.thumb_func
  25              	__NVIC_SetPriority:
  26              	.LFB111:
  27              		.file 2 "/opt/XMClib/XMC_Peripheral_Library_v2.1.16/CMSIS/Include/core_cm4.h"
   1:/opt/XMClib/XMC_Peripheral_Library_v2.1.16/CMSIS/Include/core_cm4.h **** /**************************************************************************//**
   2:/opt/XMClib/XMC_Peripheral_Library_v2.1.16/CMSIS/Include/core_cm4.h ****  * @file     core_cm4.h
   3:/opt/XMClib/XMC_Peripheral_Library_v2.1.16/CMSIS/Include/core_cm4.h ****  * @brief    CMSIS Cortex-M4 Core Peripheral Access Layer Header File
   4:/opt/XMClib/XMC_Peripheral_Library_v2.1.16/CMSIS/Include/core_cm4.h ****  * @version  V5.0.1
   5:/opt/XMClib/XMC_Peripheral_Library_v2.1.16/CMSIS/Include/core_cm4.h ****  * @date     30. January 2017
   6:/opt/XMClib/XMC_Peripheral_Library_v2.1.16/CMSIS/Include/core_cm4.h ****  ******************************************************************************/
   7:/opt/XMClib/XMC_Peripheral_Library_v2.1.16/CMSIS/Include/core_cm4.h **** /*
   8:/opt/XMClib/XMC_Peripheral_Library_v2.1.16/CMSIS/Include/core_cm4.h ****  * Copyright (c) 2009-2016 ARM Limited. All rights reserved.
   9:/opt/XMClib/XMC_Peripheral_Library_v2.1.16/CMSIS/Include/core_cm4.h ****  *
  10:/opt/XMClib/XMC_Peripheral_Library_v2.1.16/CMSIS/Include/core_cm4.h ****  * SPDX-License-Identifier: Apache-2.0
  11:/opt/XMClib/XMC_Peripheral_Library_v2.1.16/CMSIS/Include/core_cm4.h ****  *
  12:/opt/XMClib/XMC_Peripheral_Library_v2.1.16/CMSIS/Include/core_cm4.h ****  * Licensed under the Apache License, Version 2.0 (the License); you may
  13:/opt/XMClib/XMC_Peripheral_Library_v2.1.16/CMSIS/Include/core_cm4.h ****  * not use this file except in compliance with the License.
  14:/opt/XMClib/XMC_Peripheral_Library_v2.1.16/CMSIS/Include/core_cm4.h ****  * You may obtain a copy of the License at
  15:/opt/XMClib/XMC_Peripheral_Library_v2.1.16/CMSIS/Include/core_cm4.h ****  *
  16:/opt/XMClib/XMC_Peripheral_Library_v2.1.16/CMSIS/Include/core_cm4.h ****  * www.apache.org/licenses/LICENSE-2.0
  17:/opt/XMClib/XMC_Peripheral_Library_v2.1.16/CMSIS/Include/core_cm4.h ****  *
  18:/opt/XMClib/XMC_Peripheral_Library_v2.1.16/CMSIS/Include/core_cm4.h ****  * Unless required by applicable law or agreed to in writing, software
  19:/opt/XMClib/XMC_Peripheral_Library_v2.1.16/CMSIS/Include/core_cm4.h ****  * distributed under the License is distributed on an AS IS BASIS, WITHOUT
  20:/opt/XMClib/XMC_Peripheral_Library_v2.1.16/CMSIS/Include/core_cm4.h ****  * WARRANTIES OR CONDITIONS OF ANY KIND, either express or implied.
  21:/opt/XMClib/XMC_Peripheral_Library_v2.1.16/CMSIS/Include/core_cm4.h ****  * See the License for the specific language governing permissions and
  22:/opt/XMClib/XMC_Peripheral_Library_v2.1.16/CMSIS/Include/core_cm4.h ****  * limitations under the License.
  23:/opt/XMClib/XMC_Peripheral_Library_v2.1.16/CMSIS/Include/core_cm4.h ****  */
  24:/opt/XMClib/XMC_Peripheral_Library_v2.1.16/CMSIS/Include/core_cm4.h **** 
  25:/opt/XMClib/XMC_Peripheral_Library_v2.1.16/CMSIS/Include/core_cm4.h **** #if   defined ( __ICCARM__ )
  26:/opt/XMClib/XMC_Peripheral_Library_v2.1.16/CMSIS/Include/core_cm4.h ****  #pragma system_include         /* treat file as system include file for MISRA check */
  27:/opt/XMClib/XMC_Peripheral_Library_v2.1.16/CMSIS/Include/core_cm4.h **** #elif defined (__ARMCC_VERSION) && (__ARMCC_VERSION >= 6010050)
  28:/opt/XMClib/XMC_Peripheral_Library_v2.1.16/CMSIS/Include/core_cm4.h ****   #pragma clang system_header   /* treat file as system include file */
  29:/opt/XMClib/XMC_Peripheral_Library_v2.1.16/CMSIS/Include/core_cm4.h **** #endif
  30:/opt/XMClib/XMC_Peripheral_Library_v2.1.16/CMSIS/Include/core_cm4.h **** 
  31:/opt/XMClib/XMC_Peripheral_Library_v2.1.16/CMSIS/Include/core_cm4.h **** #ifndef __CORE_CM4_H_GENERIC
  32:/opt/XMClib/XMC_Peripheral_Library_v2.1.16/CMSIS/Include/core_cm4.h **** #define __CORE_CM4_H_GENERIC
  33:/opt/XMClib/XMC_Peripheral_Library_v2.1.16/CMSIS/Include/core_cm4.h **** 
  34:/opt/XMClib/XMC_Peripheral_Library_v2.1.16/CMSIS/Include/core_cm4.h **** #include <stdint.h>
  35:/opt/XMClib/XMC_Peripheral_Library_v2.1.16/CMSIS/Include/core_cm4.h **** 
  36:/opt/XMClib/XMC_Peripheral_Library_v2.1.16/CMSIS/Include/core_cm4.h **** #ifdef __cplusplus
  37:/opt/XMClib/XMC_Peripheral_Library_v2.1.16/CMSIS/Include/core_cm4.h ****  extern "C" {
  38:/opt/XMClib/XMC_Peripheral_Library_v2.1.16/CMSIS/Include/core_cm4.h **** #endif
  39:/opt/XMClib/XMC_Peripheral_Library_v2.1.16/CMSIS/Include/core_cm4.h **** 
  40:/opt/XMClib/XMC_Peripheral_Library_v2.1.16/CMSIS/Include/core_cm4.h **** /**
  41:/opt/XMClib/XMC_Peripheral_Library_v2.1.16/CMSIS/Include/core_cm4.h ****   \page CMSIS_MISRA_Exceptions  MISRA-C:2004 Compliance Exceptions
  42:/opt/XMClib/XMC_Peripheral_Library_v2.1.16/CMSIS/Include/core_cm4.h ****   CMSIS violates the following MISRA-C:2004 rules:
  43:/opt/XMClib/XMC_Peripheral_Library_v2.1.16/CMSIS/Include/core_cm4.h **** 
  44:/opt/XMClib/XMC_Peripheral_Library_v2.1.16/CMSIS/Include/core_cm4.h ****    \li Required Rule 8.5, object/function definition in header file.<br>
  45:/opt/XMClib/XMC_Peripheral_Library_v2.1.16/CMSIS/Include/core_cm4.h ****      Function definitions in header files are used to allow 'inlining'.
  46:/opt/XMClib/XMC_Peripheral_Library_v2.1.16/CMSIS/Include/core_cm4.h **** 
  47:/opt/XMClib/XMC_Peripheral_Library_v2.1.16/CMSIS/Include/core_cm4.h ****    \li Required Rule 18.4, declaration of union type or object of union type: '{...}'.<br>
  48:/opt/XMClib/XMC_Peripheral_Library_v2.1.16/CMSIS/Include/core_cm4.h ****      Unions are used for effective representation of core registers.
  49:/opt/XMClib/XMC_Peripheral_Library_v2.1.16/CMSIS/Include/core_cm4.h **** 
  50:/opt/XMClib/XMC_Peripheral_Library_v2.1.16/CMSIS/Include/core_cm4.h ****    \li Advisory Rule 19.7, Function-like macro defined.<br>
  51:/opt/XMClib/XMC_Peripheral_Library_v2.1.16/CMSIS/Include/core_cm4.h ****      Function-like macros are used to allow more efficient code.
  52:/opt/XMClib/XMC_Peripheral_Library_v2.1.16/CMSIS/Include/core_cm4.h ****  */
  53:/opt/XMClib/XMC_Peripheral_Library_v2.1.16/CMSIS/Include/core_cm4.h **** 
  54:/opt/XMClib/XMC_Peripheral_Library_v2.1.16/CMSIS/Include/core_cm4.h **** 
  55:/opt/XMClib/XMC_Peripheral_Library_v2.1.16/CMSIS/Include/core_cm4.h **** /*******************************************************************************
  56:/opt/XMClib/XMC_Peripheral_Library_v2.1.16/CMSIS/Include/core_cm4.h ****  *                 CMSIS definitions
  57:/opt/XMClib/XMC_Peripheral_Library_v2.1.16/CMSIS/Include/core_cm4.h ****  ******************************************************************************/
  58:/opt/XMClib/XMC_Peripheral_Library_v2.1.16/CMSIS/Include/core_cm4.h **** /**
  59:/opt/XMClib/XMC_Peripheral_Library_v2.1.16/CMSIS/Include/core_cm4.h ****   \ingroup Cortex_M4
  60:/opt/XMClib/XMC_Peripheral_Library_v2.1.16/CMSIS/Include/core_cm4.h ****   @{
  61:/opt/XMClib/XMC_Peripheral_Library_v2.1.16/CMSIS/Include/core_cm4.h ****  */
  62:/opt/XMClib/XMC_Peripheral_Library_v2.1.16/CMSIS/Include/core_cm4.h **** 
  63:/opt/XMClib/XMC_Peripheral_Library_v2.1.16/CMSIS/Include/core_cm4.h **** /*  CMSIS CM4 definitions */
  64:/opt/XMClib/XMC_Peripheral_Library_v2.1.16/CMSIS/Include/core_cm4.h **** #define __CM4_CMSIS_VERSION_MAIN  ( 5U)                                  /*!< [31:16] CMSIS HAL mai
  65:/opt/XMClib/XMC_Peripheral_Library_v2.1.16/CMSIS/Include/core_cm4.h **** #define __CM4_CMSIS_VERSION_SUB   ( 0U)                                  /*!< [15:0]  CMSIS HAL sub
  66:/opt/XMClib/XMC_Peripheral_Library_v2.1.16/CMSIS/Include/core_cm4.h **** #define __CM4_CMSIS_VERSION       ((__CM4_CMSIS_VERSION_MAIN << 16U) | \
  67:/opt/XMClib/XMC_Peripheral_Library_v2.1.16/CMSIS/Include/core_cm4.h ****                                     __CM4_CMSIS_VERSION_SUB           )  /*!< CMSIS HAL version num
  68:/opt/XMClib/XMC_Peripheral_Library_v2.1.16/CMSIS/Include/core_cm4.h **** 
  69:/opt/XMClib/XMC_Peripheral_Library_v2.1.16/CMSIS/Include/core_cm4.h **** #define __CORTEX_M                (4U)                                   /*!< Cortex-M Core */
  70:/opt/XMClib/XMC_Peripheral_Library_v2.1.16/CMSIS/Include/core_cm4.h **** 
  71:/opt/XMClib/XMC_Peripheral_Library_v2.1.16/CMSIS/Include/core_cm4.h **** /** __FPU_USED indicates whether an FPU is used or not.
  72:/opt/XMClib/XMC_Peripheral_Library_v2.1.16/CMSIS/Include/core_cm4.h ****     For this, __FPU_PRESENT has to be checked prior to making use of FPU specific registers and fun
  73:/opt/XMClib/XMC_Peripheral_Library_v2.1.16/CMSIS/Include/core_cm4.h **** */
  74:/opt/XMClib/XMC_Peripheral_Library_v2.1.16/CMSIS/Include/core_cm4.h **** #if defined ( __CC_ARM )
  75:/opt/XMClib/XMC_Peripheral_Library_v2.1.16/CMSIS/Include/core_cm4.h ****   #if defined __TARGET_FPU_VFP
  76:/opt/XMClib/XMC_Peripheral_Library_v2.1.16/CMSIS/Include/core_cm4.h ****     #if defined (__FPU_PRESENT) && (__FPU_PRESENT == 1U)
  77:/opt/XMClib/XMC_Peripheral_Library_v2.1.16/CMSIS/Include/core_cm4.h ****       #define __FPU_USED       1U
  78:/opt/XMClib/XMC_Peripheral_Library_v2.1.16/CMSIS/Include/core_cm4.h ****     #else
  79:/opt/XMClib/XMC_Peripheral_Library_v2.1.16/CMSIS/Include/core_cm4.h ****       #error "Compiler generates FPU instructions for a device without an FPU (check __FPU_PRESENT)
  80:/opt/XMClib/XMC_Peripheral_Library_v2.1.16/CMSIS/Include/core_cm4.h ****       #define __FPU_USED       0U
  81:/opt/XMClib/XMC_Peripheral_Library_v2.1.16/CMSIS/Include/core_cm4.h ****     #endif
  82:/opt/XMClib/XMC_Peripheral_Library_v2.1.16/CMSIS/Include/core_cm4.h ****   #else
  83:/opt/XMClib/XMC_Peripheral_Library_v2.1.16/CMSIS/Include/core_cm4.h ****     #define __FPU_USED         0U
  84:/opt/XMClib/XMC_Peripheral_Library_v2.1.16/CMSIS/Include/core_cm4.h ****   #endif
  85:/opt/XMClib/XMC_Peripheral_Library_v2.1.16/CMSIS/Include/core_cm4.h **** 
  86:/opt/XMClib/XMC_Peripheral_Library_v2.1.16/CMSIS/Include/core_cm4.h **** #elif defined (__ARMCC_VERSION) && (__ARMCC_VERSION >= 6010050)
  87:/opt/XMClib/XMC_Peripheral_Library_v2.1.16/CMSIS/Include/core_cm4.h ****   #if defined __ARM_PCS_VFP
  88:/opt/XMClib/XMC_Peripheral_Library_v2.1.16/CMSIS/Include/core_cm4.h ****     #if defined (__FPU_PRESENT) && (__FPU_PRESENT == 1U)
  89:/opt/XMClib/XMC_Peripheral_Library_v2.1.16/CMSIS/Include/core_cm4.h ****       #define __FPU_USED       1U
  90:/opt/XMClib/XMC_Peripheral_Library_v2.1.16/CMSIS/Include/core_cm4.h ****     #else
  91:/opt/XMClib/XMC_Peripheral_Library_v2.1.16/CMSIS/Include/core_cm4.h ****       #warning "Compiler generates FPU instructions for a device without an FPU (check __FPU_PRESEN
  92:/opt/XMClib/XMC_Peripheral_Library_v2.1.16/CMSIS/Include/core_cm4.h ****       #define __FPU_USED       0U
  93:/opt/XMClib/XMC_Peripheral_Library_v2.1.16/CMSIS/Include/core_cm4.h ****     #endif
  94:/opt/XMClib/XMC_Peripheral_Library_v2.1.16/CMSIS/Include/core_cm4.h ****   #else
  95:/opt/XMClib/XMC_Peripheral_Library_v2.1.16/CMSIS/Include/core_cm4.h ****     #define __FPU_USED         0U
  96:/opt/XMClib/XMC_Peripheral_Library_v2.1.16/CMSIS/Include/core_cm4.h ****   #endif
  97:/opt/XMClib/XMC_Peripheral_Library_v2.1.16/CMSIS/Include/core_cm4.h **** 
  98:/opt/XMClib/XMC_Peripheral_Library_v2.1.16/CMSIS/Include/core_cm4.h **** #elif defined ( __GNUC__ )
  99:/opt/XMClib/XMC_Peripheral_Library_v2.1.16/CMSIS/Include/core_cm4.h ****   #if defined (__VFP_FP__) && !defined(__SOFTFP__)
 100:/opt/XMClib/XMC_Peripheral_Library_v2.1.16/CMSIS/Include/core_cm4.h ****     #if defined (__FPU_PRESENT) && (__FPU_PRESENT == 1U)
 101:/opt/XMClib/XMC_Peripheral_Library_v2.1.16/CMSIS/Include/core_cm4.h ****       #define __FPU_USED       1U
 102:/opt/XMClib/XMC_Peripheral_Library_v2.1.16/CMSIS/Include/core_cm4.h ****     #else
 103:/opt/XMClib/XMC_Peripheral_Library_v2.1.16/CMSIS/Include/core_cm4.h ****       #error "Compiler generates FPU instructions for a device without an FPU (check __FPU_PRESENT)
 104:/opt/XMClib/XMC_Peripheral_Library_v2.1.16/CMSIS/Include/core_cm4.h ****       #define __FPU_USED       0U
 105:/opt/XMClib/XMC_Peripheral_Library_v2.1.16/CMSIS/Include/core_cm4.h ****     #endif
 106:/opt/XMClib/XMC_Peripheral_Library_v2.1.16/CMSIS/Include/core_cm4.h ****   #else
 107:/opt/XMClib/XMC_Peripheral_Library_v2.1.16/CMSIS/Include/core_cm4.h ****     #define __FPU_USED         0U
 108:/opt/XMClib/XMC_Peripheral_Library_v2.1.16/CMSIS/Include/core_cm4.h ****   #endif
 109:/opt/XMClib/XMC_Peripheral_Library_v2.1.16/CMSIS/Include/core_cm4.h **** 
 110:/opt/XMClib/XMC_Peripheral_Library_v2.1.16/CMSIS/Include/core_cm4.h **** #elif defined ( __ICCARM__ )
 111:/opt/XMClib/XMC_Peripheral_Library_v2.1.16/CMSIS/Include/core_cm4.h ****   #if defined __ARMVFP__
 112:/opt/XMClib/XMC_Peripheral_Library_v2.1.16/CMSIS/Include/core_cm4.h ****     #if defined (__FPU_PRESENT) && (__FPU_PRESENT == 1U)
 113:/opt/XMClib/XMC_Peripheral_Library_v2.1.16/CMSIS/Include/core_cm4.h ****       #define __FPU_USED       1U
 114:/opt/XMClib/XMC_Peripheral_Library_v2.1.16/CMSIS/Include/core_cm4.h ****     #else
 115:/opt/XMClib/XMC_Peripheral_Library_v2.1.16/CMSIS/Include/core_cm4.h ****       #error "Compiler generates FPU instructions for a device without an FPU (check __FPU_PRESENT)
 116:/opt/XMClib/XMC_Peripheral_Library_v2.1.16/CMSIS/Include/core_cm4.h ****       #define __FPU_USED       0U
 117:/opt/XMClib/XMC_Peripheral_Library_v2.1.16/CMSIS/Include/core_cm4.h ****     #endif
 118:/opt/XMClib/XMC_Peripheral_Library_v2.1.16/CMSIS/Include/core_cm4.h ****   #else
 119:/opt/XMClib/XMC_Peripheral_Library_v2.1.16/CMSIS/Include/core_cm4.h ****     #define __FPU_USED         0U
 120:/opt/XMClib/XMC_Peripheral_Library_v2.1.16/CMSIS/Include/core_cm4.h ****   #endif
 121:/opt/XMClib/XMC_Peripheral_Library_v2.1.16/CMSIS/Include/core_cm4.h **** 
 122:/opt/XMClib/XMC_Peripheral_Library_v2.1.16/CMSIS/Include/core_cm4.h **** #elif defined ( __TI_ARM__ )
 123:/opt/XMClib/XMC_Peripheral_Library_v2.1.16/CMSIS/Include/core_cm4.h ****   #if defined __TI_VFP_SUPPORT__
 124:/opt/XMClib/XMC_Peripheral_Library_v2.1.16/CMSIS/Include/core_cm4.h ****     #if defined (__FPU_PRESENT) && (__FPU_PRESENT == 1U)
 125:/opt/XMClib/XMC_Peripheral_Library_v2.1.16/CMSIS/Include/core_cm4.h ****       #define __FPU_USED       1U
 126:/opt/XMClib/XMC_Peripheral_Library_v2.1.16/CMSIS/Include/core_cm4.h ****     #else
 127:/opt/XMClib/XMC_Peripheral_Library_v2.1.16/CMSIS/Include/core_cm4.h ****       #error "Compiler generates FPU instructions for a device without an FPU (check __FPU_PRESENT)
 128:/opt/XMClib/XMC_Peripheral_Library_v2.1.16/CMSIS/Include/core_cm4.h ****       #define __FPU_USED       0U
 129:/opt/XMClib/XMC_Peripheral_Library_v2.1.16/CMSIS/Include/core_cm4.h ****     #endif
 130:/opt/XMClib/XMC_Peripheral_Library_v2.1.16/CMSIS/Include/core_cm4.h ****   #else
 131:/opt/XMClib/XMC_Peripheral_Library_v2.1.16/CMSIS/Include/core_cm4.h ****     #define __FPU_USED         0U
 132:/opt/XMClib/XMC_Peripheral_Library_v2.1.16/CMSIS/Include/core_cm4.h ****   #endif
 133:/opt/XMClib/XMC_Peripheral_Library_v2.1.16/CMSIS/Include/core_cm4.h **** 
 134:/opt/XMClib/XMC_Peripheral_Library_v2.1.16/CMSIS/Include/core_cm4.h **** #elif defined ( __TASKING__ )
 135:/opt/XMClib/XMC_Peripheral_Library_v2.1.16/CMSIS/Include/core_cm4.h ****   #if defined __FPU_VFP__
 136:/opt/XMClib/XMC_Peripheral_Library_v2.1.16/CMSIS/Include/core_cm4.h ****     #if defined (__FPU_PRESENT) && (__FPU_PRESENT == 1U)
 137:/opt/XMClib/XMC_Peripheral_Library_v2.1.16/CMSIS/Include/core_cm4.h ****       #define __FPU_USED       1U
 138:/opt/XMClib/XMC_Peripheral_Library_v2.1.16/CMSIS/Include/core_cm4.h ****     #else
 139:/opt/XMClib/XMC_Peripheral_Library_v2.1.16/CMSIS/Include/core_cm4.h ****       #error "Compiler generates FPU instructions for a device without an FPU (check __FPU_PRESENT)
 140:/opt/XMClib/XMC_Peripheral_Library_v2.1.16/CMSIS/Include/core_cm4.h ****       #define __FPU_USED       0U
 141:/opt/XMClib/XMC_Peripheral_Library_v2.1.16/CMSIS/Include/core_cm4.h ****     #endif
 142:/opt/XMClib/XMC_Peripheral_Library_v2.1.16/CMSIS/Include/core_cm4.h ****   #else
 143:/opt/XMClib/XMC_Peripheral_Library_v2.1.16/CMSIS/Include/core_cm4.h ****     #define __FPU_USED         0U
 144:/opt/XMClib/XMC_Peripheral_Library_v2.1.16/CMSIS/Include/core_cm4.h ****   #endif
 145:/opt/XMClib/XMC_Peripheral_Library_v2.1.16/CMSIS/Include/core_cm4.h **** 
 146:/opt/XMClib/XMC_Peripheral_Library_v2.1.16/CMSIS/Include/core_cm4.h **** #elif defined ( __CSMC__ )
 147:/opt/XMClib/XMC_Peripheral_Library_v2.1.16/CMSIS/Include/core_cm4.h ****   #if ( __CSMC__ & 0x400U)
 148:/opt/XMClib/XMC_Peripheral_Library_v2.1.16/CMSIS/Include/core_cm4.h ****     #if defined (__FPU_PRESENT) && (__FPU_PRESENT == 1U)
 149:/opt/XMClib/XMC_Peripheral_Library_v2.1.16/CMSIS/Include/core_cm4.h ****       #define __FPU_USED       1U
 150:/opt/XMClib/XMC_Peripheral_Library_v2.1.16/CMSIS/Include/core_cm4.h ****     #else
 151:/opt/XMClib/XMC_Peripheral_Library_v2.1.16/CMSIS/Include/core_cm4.h ****       #error "Compiler generates FPU instructions for a device without an FPU (check __FPU_PRESENT)
 152:/opt/XMClib/XMC_Peripheral_Library_v2.1.16/CMSIS/Include/core_cm4.h ****       #define __FPU_USED       0U
 153:/opt/XMClib/XMC_Peripheral_Library_v2.1.16/CMSIS/Include/core_cm4.h ****     #endif
 154:/opt/XMClib/XMC_Peripheral_Library_v2.1.16/CMSIS/Include/core_cm4.h ****   #else
 155:/opt/XMClib/XMC_Peripheral_Library_v2.1.16/CMSIS/Include/core_cm4.h ****     #define __FPU_USED         0U
 156:/opt/XMClib/XMC_Peripheral_Library_v2.1.16/CMSIS/Include/core_cm4.h ****   #endif
 157:/opt/XMClib/XMC_Peripheral_Library_v2.1.16/CMSIS/Include/core_cm4.h **** 
 158:/opt/XMClib/XMC_Peripheral_Library_v2.1.16/CMSIS/Include/core_cm4.h **** #endif
 159:/opt/XMClib/XMC_Peripheral_Library_v2.1.16/CMSIS/Include/core_cm4.h **** 
 160:/opt/XMClib/XMC_Peripheral_Library_v2.1.16/CMSIS/Include/core_cm4.h **** #include "cmsis_compiler.h"               /* CMSIS compiler specific defines */
 161:/opt/XMClib/XMC_Peripheral_Library_v2.1.16/CMSIS/Include/core_cm4.h **** 
 162:/opt/XMClib/XMC_Peripheral_Library_v2.1.16/CMSIS/Include/core_cm4.h **** 
 163:/opt/XMClib/XMC_Peripheral_Library_v2.1.16/CMSIS/Include/core_cm4.h **** #ifdef __cplusplus
 164:/opt/XMClib/XMC_Peripheral_Library_v2.1.16/CMSIS/Include/core_cm4.h **** }
 165:/opt/XMClib/XMC_Peripheral_Library_v2.1.16/CMSIS/Include/core_cm4.h **** #endif
 166:/opt/XMClib/XMC_Peripheral_Library_v2.1.16/CMSIS/Include/core_cm4.h **** 
 167:/opt/XMClib/XMC_Peripheral_Library_v2.1.16/CMSIS/Include/core_cm4.h **** #endif /* __CORE_CM4_H_GENERIC */
 168:/opt/XMClib/XMC_Peripheral_Library_v2.1.16/CMSIS/Include/core_cm4.h **** 
 169:/opt/XMClib/XMC_Peripheral_Library_v2.1.16/CMSIS/Include/core_cm4.h **** #ifndef __CMSIS_GENERIC
 170:/opt/XMClib/XMC_Peripheral_Library_v2.1.16/CMSIS/Include/core_cm4.h **** 
 171:/opt/XMClib/XMC_Peripheral_Library_v2.1.16/CMSIS/Include/core_cm4.h **** #ifndef __CORE_CM4_H_DEPENDANT
 172:/opt/XMClib/XMC_Peripheral_Library_v2.1.16/CMSIS/Include/core_cm4.h **** #define __CORE_CM4_H_DEPENDANT
 173:/opt/XMClib/XMC_Peripheral_Library_v2.1.16/CMSIS/Include/core_cm4.h **** 
 174:/opt/XMClib/XMC_Peripheral_Library_v2.1.16/CMSIS/Include/core_cm4.h **** #ifdef __cplusplus
 175:/opt/XMClib/XMC_Peripheral_Library_v2.1.16/CMSIS/Include/core_cm4.h ****  extern "C" {
 176:/opt/XMClib/XMC_Peripheral_Library_v2.1.16/CMSIS/Include/core_cm4.h **** #endif
 177:/opt/XMClib/XMC_Peripheral_Library_v2.1.16/CMSIS/Include/core_cm4.h **** 
 178:/opt/XMClib/XMC_Peripheral_Library_v2.1.16/CMSIS/Include/core_cm4.h **** /* check device defines and use defaults */
 179:/opt/XMClib/XMC_Peripheral_Library_v2.1.16/CMSIS/Include/core_cm4.h **** #if defined __CHECK_DEVICE_DEFINES
 180:/opt/XMClib/XMC_Peripheral_Library_v2.1.16/CMSIS/Include/core_cm4.h ****   #ifndef __CM4_REV
 181:/opt/XMClib/XMC_Peripheral_Library_v2.1.16/CMSIS/Include/core_cm4.h ****     #define __CM4_REV               0x0000U
 182:/opt/XMClib/XMC_Peripheral_Library_v2.1.16/CMSIS/Include/core_cm4.h ****     #warning "__CM4_REV not defined in device header file; using default!"
 183:/opt/XMClib/XMC_Peripheral_Library_v2.1.16/CMSIS/Include/core_cm4.h ****   #endif
 184:/opt/XMClib/XMC_Peripheral_Library_v2.1.16/CMSIS/Include/core_cm4.h **** 
 185:/opt/XMClib/XMC_Peripheral_Library_v2.1.16/CMSIS/Include/core_cm4.h ****   #ifndef __FPU_PRESENT
 186:/opt/XMClib/XMC_Peripheral_Library_v2.1.16/CMSIS/Include/core_cm4.h ****     #define __FPU_PRESENT             0U
 187:/opt/XMClib/XMC_Peripheral_Library_v2.1.16/CMSIS/Include/core_cm4.h ****     #warning "__FPU_PRESENT not defined in device header file; using default!"
 188:/opt/XMClib/XMC_Peripheral_Library_v2.1.16/CMSIS/Include/core_cm4.h ****   #endif
 189:/opt/XMClib/XMC_Peripheral_Library_v2.1.16/CMSIS/Include/core_cm4.h **** 
 190:/opt/XMClib/XMC_Peripheral_Library_v2.1.16/CMSIS/Include/core_cm4.h ****   #ifndef __MPU_PRESENT
 191:/opt/XMClib/XMC_Peripheral_Library_v2.1.16/CMSIS/Include/core_cm4.h ****     #define __MPU_PRESENT             0U
 192:/opt/XMClib/XMC_Peripheral_Library_v2.1.16/CMSIS/Include/core_cm4.h ****     #warning "__MPU_PRESENT not defined in device header file; using default!"
 193:/opt/XMClib/XMC_Peripheral_Library_v2.1.16/CMSIS/Include/core_cm4.h ****   #endif
 194:/opt/XMClib/XMC_Peripheral_Library_v2.1.16/CMSIS/Include/core_cm4.h **** 
 195:/opt/XMClib/XMC_Peripheral_Library_v2.1.16/CMSIS/Include/core_cm4.h ****   #ifndef __NVIC_PRIO_BITS
 196:/opt/XMClib/XMC_Peripheral_Library_v2.1.16/CMSIS/Include/core_cm4.h ****     #define __NVIC_PRIO_BITS          3U
 197:/opt/XMClib/XMC_Peripheral_Library_v2.1.16/CMSIS/Include/core_cm4.h ****     #warning "__NVIC_PRIO_BITS not defined in device header file; using default!"
 198:/opt/XMClib/XMC_Peripheral_Library_v2.1.16/CMSIS/Include/core_cm4.h ****   #endif
 199:/opt/XMClib/XMC_Peripheral_Library_v2.1.16/CMSIS/Include/core_cm4.h **** 
 200:/opt/XMClib/XMC_Peripheral_Library_v2.1.16/CMSIS/Include/core_cm4.h ****   #ifndef __Vendor_SysTickConfig
 201:/opt/XMClib/XMC_Peripheral_Library_v2.1.16/CMSIS/Include/core_cm4.h ****     #define __Vendor_SysTickConfig    0U
 202:/opt/XMClib/XMC_Peripheral_Library_v2.1.16/CMSIS/Include/core_cm4.h ****     #warning "__Vendor_SysTickConfig not defined in device header file; using default!"
 203:/opt/XMClib/XMC_Peripheral_Library_v2.1.16/CMSIS/Include/core_cm4.h ****   #endif
 204:/opt/XMClib/XMC_Peripheral_Library_v2.1.16/CMSIS/Include/core_cm4.h **** #endif
 205:/opt/XMClib/XMC_Peripheral_Library_v2.1.16/CMSIS/Include/core_cm4.h **** 
 206:/opt/XMClib/XMC_Peripheral_Library_v2.1.16/CMSIS/Include/core_cm4.h **** /* IO definitions (access restrictions to peripheral registers) */
 207:/opt/XMClib/XMC_Peripheral_Library_v2.1.16/CMSIS/Include/core_cm4.h **** /**
 208:/opt/XMClib/XMC_Peripheral_Library_v2.1.16/CMSIS/Include/core_cm4.h ****     \defgroup CMSIS_glob_defs CMSIS Global Defines
 209:/opt/XMClib/XMC_Peripheral_Library_v2.1.16/CMSIS/Include/core_cm4.h **** 
 210:/opt/XMClib/XMC_Peripheral_Library_v2.1.16/CMSIS/Include/core_cm4.h ****     <strong>IO Type Qualifiers</strong> are used
 211:/opt/XMClib/XMC_Peripheral_Library_v2.1.16/CMSIS/Include/core_cm4.h ****     \li to specify the access to peripheral variables.
 212:/opt/XMClib/XMC_Peripheral_Library_v2.1.16/CMSIS/Include/core_cm4.h ****     \li for automatic generation of peripheral register debug information.
 213:/opt/XMClib/XMC_Peripheral_Library_v2.1.16/CMSIS/Include/core_cm4.h **** */
 214:/opt/XMClib/XMC_Peripheral_Library_v2.1.16/CMSIS/Include/core_cm4.h **** #ifdef __cplusplus
 215:/opt/XMClib/XMC_Peripheral_Library_v2.1.16/CMSIS/Include/core_cm4.h ****   #define   __I     volatile             /*!< Defines 'read only' permissions */
 216:/opt/XMClib/XMC_Peripheral_Library_v2.1.16/CMSIS/Include/core_cm4.h **** #else
 217:/opt/XMClib/XMC_Peripheral_Library_v2.1.16/CMSIS/Include/core_cm4.h ****   #define   __I     volatile const       /*!< Defines 'read only' permissions */
 218:/opt/XMClib/XMC_Peripheral_Library_v2.1.16/CMSIS/Include/core_cm4.h **** #endif
 219:/opt/XMClib/XMC_Peripheral_Library_v2.1.16/CMSIS/Include/core_cm4.h **** #define     __O     volatile             /*!< Defines 'write only' permissions */
 220:/opt/XMClib/XMC_Peripheral_Library_v2.1.16/CMSIS/Include/core_cm4.h **** #define     __IO    volatile             /*!< Defines 'read / write' permissions */
 221:/opt/XMClib/XMC_Peripheral_Library_v2.1.16/CMSIS/Include/core_cm4.h **** 
 222:/opt/XMClib/XMC_Peripheral_Library_v2.1.16/CMSIS/Include/core_cm4.h **** /* following defines should be used for structure members */
 223:/opt/XMClib/XMC_Peripheral_Library_v2.1.16/CMSIS/Include/core_cm4.h **** #define     __IM     volatile const      /*! Defines 'read only' structure member permissions */
 224:/opt/XMClib/XMC_Peripheral_Library_v2.1.16/CMSIS/Include/core_cm4.h **** #define     __OM     volatile            /*! Defines 'write only' structure member permissions */
 225:/opt/XMClib/XMC_Peripheral_Library_v2.1.16/CMSIS/Include/core_cm4.h **** #define     __IOM    volatile            /*! Defines 'read / write' structure member permissions */
 226:/opt/XMClib/XMC_Peripheral_Library_v2.1.16/CMSIS/Include/core_cm4.h **** 
 227:/opt/XMClib/XMC_Peripheral_Library_v2.1.16/CMSIS/Include/core_cm4.h **** /*@} end of group Cortex_M4 */
 228:/opt/XMClib/XMC_Peripheral_Library_v2.1.16/CMSIS/Include/core_cm4.h **** 
 229:/opt/XMClib/XMC_Peripheral_Library_v2.1.16/CMSIS/Include/core_cm4.h **** 
 230:/opt/XMClib/XMC_Peripheral_Library_v2.1.16/CMSIS/Include/core_cm4.h **** 
 231:/opt/XMClib/XMC_Peripheral_Library_v2.1.16/CMSIS/Include/core_cm4.h **** /*******************************************************************************
 232:/opt/XMClib/XMC_Peripheral_Library_v2.1.16/CMSIS/Include/core_cm4.h ****  *                 Register Abstraction
 233:/opt/XMClib/XMC_Peripheral_Library_v2.1.16/CMSIS/Include/core_cm4.h ****   Core Register contain:
 234:/opt/XMClib/XMC_Peripheral_Library_v2.1.16/CMSIS/Include/core_cm4.h ****   - Core Register
 235:/opt/XMClib/XMC_Peripheral_Library_v2.1.16/CMSIS/Include/core_cm4.h ****   - Core NVIC Register
 236:/opt/XMClib/XMC_Peripheral_Library_v2.1.16/CMSIS/Include/core_cm4.h ****   - Core SCB Register
 237:/opt/XMClib/XMC_Peripheral_Library_v2.1.16/CMSIS/Include/core_cm4.h ****   - Core SysTick Register
 238:/opt/XMClib/XMC_Peripheral_Library_v2.1.16/CMSIS/Include/core_cm4.h ****   - Core Debug Register
 239:/opt/XMClib/XMC_Peripheral_Library_v2.1.16/CMSIS/Include/core_cm4.h ****   - Core MPU Register
 240:/opt/XMClib/XMC_Peripheral_Library_v2.1.16/CMSIS/Include/core_cm4.h ****   - Core FPU Register
 241:/opt/XMClib/XMC_Peripheral_Library_v2.1.16/CMSIS/Include/core_cm4.h ****  ******************************************************************************/
 242:/opt/XMClib/XMC_Peripheral_Library_v2.1.16/CMSIS/Include/core_cm4.h **** /**
 243:/opt/XMClib/XMC_Peripheral_Library_v2.1.16/CMSIS/Include/core_cm4.h ****   \defgroup CMSIS_core_register Defines and Type Definitions
 244:/opt/XMClib/XMC_Peripheral_Library_v2.1.16/CMSIS/Include/core_cm4.h ****   \brief Type definitions and defines for Cortex-M processor based devices.
 245:/opt/XMClib/XMC_Peripheral_Library_v2.1.16/CMSIS/Include/core_cm4.h **** */
 246:/opt/XMClib/XMC_Peripheral_Library_v2.1.16/CMSIS/Include/core_cm4.h **** 
 247:/opt/XMClib/XMC_Peripheral_Library_v2.1.16/CMSIS/Include/core_cm4.h **** /**
 248:/opt/XMClib/XMC_Peripheral_Library_v2.1.16/CMSIS/Include/core_cm4.h ****   \ingroup    CMSIS_core_register
 249:/opt/XMClib/XMC_Peripheral_Library_v2.1.16/CMSIS/Include/core_cm4.h ****   \defgroup   CMSIS_CORE  Status and Control Registers
 250:/opt/XMClib/XMC_Peripheral_Library_v2.1.16/CMSIS/Include/core_cm4.h ****   \brief      Core Register type definitions.
 251:/opt/XMClib/XMC_Peripheral_Library_v2.1.16/CMSIS/Include/core_cm4.h ****   @{
 252:/opt/XMClib/XMC_Peripheral_Library_v2.1.16/CMSIS/Include/core_cm4.h ****  */
 253:/opt/XMClib/XMC_Peripheral_Library_v2.1.16/CMSIS/Include/core_cm4.h **** 
 254:/opt/XMClib/XMC_Peripheral_Library_v2.1.16/CMSIS/Include/core_cm4.h **** /**
 255:/opt/XMClib/XMC_Peripheral_Library_v2.1.16/CMSIS/Include/core_cm4.h ****   \brief  Union type to access the Application Program Status Register (APSR).
 256:/opt/XMClib/XMC_Peripheral_Library_v2.1.16/CMSIS/Include/core_cm4.h ****  */
 257:/opt/XMClib/XMC_Peripheral_Library_v2.1.16/CMSIS/Include/core_cm4.h **** typedef union
 258:/opt/XMClib/XMC_Peripheral_Library_v2.1.16/CMSIS/Include/core_cm4.h **** {
 259:/opt/XMClib/XMC_Peripheral_Library_v2.1.16/CMSIS/Include/core_cm4.h ****   struct
 260:/opt/XMClib/XMC_Peripheral_Library_v2.1.16/CMSIS/Include/core_cm4.h ****   {
 261:/opt/XMClib/XMC_Peripheral_Library_v2.1.16/CMSIS/Include/core_cm4.h ****     uint32_t _reserved0:16;              /*!< bit:  0..15  Reserved */
 262:/opt/XMClib/XMC_Peripheral_Library_v2.1.16/CMSIS/Include/core_cm4.h ****     uint32_t GE:4;                       /*!< bit: 16..19  Greater than or Equal flags */
 263:/opt/XMClib/XMC_Peripheral_Library_v2.1.16/CMSIS/Include/core_cm4.h ****     uint32_t _reserved1:7;               /*!< bit: 20..26  Reserved */
 264:/opt/XMClib/XMC_Peripheral_Library_v2.1.16/CMSIS/Include/core_cm4.h ****     uint32_t Q:1;                        /*!< bit:     27  Saturation condition flag */
 265:/opt/XMClib/XMC_Peripheral_Library_v2.1.16/CMSIS/Include/core_cm4.h ****     uint32_t V:1;                        /*!< bit:     28  Overflow condition code flag */
 266:/opt/XMClib/XMC_Peripheral_Library_v2.1.16/CMSIS/Include/core_cm4.h ****     uint32_t C:1;                        /*!< bit:     29  Carry condition code flag */
 267:/opt/XMClib/XMC_Peripheral_Library_v2.1.16/CMSIS/Include/core_cm4.h ****     uint32_t Z:1;                        /*!< bit:     30  Zero condition code flag */
 268:/opt/XMClib/XMC_Peripheral_Library_v2.1.16/CMSIS/Include/core_cm4.h ****     uint32_t N:1;                        /*!< bit:     31  Negative condition code flag */
 269:/opt/XMClib/XMC_Peripheral_Library_v2.1.16/CMSIS/Include/core_cm4.h ****   } b;                                   /*!< Structure used for bit  access */
 270:/opt/XMClib/XMC_Peripheral_Library_v2.1.16/CMSIS/Include/core_cm4.h ****   uint32_t w;                            /*!< Type      used for word access */
 271:/opt/XMClib/XMC_Peripheral_Library_v2.1.16/CMSIS/Include/core_cm4.h **** } APSR_Type;
 272:/opt/XMClib/XMC_Peripheral_Library_v2.1.16/CMSIS/Include/core_cm4.h **** 
 273:/opt/XMClib/XMC_Peripheral_Library_v2.1.16/CMSIS/Include/core_cm4.h **** /* APSR Register Definitions */
 274:/opt/XMClib/XMC_Peripheral_Library_v2.1.16/CMSIS/Include/core_cm4.h **** #define APSR_N_Pos                         31U                                            /*!< APSR
 275:/opt/XMClib/XMC_Peripheral_Library_v2.1.16/CMSIS/Include/core_cm4.h **** #define APSR_N_Msk                         (1UL << APSR_N_Pos)                            /*!< APSR
 276:/opt/XMClib/XMC_Peripheral_Library_v2.1.16/CMSIS/Include/core_cm4.h **** 
 277:/opt/XMClib/XMC_Peripheral_Library_v2.1.16/CMSIS/Include/core_cm4.h **** #define APSR_Z_Pos                         30U                                            /*!< APSR
 278:/opt/XMClib/XMC_Peripheral_Library_v2.1.16/CMSIS/Include/core_cm4.h **** #define APSR_Z_Msk                         (1UL << APSR_Z_Pos)                            /*!< APSR
 279:/opt/XMClib/XMC_Peripheral_Library_v2.1.16/CMSIS/Include/core_cm4.h **** 
 280:/opt/XMClib/XMC_Peripheral_Library_v2.1.16/CMSIS/Include/core_cm4.h **** #define APSR_C_Pos                         29U                                            /*!< APSR
 281:/opt/XMClib/XMC_Peripheral_Library_v2.1.16/CMSIS/Include/core_cm4.h **** #define APSR_C_Msk                         (1UL << APSR_C_Pos)                            /*!< APSR
 282:/opt/XMClib/XMC_Peripheral_Library_v2.1.16/CMSIS/Include/core_cm4.h **** 
 283:/opt/XMClib/XMC_Peripheral_Library_v2.1.16/CMSIS/Include/core_cm4.h **** #define APSR_V_Pos                         28U                                            /*!< APSR
 284:/opt/XMClib/XMC_Peripheral_Library_v2.1.16/CMSIS/Include/core_cm4.h **** #define APSR_V_Msk                         (1UL << APSR_V_Pos)                            /*!< APSR
 285:/opt/XMClib/XMC_Peripheral_Library_v2.1.16/CMSIS/Include/core_cm4.h **** 
 286:/opt/XMClib/XMC_Peripheral_Library_v2.1.16/CMSIS/Include/core_cm4.h **** #define APSR_Q_Pos                         27U                                            /*!< APSR
 287:/opt/XMClib/XMC_Peripheral_Library_v2.1.16/CMSIS/Include/core_cm4.h **** #define APSR_Q_Msk                         (1UL << APSR_Q_Pos)                            /*!< APSR
 288:/opt/XMClib/XMC_Peripheral_Library_v2.1.16/CMSIS/Include/core_cm4.h **** 
 289:/opt/XMClib/XMC_Peripheral_Library_v2.1.16/CMSIS/Include/core_cm4.h **** #define APSR_GE_Pos                        16U                                            /*!< APSR
 290:/opt/XMClib/XMC_Peripheral_Library_v2.1.16/CMSIS/Include/core_cm4.h **** #define APSR_GE_Msk                        (0xFUL << APSR_GE_Pos)                         /*!< APSR
 291:/opt/XMClib/XMC_Peripheral_Library_v2.1.16/CMSIS/Include/core_cm4.h **** 
 292:/opt/XMClib/XMC_Peripheral_Library_v2.1.16/CMSIS/Include/core_cm4.h **** 
 293:/opt/XMClib/XMC_Peripheral_Library_v2.1.16/CMSIS/Include/core_cm4.h **** /**
 294:/opt/XMClib/XMC_Peripheral_Library_v2.1.16/CMSIS/Include/core_cm4.h ****   \brief  Union type to access the Interrupt Program Status Register (IPSR).
 295:/opt/XMClib/XMC_Peripheral_Library_v2.1.16/CMSIS/Include/core_cm4.h ****  */
 296:/opt/XMClib/XMC_Peripheral_Library_v2.1.16/CMSIS/Include/core_cm4.h **** typedef union
 297:/opt/XMClib/XMC_Peripheral_Library_v2.1.16/CMSIS/Include/core_cm4.h **** {
 298:/opt/XMClib/XMC_Peripheral_Library_v2.1.16/CMSIS/Include/core_cm4.h ****   struct
 299:/opt/XMClib/XMC_Peripheral_Library_v2.1.16/CMSIS/Include/core_cm4.h ****   {
 300:/opt/XMClib/XMC_Peripheral_Library_v2.1.16/CMSIS/Include/core_cm4.h ****     uint32_t ISR:9;                      /*!< bit:  0.. 8  Exception number */
 301:/opt/XMClib/XMC_Peripheral_Library_v2.1.16/CMSIS/Include/core_cm4.h ****     uint32_t _reserved0:23;              /*!< bit:  9..31  Reserved */
 302:/opt/XMClib/XMC_Peripheral_Library_v2.1.16/CMSIS/Include/core_cm4.h ****   } b;                                   /*!< Structure used for bit  access */
 303:/opt/XMClib/XMC_Peripheral_Library_v2.1.16/CMSIS/Include/core_cm4.h ****   uint32_t w;                            /*!< Type      used for word access */
 304:/opt/XMClib/XMC_Peripheral_Library_v2.1.16/CMSIS/Include/core_cm4.h **** } IPSR_Type;
 305:/opt/XMClib/XMC_Peripheral_Library_v2.1.16/CMSIS/Include/core_cm4.h **** 
 306:/opt/XMClib/XMC_Peripheral_Library_v2.1.16/CMSIS/Include/core_cm4.h **** /* IPSR Register Definitions */
 307:/opt/XMClib/XMC_Peripheral_Library_v2.1.16/CMSIS/Include/core_cm4.h **** #define IPSR_ISR_Pos                        0U                                            /*!< IPSR
 308:/opt/XMClib/XMC_Peripheral_Library_v2.1.16/CMSIS/Include/core_cm4.h **** #define IPSR_ISR_Msk                       (0x1FFUL /*<< IPSR_ISR_Pos*/)                  /*!< IPSR
 309:/opt/XMClib/XMC_Peripheral_Library_v2.1.16/CMSIS/Include/core_cm4.h **** 
 310:/opt/XMClib/XMC_Peripheral_Library_v2.1.16/CMSIS/Include/core_cm4.h **** 
 311:/opt/XMClib/XMC_Peripheral_Library_v2.1.16/CMSIS/Include/core_cm4.h **** /**
 312:/opt/XMClib/XMC_Peripheral_Library_v2.1.16/CMSIS/Include/core_cm4.h ****   \brief  Union type to access the Special-Purpose Program Status Registers (xPSR).
 313:/opt/XMClib/XMC_Peripheral_Library_v2.1.16/CMSIS/Include/core_cm4.h ****  */
 314:/opt/XMClib/XMC_Peripheral_Library_v2.1.16/CMSIS/Include/core_cm4.h **** typedef union
 315:/opt/XMClib/XMC_Peripheral_Library_v2.1.16/CMSIS/Include/core_cm4.h **** {
 316:/opt/XMClib/XMC_Peripheral_Library_v2.1.16/CMSIS/Include/core_cm4.h ****   struct
 317:/opt/XMClib/XMC_Peripheral_Library_v2.1.16/CMSIS/Include/core_cm4.h ****   {
 318:/opt/XMClib/XMC_Peripheral_Library_v2.1.16/CMSIS/Include/core_cm4.h ****     uint32_t ISR:9;                      /*!< bit:  0.. 8  Exception number */
 319:/opt/XMClib/XMC_Peripheral_Library_v2.1.16/CMSIS/Include/core_cm4.h ****     uint32_t _reserved0:1;               /*!< bit:      9  Reserved */
 320:/opt/XMClib/XMC_Peripheral_Library_v2.1.16/CMSIS/Include/core_cm4.h ****     uint32_t ICI_IT_1:6;                 /*!< bit: 10..15  ICI/IT part 1 */
 321:/opt/XMClib/XMC_Peripheral_Library_v2.1.16/CMSIS/Include/core_cm4.h ****     uint32_t GE:4;                       /*!< bit: 16..19  Greater than or Equal flags */
 322:/opt/XMClib/XMC_Peripheral_Library_v2.1.16/CMSIS/Include/core_cm4.h ****     uint32_t _reserved1:4;               /*!< bit: 20..23  Reserved */
 323:/opt/XMClib/XMC_Peripheral_Library_v2.1.16/CMSIS/Include/core_cm4.h ****     uint32_t T:1;                        /*!< bit:     24  Thumb bit */
 324:/opt/XMClib/XMC_Peripheral_Library_v2.1.16/CMSIS/Include/core_cm4.h ****     uint32_t ICI_IT_2:2;                 /*!< bit: 25..26  ICI/IT part 2 */
 325:/opt/XMClib/XMC_Peripheral_Library_v2.1.16/CMSIS/Include/core_cm4.h ****     uint32_t Q:1;                        /*!< bit:     27  Saturation condition flag */
 326:/opt/XMClib/XMC_Peripheral_Library_v2.1.16/CMSIS/Include/core_cm4.h ****     uint32_t V:1;                        /*!< bit:     28  Overflow condition code flag */
 327:/opt/XMClib/XMC_Peripheral_Library_v2.1.16/CMSIS/Include/core_cm4.h ****     uint32_t C:1;                        /*!< bit:     29  Carry condition code flag */
 328:/opt/XMClib/XMC_Peripheral_Library_v2.1.16/CMSIS/Include/core_cm4.h ****     uint32_t Z:1;                        /*!< bit:     30  Zero condition code flag */
 329:/opt/XMClib/XMC_Peripheral_Library_v2.1.16/CMSIS/Include/core_cm4.h ****     uint32_t N:1;                        /*!< bit:     31  Negative condition code flag */
 330:/opt/XMClib/XMC_Peripheral_Library_v2.1.16/CMSIS/Include/core_cm4.h ****   } b;                                   /*!< Structure used for bit  access */
 331:/opt/XMClib/XMC_Peripheral_Library_v2.1.16/CMSIS/Include/core_cm4.h ****   uint32_t w;                            /*!< Type      used for word access */
 332:/opt/XMClib/XMC_Peripheral_Library_v2.1.16/CMSIS/Include/core_cm4.h **** } xPSR_Type;
 333:/opt/XMClib/XMC_Peripheral_Library_v2.1.16/CMSIS/Include/core_cm4.h **** 
 334:/opt/XMClib/XMC_Peripheral_Library_v2.1.16/CMSIS/Include/core_cm4.h **** /* xPSR Register Definitions */
 335:/opt/XMClib/XMC_Peripheral_Library_v2.1.16/CMSIS/Include/core_cm4.h **** #define xPSR_N_Pos                         31U                                            /*!< xPSR
 336:/opt/XMClib/XMC_Peripheral_Library_v2.1.16/CMSIS/Include/core_cm4.h **** #define xPSR_N_Msk                         (1UL << xPSR_N_Pos)                            /*!< xPSR
 337:/opt/XMClib/XMC_Peripheral_Library_v2.1.16/CMSIS/Include/core_cm4.h **** 
 338:/opt/XMClib/XMC_Peripheral_Library_v2.1.16/CMSIS/Include/core_cm4.h **** #define xPSR_Z_Pos                         30U                                            /*!< xPSR
 339:/opt/XMClib/XMC_Peripheral_Library_v2.1.16/CMSIS/Include/core_cm4.h **** #define xPSR_Z_Msk                         (1UL << xPSR_Z_Pos)                            /*!< xPSR
 340:/opt/XMClib/XMC_Peripheral_Library_v2.1.16/CMSIS/Include/core_cm4.h **** 
 341:/opt/XMClib/XMC_Peripheral_Library_v2.1.16/CMSIS/Include/core_cm4.h **** #define xPSR_C_Pos                         29U                                            /*!< xPSR
 342:/opt/XMClib/XMC_Peripheral_Library_v2.1.16/CMSIS/Include/core_cm4.h **** #define xPSR_C_Msk                         (1UL << xPSR_C_Pos)                            /*!< xPSR
 343:/opt/XMClib/XMC_Peripheral_Library_v2.1.16/CMSIS/Include/core_cm4.h **** 
 344:/opt/XMClib/XMC_Peripheral_Library_v2.1.16/CMSIS/Include/core_cm4.h **** #define xPSR_V_Pos                         28U                                            /*!< xPSR
 345:/opt/XMClib/XMC_Peripheral_Library_v2.1.16/CMSIS/Include/core_cm4.h **** #define xPSR_V_Msk                         (1UL << xPSR_V_Pos)                            /*!< xPSR
 346:/opt/XMClib/XMC_Peripheral_Library_v2.1.16/CMSIS/Include/core_cm4.h **** 
 347:/opt/XMClib/XMC_Peripheral_Library_v2.1.16/CMSIS/Include/core_cm4.h **** #define xPSR_Q_Pos                         27U                                            /*!< xPSR
 348:/opt/XMClib/XMC_Peripheral_Library_v2.1.16/CMSIS/Include/core_cm4.h **** #define xPSR_Q_Msk                         (1UL << xPSR_Q_Pos)                            /*!< xPSR
 349:/opt/XMClib/XMC_Peripheral_Library_v2.1.16/CMSIS/Include/core_cm4.h **** 
 350:/opt/XMClib/XMC_Peripheral_Library_v2.1.16/CMSIS/Include/core_cm4.h **** #define xPSR_ICI_IT_2_Pos                  25U                                            /*!< xPSR
 351:/opt/XMClib/XMC_Peripheral_Library_v2.1.16/CMSIS/Include/core_cm4.h **** #define xPSR_ICI_IT_2_Msk                  (3UL << xPSR_ICI_IT_2_Pos)                     /*!< xPSR
 352:/opt/XMClib/XMC_Peripheral_Library_v2.1.16/CMSIS/Include/core_cm4.h **** 
 353:/opt/XMClib/XMC_Peripheral_Library_v2.1.16/CMSIS/Include/core_cm4.h **** #define xPSR_T_Pos                         24U                                            /*!< xPSR
 354:/opt/XMClib/XMC_Peripheral_Library_v2.1.16/CMSIS/Include/core_cm4.h **** #define xPSR_T_Msk                         (1UL << xPSR_T_Pos)                            /*!< xPSR
 355:/opt/XMClib/XMC_Peripheral_Library_v2.1.16/CMSIS/Include/core_cm4.h **** 
 356:/opt/XMClib/XMC_Peripheral_Library_v2.1.16/CMSIS/Include/core_cm4.h **** #define xPSR_GE_Pos                        16U                                            /*!< xPSR
 357:/opt/XMClib/XMC_Peripheral_Library_v2.1.16/CMSIS/Include/core_cm4.h **** #define xPSR_GE_Msk                        (0xFUL << xPSR_GE_Pos)                         /*!< xPSR
 358:/opt/XMClib/XMC_Peripheral_Library_v2.1.16/CMSIS/Include/core_cm4.h **** 
 359:/opt/XMClib/XMC_Peripheral_Library_v2.1.16/CMSIS/Include/core_cm4.h **** #define xPSR_ICI_IT_1_Pos                  10U                                            /*!< xPSR
 360:/opt/XMClib/XMC_Peripheral_Library_v2.1.16/CMSIS/Include/core_cm4.h **** #define xPSR_ICI_IT_1_Msk                  (0x3FUL << xPSR_ICI_IT_1_Pos)                  /*!< xPSR
 361:/opt/XMClib/XMC_Peripheral_Library_v2.1.16/CMSIS/Include/core_cm4.h **** 
 362:/opt/XMClib/XMC_Peripheral_Library_v2.1.16/CMSIS/Include/core_cm4.h **** #define xPSR_ISR_Pos                        0U                                            /*!< xPSR
 363:/opt/XMClib/XMC_Peripheral_Library_v2.1.16/CMSIS/Include/core_cm4.h **** #define xPSR_ISR_Msk                       (0x1FFUL /*<< xPSR_ISR_Pos*/)                  /*!< xPSR
 364:/opt/XMClib/XMC_Peripheral_Library_v2.1.16/CMSIS/Include/core_cm4.h **** 
 365:/opt/XMClib/XMC_Peripheral_Library_v2.1.16/CMSIS/Include/core_cm4.h **** 
 366:/opt/XMClib/XMC_Peripheral_Library_v2.1.16/CMSIS/Include/core_cm4.h **** /**
 367:/opt/XMClib/XMC_Peripheral_Library_v2.1.16/CMSIS/Include/core_cm4.h ****   \brief  Union type to access the Control Registers (CONTROL).
 368:/opt/XMClib/XMC_Peripheral_Library_v2.1.16/CMSIS/Include/core_cm4.h ****  */
 369:/opt/XMClib/XMC_Peripheral_Library_v2.1.16/CMSIS/Include/core_cm4.h **** typedef union
 370:/opt/XMClib/XMC_Peripheral_Library_v2.1.16/CMSIS/Include/core_cm4.h **** {
 371:/opt/XMClib/XMC_Peripheral_Library_v2.1.16/CMSIS/Include/core_cm4.h ****   struct
 372:/opt/XMClib/XMC_Peripheral_Library_v2.1.16/CMSIS/Include/core_cm4.h ****   {
 373:/opt/XMClib/XMC_Peripheral_Library_v2.1.16/CMSIS/Include/core_cm4.h ****     uint32_t nPRIV:1;                    /*!< bit:      0  Execution privilege in Thread mode */
 374:/opt/XMClib/XMC_Peripheral_Library_v2.1.16/CMSIS/Include/core_cm4.h ****     uint32_t SPSEL:1;                    /*!< bit:      1  Stack to be used */
 375:/opt/XMClib/XMC_Peripheral_Library_v2.1.16/CMSIS/Include/core_cm4.h ****     uint32_t FPCA:1;                     /*!< bit:      2  FP extension active flag */
 376:/opt/XMClib/XMC_Peripheral_Library_v2.1.16/CMSIS/Include/core_cm4.h ****     uint32_t _reserved0:29;              /*!< bit:  3..31  Reserved */
 377:/opt/XMClib/XMC_Peripheral_Library_v2.1.16/CMSIS/Include/core_cm4.h ****   } b;                                   /*!< Structure used for bit  access */
 378:/opt/XMClib/XMC_Peripheral_Library_v2.1.16/CMSIS/Include/core_cm4.h ****   uint32_t w;                            /*!< Type      used for word access */
 379:/opt/XMClib/XMC_Peripheral_Library_v2.1.16/CMSIS/Include/core_cm4.h **** } CONTROL_Type;
 380:/opt/XMClib/XMC_Peripheral_Library_v2.1.16/CMSIS/Include/core_cm4.h **** 
 381:/opt/XMClib/XMC_Peripheral_Library_v2.1.16/CMSIS/Include/core_cm4.h **** /* CONTROL Register Definitions */
 382:/opt/XMClib/XMC_Peripheral_Library_v2.1.16/CMSIS/Include/core_cm4.h **** #define CONTROL_FPCA_Pos                    2U                                            /*!< CONT
 383:/opt/XMClib/XMC_Peripheral_Library_v2.1.16/CMSIS/Include/core_cm4.h **** #define CONTROL_FPCA_Msk                   (1UL << CONTROL_FPCA_Pos)                      /*!< CONT
 384:/opt/XMClib/XMC_Peripheral_Library_v2.1.16/CMSIS/Include/core_cm4.h **** 
 385:/opt/XMClib/XMC_Peripheral_Library_v2.1.16/CMSIS/Include/core_cm4.h **** #define CONTROL_SPSEL_Pos                   1U                                            /*!< CONT
 386:/opt/XMClib/XMC_Peripheral_Library_v2.1.16/CMSIS/Include/core_cm4.h **** #define CONTROL_SPSEL_Msk                  (1UL << CONTROL_SPSEL_Pos)                     /*!< CONT
 387:/opt/XMClib/XMC_Peripheral_Library_v2.1.16/CMSIS/Include/core_cm4.h **** 
 388:/opt/XMClib/XMC_Peripheral_Library_v2.1.16/CMSIS/Include/core_cm4.h **** #define CONTROL_nPRIV_Pos                   0U                                            /*!< CONT
 389:/opt/XMClib/XMC_Peripheral_Library_v2.1.16/CMSIS/Include/core_cm4.h **** #define CONTROL_nPRIV_Msk                  (1UL /*<< CONTROL_nPRIV_Pos*/)                 /*!< CONT
 390:/opt/XMClib/XMC_Peripheral_Library_v2.1.16/CMSIS/Include/core_cm4.h **** 
 391:/opt/XMClib/XMC_Peripheral_Library_v2.1.16/CMSIS/Include/core_cm4.h **** /*@} end of group CMSIS_CORE */
 392:/opt/XMClib/XMC_Peripheral_Library_v2.1.16/CMSIS/Include/core_cm4.h **** 
 393:/opt/XMClib/XMC_Peripheral_Library_v2.1.16/CMSIS/Include/core_cm4.h **** 
 394:/opt/XMClib/XMC_Peripheral_Library_v2.1.16/CMSIS/Include/core_cm4.h **** /**
 395:/opt/XMClib/XMC_Peripheral_Library_v2.1.16/CMSIS/Include/core_cm4.h ****   \ingroup    CMSIS_core_register
 396:/opt/XMClib/XMC_Peripheral_Library_v2.1.16/CMSIS/Include/core_cm4.h ****   \defgroup   CMSIS_NVIC  Nested Vectored Interrupt Controller (NVIC)
 397:/opt/XMClib/XMC_Peripheral_Library_v2.1.16/CMSIS/Include/core_cm4.h ****   \brief      Type definitions for the NVIC Registers
 398:/opt/XMClib/XMC_Peripheral_Library_v2.1.16/CMSIS/Include/core_cm4.h ****   @{
 399:/opt/XMClib/XMC_Peripheral_Library_v2.1.16/CMSIS/Include/core_cm4.h ****  */
 400:/opt/XMClib/XMC_Peripheral_Library_v2.1.16/CMSIS/Include/core_cm4.h **** 
 401:/opt/XMClib/XMC_Peripheral_Library_v2.1.16/CMSIS/Include/core_cm4.h **** /**
 402:/opt/XMClib/XMC_Peripheral_Library_v2.1.16/CMSIS/Include/core_cm4.h ****   \brief  Structure type to access the Nested Vectored Interrupt Controller (NVIC).
 403:/opt/XMClib/XMC_Peripheral_Library_v2.1.16/CMSIS/Include/core_cm4.h ****  */
 404:/opt/XMClib/XMC_Peripheral_Library_v2.1.16/CMSIS/Include/core_cm4.h **** typedef struct
 405:/opt/XMClib/XMC_Peripheral_Library_v2.1.16/CMSIS/Include/core_cm4.h **** {
 406:/opt/XMClib/XMC_Peripheral_Library_v2.1.16/CMSIS/Include/core_cm4.h ****   __IOM uint32_t ISER[8U];               /*!< Offset: 0x000 (R/W)  Interrupt Set Enable Register */
 407:/opt/XMClib/XMC_Peripheral_Library_v2.1.16/CMSIS/Include/core_cm4.h ****         uint32_t RESERVED0[24U];
 408:/opt/XMClib/XMC_Peripheral_Library_v2.1.16/CMSIS/Include/core_cm4.h ****   __IOM uint32_t ICER[8U];               /*!< Offset: 0x080 (R/W)  Interrupt Clear Enable Register 
 409:/opt/XMClib/XMC_Peripheral_Library_v2.1.16/CMSIS/Include/core_cm4.h ****         uint32_t RSERVED1[24U];
 410:/opt/XMClib/XMC_Peripheral_Library_v2.1.16/CMSIS/Include/core_cm4.h ****   __IOM uint32_t ISPR[8U];               /*!< Offset: 0x100 (R/W)  Interrupt Set Pending Register *
 411:/opt/XMClib/XMC_Peripheral_Library_v2.1.16/CMSIS/Include/core_cm4.h ****         uint32_t RESERVED2[24U];
 412:/opt/XMClib/XMC_Peripheral_Library_v2.1.16/CMSIS/Include/core_cm4.h ****   __IOM uint32_t ICPR[8U];               /*!< Offset: 0x180 (R/W)  Interrupt Clear Pending Register
 413:/opt/XMClib/XMC_Peripheral_Library_v2.1.16/CMSIS/Include/core_cm4.h ****         uint32_t RESERVED3[24U];
 414:/opt/XMClib/XMC_Peripheral_Library_v2.1.16/CMSIS/Include/core_cm4.h ****   __IOM uint32_t IABR[8U];               /*!< Offset: 0x200 (R/W)  Interrupt Active bit Register */
 415:/opt/XMClib/XMC_Peripheral_Library_v2.1.16/CMSIS/Include/core_cm4.h ****         uint32_t RESERVED4[56U];
 416:/opt/XMClib/XMC_Peripheral_Library_v2.1.16/CMSIS/Include/core_cm4.h ****   __IOM uint8_t  IP[240U];               /*!< Offset: 0x300 (R/W)  Interrupt Priority Register (8Bi
 417:/opt/XMClib/XMC_Peripheral_Library_v2.1.16/CMSIS/Include/core_cm4.h ****         uint32_t RESERVED5[644U];
 418:/opt/XMClib/XMC_Peripheral_Library_v2.1.16/CMSIS/Include/core_cm4.h ****   __OM  uint32_t STIR;                   /*!< Offset: 0xE00 ( /W)  Software Trigger Interrupt Regis
 419:/opt/XMClib/XMC_Peripheral_Library_v2.1.16/CMSIS/Include/core_cm4.h **** }  NVIC_Type;
 420:/opt/XMClib/XMC_Peripheral_Library_v2.1.16/CMSIS/Include/core_cm4.h **** 
 421:/opt/XMClib/XMC_Peripheral_Library_v2.1.16/CMSIS/Include/core_cm4.h **** /* Software Triggered Interrupt Register Definitions */
 422:/opt/XMClib/XMC_Peripheral_Library_v2.1.16/CMSIS/Include/core_cm4.h **** #define NVIC_STIR_INTID_Pos                 0U                                         /*!< STIR: I
 423:/opt/XMClib/XMC_Peripheral_Library_v2.1.16/CMSIS/Include/core_cm4.h **** #define NVIC_STIR_INTID_Msk                (0x1FFUL /*<< NVIC_STIR_INTID_Pos*/)        /*!< STIR: I
 424:/opt/XMClib/XMC_Peripheral_Library_v2.1.16/CMSIS/Include/core_cm4.h **** 
 425:/opt/XMClib/XMC_Peripheral_Library_v2.1.16/CMSIS/Include/core_cm4.h **** /*@} end of group CMSIS_NVIC */
 426:/opt/XMClib/XMC_Peripheral_Library_v2.1.16/CMSIS/Include/core_cm4.h **** 
 427:/opt/XMClib/XMC_Peripheral_Library_v2.1.16/CMSIS/Include/core_cm4.h **** 
 428:/opt/XMClib/XMC_Peripheral_Library_v2.1.16/CMSIS/Include/core_cm4.h **** /**
 429:/opt/XMClib/XMC_Peripheral_Library_v2.1.16/CMSIS/Include/core_cm4.h ****   \ingroup  CMSIS_core_register
 430:/opt/XMClib/XMC_Peripheral_Library_v2.1.16/CMSIS/Include/core_cm4.h ****   \defgroup CMSIS_SCB     System Control Block (SCB)
 431:/opt/XMClib/XMC_Peripheral_Library_v2.1.16/CMSIS/Include/core_cm4.h ****   \brief    Type definitions for the System Control Block Registers
 432:/opt/XMClib/XMC_Peripheral_Library_v2.1.16/CMSIS/Include/core_cm4.h ****   @{
 433:/opt/XMClib/XMC_Peripheral_Library_v2.1.16/CMSIS/Include/core_cm4.h ****  */
 434:/opt/XMClib/XMC_Peripheral_Library_v2.1.16/CMSIS/Include/core_cm4.h **** 
 435:/opt/XMClib/XMC_Peripheral_Library_v2.1.16/CMSIS/Include/core_cm4.h **** /**
 436:/opt/XMClib/XMC_Peripheral_Library_v2.1.16/CMSIS/Include/core_cm4.h ****   \brief  Structure type to access the System Control Block (SCB).
 437:/opt/XMClib/XMC_Peripheral_Library_v2.1.16/CMSIS/Include/core_cm4.h ****  */
 438:/opt/XMClib/XMC_Peripheral_Library_v2.1.16/CMSIS/Include/core_cm4.h **** typedef struct
 439:/opt/XMClib/XMC_Peripheral_Library_v2.1.16/CMSIS/Include/core_cm4.h **** {
 440:/opt/XMClib/XMC_Peripheral_Library_v2.1.16/CMSIS/Include/core_cm4.h ****   __IM  uint32_t CPUID;                  /*!< Offset: 0x000 (R/ )  CPUID Base Register */
 441:/opt/XMClib/XMC_Peripheral_Library_v2.1.16/CMSIS/Include/core_cm4.h ****   __IOM uint32_t ICSR;                   /*!< Offset: 0x004 (R/W)  Interrupt Control and State Regi
 442:/opt/XMClib/XMC_Peripheral_Library_v2.1.16/CMSIS/Include/core_cm4.h ****   __IOM uint32_t VTOR;                   /*!< Offset: 0x008 (R/W)  Vector Table Offset Register */
 443:/opt/XMClib/XMC_Peripheral_Library_v2.1.16/CMSIS/Include/core_cm4.h ****   __IOM uint32_t AIRCR;                  /*!< Offset: 0x00C (R/W)  Application Interrupt and Reset 
 444:/opt/XMClib/XMC_Peripheral_Library_v2.1.16/CMSIS/Include/core_cm4.h ****   __IOM uint32_t SCR;                    /*!< Offset: 0x010 (R/W)  System Control Register */
 445:/opt/XMClib/XMC_Peripheral_Library_v2.1.16/CMSIS/Include/core_cm4.h ****   __IOM uint32_t CCR;                    /*!< Offset: 0x014 (R/W)  Configuration Control Register *
 446:/opt/XMClib/XMC_Peripheral_Library_v2.1.16/CMSIS/Include/core_cm4.h ****   __IOM uint8_t  SHP[12U];               /*!< Offset: 0x018 (R/W)  System Handlers Priority Registe
 447:/opt/XMClib/XMC_Peripheral_Library_v2.1.16/CMSIS/Include/core_cm4.h ****   __IOM uint32_t SHCSR;                  /*!< Offset: 0x024 (R/W)  System Handler Control and State
 448:/opt/XMClib/XMC_Peripheral_Library_v2.1.16/CMSIS/Include/core_cm4.h ****   __IOM uint32_t CFSR;                   /*!< Offset: 0x028 (R/W)  Configurable Fault Status Regist
 449:/opt/XMClib/XMC_Peripheral_Library_v2.1.16/CMSIS/Include/core_cm4.h ****   __IOM uint32_t HFSR;                   /*!< Offset: 0x02C (R/W)  HardFault Status Register */
 450:/opt/XMClib/XMC_Peripheral_Library_v2.1.16/CMSIS/Include/core_cm4.h ****   __IOM uint32_t DFSR;                   /*!< Offset: 0x030 (R/W)  Debug Fault Status Register */
 451:/opt/XMClib/XMC_Peripheral_Library_v2.1.16/CMSIS/Include/core_cm4.h ****   __IOM uint32_t MMFAR;                  /*!< Offset: 0x034 (R/W)  MemManage Fault Address Register
 452:/opt/XMClib/XMC_Peripheral_Library_v2.1.16/CMSIS/Include/core_cm4.h ****   __IOM uint32_t BFAR;                   /*!< Offset: 0x038 (R/W)  BusFault Address Register */
 453:/opt/XMClib/XMC_Peripheral_Library_v2.1.16/CMSIS/Include/core_cm4.h ****   __IOM uint32_t AFSR;                   /*!< Offset: 0x03C (R/W)  Auxiliary Fault Status Register 
 454:/opt/XMClib/XMC_Peripheral_Library_v2.1.16/CMSIS/Include/core_cm4.h ****   __IM  uint32_t PFR[2U];                /*!< Offset: 0x040 (R/ )  Processor Feature Register */
 455:/opt/XMClib/XMC_Peripheral_Library_v2.1.16/CMSIS/Include/core_cm4.h ****   __IM  uint32_t DFR;                    /*!< Offset: 0x048 (R/ )  Debug Feature Register */
 456:/opt/XMClib/XMC_Peripheral_Library_v2.1.16/CMSIS/Include/core_cm4.h ****   __IM  uint32_t ADR;                    /*!< Offset: 0x04C (R/ )  Auxiliary Feature Register */
 457:/opt/XMClib/XMC_Peripheral_Library_v2.1.16/CMSIS/Include/core_cm4.h ****   __IM  uint32_t MMFR[4U];               /*!< Offset: 0x050 (R/ )  Memory Model Feature Register */
 458:/opt/XMClib/XMC_Peripheral_Library_v2.1.16/CMSIS/Include/core_cm4.h ****   __IM  uint32_t ISAR[5U];               /*!< Offset: 0x060 (R/ )  Instruction Set Attributes Regis
 459:/opt/XMClib/XMC_Peripheral_Library_v2.1.16/CMSIS/Include/core_cm4.h ****         uint32_t RESERVED0[5U];
 460:/opt/XMClib/XMC_Peripheral_Library_v2.1.16/CMSIS/Include/core_cm4.h ****   __IOM uint32_t CPACR;                  /*!< Offset: 0x088 (R/W)  Coprocessor Access Control Regis
 461:/opt/XMClib/XMC_Peripheral_Library_v2.1.16/CMSIS/Include/core_cm4.h **** } SCB_Type;
 462:/opt/XMClib/XMC_Peripheral_Library_v2.1.16/CMSIS/Include/core_cm4.h **** 
 463:/opt/XMClib/XMC_Peripheral_Library_v2.1.16/CMSIS/Include/core_cm4.h **** /* SCB CPUID Register Definitions */
 464:/opt/XMClib/XMC_Peripheral_Library_v2.1.16/CMSIS/Include/core_cm4.h **** #define SCB_CPUID_IMPLEMENTER_Pos          24U                                            /*!< SCB 
 465:/opt/XMClib/XMC_Peripheral_Library_v2.1.16/CMSIS/Include/core_cm4.h **** #define SCB_CPUID_IMPLEMENTER_Msk          (0xFFUL << SCB_CPUID_IMPLEMENTER_Pos)          /*!< SCB 
 466:/opt/XMClib/XMC_Peripheral_Library_v2.1.16/CMSIS/Include/core_cm4.h **** 
 467:/opt/XMClib/XMC_Peripheral_Library_v2.1.16/CMSIS/Include/core_cm4.h **** #define SCB_CPUID_VARIANT_Pos              20U                                            /*!< SCB 
 468:/opt/XMClib/XMC_Peripheral_Library_v2.1.16/CMSIS/Include/core_cm4.h **** #define SCB_CPUID_VARIANT_Msk              (0xFUL << SCB_CPUID_VARIANT_Pos)               /*!< SCB 
 469:/opt/XMClib/XMC_Peripheral_Library_v2.1.16/CMSIS/Include/core_cm4.h **** 
 470:/opt/XMClib/XMC_Peripheral_Library_v2.1.16/CMSIS/Include/core_cm4.h **** #define SCB_CPUID_ARCHITECTURE_Pos         16U                                            /*!< SCB 
 471:/opt/XMClib/XMC_Peripheral_Library_v2.1.16/CMSIS/Include/core_cm4.h **** #define SCB_CPUID_ARCHITECTURE_Msk         (0xFUL << SCB_CPUID_ARCHITECTURE_Pos)          /*!< SCB 
 472:/opt/XMClib/XMC_Peripheral_Library_v2.1.16/CMSIS/Include/core_cm4.h **** 
 473:/opt/XMClib/XMC_Peripheral_Library_v2.1.16/CMSIS/Include/core_cm4.h **** #define SCB_CPUID_PARTNO_Pos                4U                                            /*!< SCB 
 474:/opt/XMClib/XMC_Peripheral_Library_v2.1.16/CMSIS/Include/core_cm4.h **** #define SCB_CPUID_PARTNO_Msk               (0xFFFUL << SCB_CPUID_PARTNO_Pos)              /*!< SCB 
 475:/opt/XMClib/XMC_Peripheral_Library_v2.1.16/CMSIS/Include/core_cm4.h **** 
 476:/opt/XMClib/XMC_Peripheral_Library_v2.1.16/CMSIS/Include/core_cm4.h **** #define SCB_CPUID_REVISION_Pos              0U                                            /*!< SCB 
 477:/opt/XMClib/XMC_Peripheral_Library_v2.1.16/CMSIS/Include/core_cm4.h **** #define SCB_CPUID_REVISION_Msk             (0xFUL /*<< SCB_CPUID_REVISION_Pos*/)          /*!< SCB 
 478:/opt/XMClib/XMC_Peripheral_Library_v2.1.16/CMSIS/Include/core_cm4.h **** 
 479:/opt/XMClib/XMC_Peripheral_Library_v2.1.16/CMSIS/Include/core_cm4.h **** /* SCB Interrupt Control State Register Definitions */
 480:/opt/XMClib/XMC_Peripheral_Library_v2.1.16/CMSIS/Include/core_cm4.h **** #define SCB_ICSR_NMIPENDSET_Pos            31U                                            /*!< SCB 
 481:/opt/XMClib/XMC_Peripheral_Library_v2.1.16/CMSIS/Include/core_cm4.h **** #define SCB_ICSR_NMIPENDSET_Msk            (1UL << SCB_ICSR_NMIPENDSET_Pos)               /*!< SCB 
 482:/opt/XMClib/XMC_Peripheral_Library_v2.1.16/CMSIS/Include/core_cm4.h **** 
 483:/opt/XMClib/XMC_Peripheral_Library_v2.1.16/CMSIS/Include/core_cm4.h **** #define SCB_ICSR_PENDSVSET_Pos             28U                                            /*!< SCB 
 484:/opt/XMClib/XMC_Peripheral_Library_v2.1.16/CMSIS/Include/core_cm4.h **** #define SCB_ICSR_PENDSVSET_Msk             (1UL << SCB_ICSR_PENDSVSET_Pos)                /*!< SCB 
 485:/opt/XMClib/XMC_Peripheral_Library_v2.1.16/CMSIS/Include/core_cm4.h **** 
 486:/opt/XMClib/XMC_Peripheral_Library_v2.1.16/CMSIS/Include/core_cm4.h **** #define SCB_ICSR_PENDSVCLR_Pos             27U                                            /*!< SCB 
 487:/opt/XMClib/XMC_Peripheral_Library_v2.1.16/CMSIS/Include/core_cm4.h **** #define SCB_ICSR_PENDSVCLR_Msk             (1UL << SCB_ICSR_PENDSVCLR_Pos)                /*!< SCB 
 488:/opt/XMClib/XMC_Peripheral_Library_v2.1.16/CMSIS/Include/core_cm4.h **** 
 489:/opt/XMClib/XMC_Peripheral_Library_v2.1.16/CMSIS/Include/core_cm4.h **** #define SCB_ICSR_PENDSTSET_Pos             26U                                            /*!< SCB 
 490:/opt/XMClib/XMC_Peripheral_Library_v2.1.16/CMSIS/Include/core_cm4.h **** #define SCB_ICSR_PENDSTSET_Msk             (1UL << SCB_ICSR_PENDSTSET_Pos)                /*!< SCB 
 491:/opt/XMClib/XMC_Peripheral_Library_v2.1.16/CMSIS/Include/core_cm4.h **** 
 492:/opt/XMClib/XMC_Peripheral_Library_v2.1.16/CMSIS/Include/core_cm4.h **** #define SCB_ICSR_PENDSTCLR_Pos             25U                                            /*!< SCB 
 493:/opt/XMClib/XMC_Peripheral_Library_v2.1.16/CMSIS/Include/core_cm4.h **** #define SCB_ICSR_PENDSTCLR_Msk             (1UL << SCB_ICSR_PENDSTCLR_Pos)                /*!< SCB 
 494:/opt/XMClib/XMC_Peripheral_Library_v2.1.16/CMSIS/Include/core_cm4.h **** 
 495:/opt/XMClib/XMC_Peripheral_Library_v2.1.16/CMSIS/Include/core_cm4.h **** #define SCB_ICSR_ISRPREEMPT_Pos            23U                                            /*!< SCB 
 496:/opt/XMClib/XMC_Peripheral_Library_v2.1.16/CMSIS/Include/core_cm4.h **** #define SCB_ICSR_ISRPREEMPT_Msk            (1UL << SCB_ICSR_ISRPREEMPT_Pos)               /*!< SCB 
 497:/opt/XMClib/XMC_Peripheral_Library_v2.1.16/CMSIS/Include/core_cm4.h **** 
 498:/opt/XMClib/XMC_Peripheral_Library_v2.1.16/CMSIS/Include/core_cm4.h **** #define SCB_ICSR_ISRPENDING_Pos            22U                                            /*!< SCB 
 499:/opt/XMClib/XMC_Peripheral_Library_v2.1.16/CMSIS/Include/core_cm4.h **** #define SCB_ICSR_ISRPENDING_Msk            (1UL << SCB_ICSR_ISRPENDING_Pos)               /*!< SCB 
 500:/opt/XMClib/XMC_Peripheral_Library_v2.1.16/CMSIS/Include/core_cm4.h **** 
 501:/opt/XMClib/XMC_Peripheral_Library_v2.1.16/CMSIS/Include/core_cm4.h **** #define SCB_ICSR_VECTPENDING_Pos           12U                                            /*!< SCB 
 502:/opt/XMClib/XMC_Peripheral_Library_v2.1.16/CMSIS/Include/core_cm4.h **** #define SCB_ICSR_VECTPENDING_Msk           (0x1FFUL << SCB_ICSR_VECTPENDING_Pos)          /*!< SCB 
 503:/opt/XMClib/XMC_Peripheral_Library_v2.1.16/CMSIS/Include/core_cm4.h **** 
 504:/opt/XMClib/XMC_Peripheral_Library_v2.1.16/CMSIS/Include/core_cm4.h **** #define SCB_ICSR_RETTOBASE_Pos             11U                                            /*!< SCB 
 505:/opt/XMClib/XMC_Peripheral_Library_v2.1.16/CMSIS/Include/core_cm4.h **** #define SCB_ICSR_RETTOBASE_Msk             (1UL << SCB_ICSR_RETTOBASE_Pos)                /*!< SCB 
 506:/opt/XMClib/XMC_Peripheral_Library_v2.1.16/CMSIS/Include/core_cm4.h **** 
 507:/opt/XMClib/XMC_Peripheral_Library_v2.1.16/CMSIS/Include/core_cm4.h **** #define SCB_ICSR_VECTACTIVE_Pos             0U                                            /*!< SCB 
 508:/opt/XMClib/XMC_Peripheral_Library_v2.1.16/CMSIS/Include/core_cm4.h **** #define SCB_ICSR_VECTACTIVE_Msk            (0x1FFUL /*<< SCB_ICSR_VECTACTIVE_Pos*/)       /*!< SCB 
 509:/opt/XMClib/XMC_Peripheral_Library_v2.1.16/CMSIS/Include/core_cm4.h **** 
 510:/opt/XMClib/XMC_Peripheral_Library_v2.1.16/CMSIS/Include/core_cm4.h **** /* SCB Vector Table Offset Register Definitions */
 511:/opt/XMClib/XMC_Peripheral_Library_v2.1.16/CMSIS/Include/core_cm4.h **** #define SCB_VTOR_TBLOFF_Pos                 7U                                            /*!< SCB 
 512:/opt/XMClib/XMC_Peripheral_Library_v2.1.16/CMSIS/Include/core_cm4.h **** #define SCB_VTOR_TBLOFF_Msk                (0x1FFFFFFUL << SCB_VTOR_TBLOFF_Pos)           /*!< SCB 
 513:/opt/XMClib/XMC_Peripheral_Library_v2.1.16/CMSIS/Include/core_cm4.h **** 
 514:/opt/XMClib/XMC_Peripheral_Library_v2.1.16/CMSIS/Include/core_cm4.h **** /* SCB Application Interrupt and Reset Control Register Definitions */
 515:/opt/XMClib/XMC_Peripheral_Library_v2.1.16/CMSIS/Include/core_cm4.h **** #define SCB_AIRCR_VECTKEY_Pos              16U                                            /*!< SCB 
 516:/opt/XMClib/XMC_Peripheral_Library_v2.1.16/CMSIS/Include/core_cm4.h **** #define SCB_AIRCR_VECTKEY_Msk              (0xFFFFUL << SCB_AIRCR_VECTKEY_Pos)            /*!< SCB 
 517:/opt/XMClib/XMC_Peripheral_Library_v2.1.16/CMSIS/Include/core_cm4.h **** 
 518:/opt/XMClib/XMC_Peripheral_Library_v2.1.16/CMSIS/Include/core_cm4.h **** #define SCB_AIRCR_VECTKEYSTAT_Pos          16U                                            /*!< SCB 
 519:/opt/XMClib/XMC_Peripheral_Library_v2.1.16/CMSIS/Include/core_cm4.h **** #define SCB_AIRCR_VECTKEYSTAT_Msk          (0xFFFFUL << SCB_AIRCR_VECTKEYSTAT_Pos)        /*!< SCB 
 520:/opt/XMClib/XMC_Peripheral_Library_v2.1.16/CMSIS/Include/core_cm4.h **** 
 521:/opt/XMClib/XMC_Peripheral_Library_v2.1.16/CMSIS/Include/core_cm4.h **** #define SCB_AIRCR_ENDIANESS_Pos            15U                                            /*!< SCB 
 522:/opt/XMClib/XMC_Peripheral_Library_v2.1.16/CMSIS/Include/core_cm4.h **** #define SCB_AIRCR_ENDIANESS_Msk            (1UL << SCB_AIRCR_ENDIANESS_Pos)               /*!< SCB 
 523:/opt/XMClib/XMC_Peripheral_Library_v2.1.16/CMSIS/Include/core_cm4.h **** 
 524:/opt/XMClib/XMC_Peripheral_Library_v2.1.16/CMSIS/Include/core_cm4.h **** #define SCB_AIRCR_PRIGROUP_Pos              8U                                            /*!< SCB 
 525:/opt/XMClib/XMC_Peripheral_Library_v2.1.16/CMSIS/Include/core_cm4.h **** #define SCB_AIRCR_PRIGROUP_Msk             (7UL << SCB_AIRCR_PRIGROUP_Pos)                /*!< SCB 
 526:/opt/XMClib/XMC_Peripheral_Library_v2.1.16/CMSIS/Include/core_cm4.h **** 
 527:/opt/XMClib/XMC_Peripheral_Library_v2.1.16/CMSIS/Include/core_cm4.h **** #define SCB_AIRCR_SYSRESETREQ_Pos           2U                                            /*!< SCB 
 528:/opt/XMClib/XMC_Peripheral_Library_v2.1.16/CMSIS/Include/core_cm4.h **** #define SCB_AIRCR_SYSRESETREQ_Msk          (1UL << SCB_AIRCR_SYSRESETREQ_Pos)             /*!< SCB 
 529:/opt/XMClib/XMC_Peripheral_Library_v2.1.16/CMSIS/Include/core_cm4.h **** 
 530:/opt/XMClib/XMC_Peripheral_Library_v2.1.16/CMSIS/Include/core_cm4.h **** #define SCB_AIRCR_VECTCLRACTIVE_Pos         1U                                            /*!< SCB 
 531:/opt/XMClib/XMC_Peripheral_Library_v2.1.16/CMSIS/Include/core_cm4.h **** #define SCB_AIRCR_VECTCLRACTIVE_Msk        (1UL << SCB_AIRCR_VECTCLRACTIVE_Pos)           /*!< SCB 
 532:/opt/XMClib/XMC_Peripheral_Library_v2.1.16/CMSIS/Include/core_cm4.h **** 
 533:/opt/XMClib/XMC_Peripheral_Library_v2.1.16/CMSIS/Include/core_cm4.h **** #define SCB_AIRCR_VECTRESET_Pos             0U                                            /*!< SCB 
 534:/opt/XMClib/XMC_Peripheral_Library_v2.1.16/CMSIS/Include/core_cm4.h **** #define SCB_AIRCR_VECTRESET_Msk            (1UL /*<< SCB_AIRCR_VECTRESET_Pos*/)           /*!< SCB 
 535:/opt/XMClib/XMC_Peripheral_Library_v2.1.16/CMSIS/Include/core_cm4.h **** 
 536:/opt/XMClib/XMC_Peripheral_Library_v2.1.16/CMSIS/Include/core_cm4.h **** /* SCB System Control Register Definitions */
 537:/opt/XMClib/XMC_Peripheral_Library_v2.1.16/CMSIS/Include/core_cm4.h **** #define SCB_SCR_SEVONPEND_Pos               4U                                            /*!< SCB 
 538:/opt/XMClib/XMC_Peripheral_Library_v2.1.16/CMSIS/Include/core_cm4.h **** #define SCB_SCR_SEVONPEND_Msk              (1UL << SCB_SCR_SEVONPEND_Pos)                 /*!< SCB 
 539:/opt/XMClib/XMC_Peripheral_Library_v2.1.16/CMSIS/Include/core_cm4.h **** 
 540:/opt/XMClib/XMC_Peripheral_Library_v2.1.16/CMSIS/Include/core_cm4.h **** #define SCB_SCR_SLEEPDEEP_Pos               2U                                            /*!< SCB 
 541:/opt/XMClib/XMC_Peripheral_Library_v2.1.16/CMSIS/Include/core_cm4.h **** #define SCB_SCR_SLEEPDEEP_Msk              (1UL << SCB_SCR_SLEEPDEEP_Pos)                 /*!< SCB 
 542:/opt/XMClib/XMC_Peripheral_Library_v2.1.16/CMSIS/Include/core_cm4.h **** 
 543:/opt/XMClib/XMC_Peripheral_Library_v2.1.16/CMSIS/Include/core_cm4.h **** #define SCB_SCR_SLEEPONEXIT_Pos             1U                                            /*!< SCB 
 544:/opt/XMClib/XMC_Peripheral_Library_v2.1.16/CMSIS/Include/core_cm4.h **** #define SCB_SCR_SLEEPONEXIT_Msk            (1UL << SCB_SCR_SLEEPONEXIT_Pos)               /*!< SCB 
 545:/opt/XMClib/XMC_Peripheral_Library_v2.1.16/CMSIS/Include/core_cm4.h **** 
 546:/opt/XMClib/XMC_Peripheral_Library_v2.1.16/CMSIS/Include/core_cm4.h **** /* SCB Configuration Control Register Definitions */
 547:/opt/XMClib/XMC_Peripheral_Library_v2.1.16/CMSIS/Include/core_cm4.h **** #define SCB_CCR_STKALIGN_Pos                9U                                            /*!< SCB 
 548:/opt/XMClib/XMC_Peripheral_Library_v2.1.16/CMSIS/Include/core_cm4.h **** #define SCB_CCR_STKALIGN_Msk               (1UL << SCB_CCR_STKALIGN_Pos)                  /*!< SCB 
 549:/opt/XMClib/XMC_Peripheral_Library_v2.1.16/CMSIS/Include/core_cm4.h **** 
 550:/opt/XMClib/XMC_Peripheral_Library_v2.1.16/CMSIS/Include/core_cm4.h **** #define SCB_CCR_BFHFNMIGN_Pos               8U                                            /*!< SCB 
 551:/opt/XMClib/XMC_Peripheral_Library_v2.1.16/CMSIS/Include/core_cm4.h **** #define SCB_CCR_BFHFNMIGN_Msk              (1UL << SCB_CCR_BFHFNMIGN_Pos)                 /*!< SCB 
 552:/opt/XMClib/XMC_Peripheral_Library_v2.1.16/CMSIS/Include/core_cm4.h **** 
 553:/opt/XMClib/XMC_Peripheral_Library_v2.1.16/CMSIS/Include/core_cm4.h **** #define SCB_CCR_DIV_0_TRP_Pos               4U                                            /*!< SCB 
 554:/opt/XMClib/XMC_Peripheral_Library_v2.1.16/CMSIS/Include/core_cm4.h **** #define SCB_CCR_DIV_0_TRP_Msk              (1UL << SCB_CCR_DIV_0_TRP_Pos)                 /*!< SCB 
 555:/opt/XMClib/XMC_Peripheral_Library_v2.1.16/CMSIS/Include/core_cm4.h **** 
 556:/opt/XMClib/XMC_Peripheral_Library_v2.1.16/CMSIS/Include/core_cm4.h **** #define SCB_CCR_UNALIGN_TRP_Pos             3U                                            /*!< SCB 
 557:/opt/XMClib/XMC_Peripheral_Library_v2.1.16/CMSIS/Include/core_cm4.h **** #define SCB_CCR_UNALIGN_TRP_Msk            (1UL << SCB_CCR_UNALIGN_TRP_Pos)               /*!< SCB 
 558:/opt/XMClib/XMC_Peripheral_Library_v2.1.16/CMSIS/Include/core_cm4.h **** 
 559:/opt/XMClib/XMC_Peripheral_Library_v2.1.16/CMSIS/Include/core_cm4.h **** #define SCB_CCR_USERSETMPEND_Pos            1U                                            /*!< SCB 
 560:/opt/XMClib/XMC_Peripheral_Library_v2.1.16/CMSIS/Include/core_cm4.h **** #define SCB_CCR_USERSETMPEND_Msk           (1UL << SCB_CCR_USERSETMPEND_Pos)              /*!< SCB 
 561:/opt/XMClib/XMC_Peripheral_Library_v2.1.16/CMSIS/Include/core_cm4.h **** 
 562:/opt/XMClib/XMC_Peripheral_Library_v2.1.16/CMSIS/Include/core_cm4.h **** #define SCB_CCR_NONBASETHRDENA_Pos          0U                                            /*!< SCB 
 563:/opt/XMClib/XMC_Peripheral_Library_v2.1.16/CMSIS/Include/core_cm4.h **** #define SCB_CCR_NONBASETHRDENA_Msk         (1UL /*<< SCB_CCR_NONBASETHRDENA_Pos*/)        /*!< SCB 
 564:/opt/XMClib/XMC_Peripheral_Library_v2.1.16/CMSIS/Include/core_cm4.h **** 
 565:/opt/XMClib/XMC_Peripheral_Library_v2.1.16/CMSIS/Include/core_cm4.h **** /* SCB System Handler Control and State Register Definitions */
 566:/opt/XMClib/XMC_Peripheral_Library_v2.1.16/CMSIS/Include/core_cm4.h **** #define SCB_SHCSR_USGFAULTENA_Pos          18U                                            /*!< SCB 
 567:/opt/XMClib/XMC_Peripheral_Library_v2.1.16/CMSIS/Include/core_cm4.h **** #define SCB_SHCSR_USGFAULTENA_Msk          (1UL << SCB_SHCSR_USGFAULTENA_Pos)             /*!< SCB 
 568:/opt/XMClib/XMC_Peripheral_Library_v2.1.16/CMSIS/Include/core_cm4.h **** 
 569:/opt/XMClib/XMC_Peripheral_Library_v2.1.16/CMSIS/Include/core_cm4.h **** #define SCB_SHCSR_BUSFAULTENA_Pos          17U                                            /*!< SCB 
 570:/opt/XMClib/XMC_Peripheral_Library_v2.1.16/CMSIS/Include/core_cm4.h **** #define SCB_SHCSR_BUSFAULTENA_Msk          (1UL << SCB_SHCSR_BUSFAULTENA_Pos)             /*!< SCB 
 571:/opt/XMClib/XMC_Peripheral_Library_v2.1.16/CMSIS/Include/core_cm4.h **** 
 572:/opt/XMClib/XMC_Peripheral_Library_v2.1.16/CMSIS/Include/core_cm4.h **** #define SCB_SHCSR_MEMFAULTENA_Pos          16U                                            /*!< SCB 
 573:/opt/XMClib/XMC_Peripheral_Library_v2.1.16/CMSIS/Include/core_cm4.h **** #define SCB_SHCSR_MEMFAULTENA_Msk          (1UL << SCB_SHCSR_MEMFAULTENA_Pos)             /*!< SCB 
 574:/opt/XMClib/XMC_Peripheral_Library_v2.1.16/CMSIS/Include/core_cm4.h **** 
 575:/opt/XMClib/XMC_Peripheral_Library_v2.1.16/CMSIS/Include/core_cm4.h **** #define SCB_SHCSR_SVCALLPENDED_Pos         15U                                            /*!< SCB 
 576:/opt/XMClib/XMC_Peripheral_Library_v2.1.16/CMSIS/Include/core_cm4.h **** #define SCB_SHCSR_SVCALLPENDED_Msk         (1UL << SCB_SHCSR_SVCALLPENDED_Pos)            /*!< SCB 
 577:/opt/XMClib/XMC_Peripheral_Library_v2.1.16/CMSIS/Include/core_cm4.h **** 
 578:/opt/XMClib/XMC_Peripheral_Library_v2.1.16/CMSIS/Include/core_cm4.h **** #define SCB_SHCSR_BUSFAULTPENDED_Pos       14U                                            /*!< SCB 
 579:/opt/XMClib/XMC_Peripheral_Library_v2.1.16/CMSIS/Include/core_cm4.h **** #define SCB_SHCSR_BUSFAULTPENDED_Msk       (1UL << SCB_SHCSR_BUSFAULTPENDED_Pos)          /*!< SCB 
 580:/opt/XMClib/XMC_Peripheral_Library_v2.1.16/CMSIS/Include/core_cm4.h **** 
 581:/opt/XMClib/XMC_Peripheral_Library_v2.1.16/CMSIS/Include/core_cm4.h **** #define SCB_SHCSR_MEMFAULTPENDED_Pos       13U                                            /*!< SCB 
 582:/opt/XMClib/XMC_Peripheral_Library_v2.1.16/CMSIS/Include/core_cm4.h **** #define SCB_SHCSR_MEMFAULTPENDED_Msk       (1UL << SCB_SHCSR_MEMFAULTPENDED_Pos)          /*!< SCB 
 583:/opt/XMClib/XMC_Peripheral_Library_v2.1.16/CMSIS/Include/core_cm4.h **** 
 584:/opt/XMClib/XMC_Peripheral_Library_v2.1.16/CMSIS/Include/core_cm4.h **** #define SCB_SHCSR_USGFAULTPENDED_Pos       12U                                            /*!< SCB 
 585:/opt/XMClib/XMC_Peripheral_Library_v2.1.16/CMSIS/Include/core_cm4.h **** #define SCB_SHCSR_USGFAULTPENDED_Msk       (1UL << SCB_SHCSR_USGFAULTPENDED_Pos)          /*!< SCB 
 586:/opt/XMClib/XMC_Peripheral_Library_v2.1.16/CMSIS/Include/core_cm4.h **** 
 587:/opt/XMClib/XMC_Peripheral_Library_v2.1.16/CMSIS/Include/core_cm4.h **** #define SCB_SHCSR_SYSTICKACT_Pos           11U                                            /*!< SCB 
 588:/opt/XMClib/XMC_Peripheral_Library_v2.1.16/CMSIS/Include/core_cm4.h **** #define SCB_SHCSR_SYSTICKACT_Msk           (1UL << SCB_SHCSR_SYSTICKACT_Pos)              /*!< SCB 
 589:/opt/XMClib/XMC_Peripheral_Library_v2.1.16/CMSIS/Include/core_cm4.h **** 
 590:/opt/XMClib/XMC_Peripheral_Library_v2.1.16/CMSIS/Include/core_cm4.h **** #define SCB_SHCSR_PENDSVACT_Pos            10U                                            /*!< SCB 
 591:/opt/XMClib/XMC_Peripheral_Library_v2.1.16/CMSIS/Include/core_cm4.h **** #define SCB_SHCSR_PENDSVACT_Msk            (1UL << SCB_SHCSR_PENDSVACT_Pos)               /*!< SCB 
 592:/opt/XMClib/XMC_Peripheral_Library_v2.1.16/CMSIS/Include/core_cm4.h **** 
 593:/opt/XMClib/XMC_Peripheral_Library_v2.1.16/CMSIS/Include/core_cm4.h **** #define SCB_SHCSR_MONITORACT_Pos            8U                                            /*!< SCB 
 594:/opt/XMClib/XMC_Peripheral_Library_v2.1.16/CMSIS/Include/core_cm4.h **** #define SCB_SHCSR_MONITORACT_Msk           (1UL << SCB_SHCSR_MONITORACT_Pos)              /*!< SCB 
 595:/opt/XMClib/XMC_Peripheral_Library_v2.1.16/CMSIS/Include/core_cm4.h **** 
 596:/opt/XMClib/XMC_Peripheral_Library_v2.1.16/CMSIS/Include/core_cm4.h **** #define SCB_SHCSR_SVCALLACT_Pos             7U                                            /*!< SCB 
 597:/opt/XMClib/XMC_Peripheral_Library_v2.1.16/CMSIS/Include/core_cm4.h **** #define SCB_SHCSR_SVCALLACT_Msk            (1UL << SCB_SHCSR_SVCALLACT_Pos)               /*!< SCB 
 598:/opt/XMClib/XMC_Peripheral_Library_v2.1.16/CMSIS/Include/core_cm4.h **** 
 599:/opt/XMClib/XMC_Peripheral_Library_v2.1.16/CMSIS/Include/core_cm4.h **** #define SCB_SHCSR_USGFAULTACT_Pos           3U                                            /*!< SCB 
 600:/opt/XMClib/XMC_Peripheral_Library_v2.1.16/CMSIS/Include/core_cm4.h **** #define SCB_SHCSR_USGFAULTACT_Msk          (1UL << SCB_SHCSR_USGFAULTACT_Pos)             /*!< SCB 
 601:/opt/XMClib/XMC_Peripheral_Library_v2.1.16/CMSIS/Include/core_cm4.h **** 
 602:/opt/XMClib/XMC_Peripheral_Library_v2.1.16/CMSIS/Include/core_cm4.h **** #define SCB_SHCSR_BUSFAULTACT_Pos           1U                                            /*!< SCB 
 603:/opt/XMClib/XMC_Peripheral_Library_v2.1.16/CMSIS/Include/core_cm4.h **** #define SCB_SHCSR_BUSFAULTACT_Msk          (1UL << SCB_SHCSR_BUSFAULTACT_Pos)             /*!< SCB 
 604:/opt/XMClib/XMC_Peripheral_Library_v2.1.16/CMSIS/Include/core_cm4.h **** 
 605:/opt/XMClib/XMC_Peripheral_Library_v2.1.16/CMSIS/Include/core_cm4.h **** #define SCB_SHCSR_MEMFAULTACT_Pos           0U                                            /*!< SCB 
 606:/opt/XMClib/XMC_Peripheral_Library_v2.1.16/CMSIS/Include/core_cm4.h **** #define SCB_SHCSR_MEMFAULTACT_Msk          (1UL /*<< SCB_SHCSR_MEMFAULTACT_Pos*/)         /*!< SCB 
 607:/opt/XMClib/XMC_Peripheral_Library_v2.1.16/CMSIS/Include/core_cm4.h **** 
 608:/opt/XMClib/XMC_Peripheral_Library_v2.1.16/CMSIS/Include/core_cm4.h **** /* SCB Configurable Fault Status Register Definitions */
 609:/opt/XMClib/XMC_Peripheral_Library_v2.1.16/CMSIS/Include/core_cm4.h **** #define SCB_CFSR_USGFAULTSR_Pos            16U                                            /*!< SCB 
 610:/opt/XMClib/XMC_Peripheral_Library_v2.1.16/CMSIS/Include/core_cm4.h **** #define SCB_CFSR_USGFAULTSR_Msk            (0xFFFFUL << SCB_CFSR_USGFAULTSR_Pos)          /*!< SCB 
 611:/opt/XMClib/XMC_Peripheral_Library_v2.1.16/CMSIS/Include/core_cm4.h **** 
 612:/opt/XMClib/XMC_Peripheral_Library_v2.1.16/CMSIS/Include/core_cm4.h **** #define SCB_CFSR_BUSFAULTSR_Pos             8U                                            /*!< SCB 
 613:/opt/XMClib/XMC_Peripheral_Library_v2.1.16/CMSIS/Include/core_cm4.h **** #define SCB_CFSR_BUSFAULTSR_Msk            (0xFFUL << SCB_CFSR_BUSFAULTSR_Pos)            /*!< SCB 
 614:/opt/XMClib/XMC_Peripheral_Library_v2.1.16/CMSIS/Include/core_cm4.h **** 
 615:/opt/XMClib/XMC_Peripheral_Library_v2.1.16/CMSIS/Include/core_cm4.h **** #define SCB_CFSR_MEMFAULTSR_Pos             0U                                            /*!< SCB 
 616:/opt/XMClib/XMC_Peripheral_Library_v2.1.16/CMSIS/Include/core_cm4.h **** #define SCB_CFSR_MEMFAULTSR_Msk            (0xFFUL /*<< SCB_CFSR_MEMFAULTSR_Pos*/)        /*!< SCB 
 617:/opt/XMClib/XMC_Peripheral_Library_v2.1.16/CMSIS/Include/core_cm4.h **** 
 618:/opt/XMClib/XMC_Peripheral_Library_v2.1.16/CMSIS/Include/core_cm4.h **** /* MemManage Fault Status Register (part of SCB Configurable Fault Status Register) */
 619:/opt/XMClib/XMC_Peripheral_Library_v2.1.16/CMSIS/Include/core_cm4.h **** #define SCB_CFSR_MMARVALID_Pos             (SCB_SHCSR_MEMFAULTACT_Pos + 7U)               /*!< SCB 
 620:/opt/XMClib/XMC_Peripheral_Library_v2.1.16/CMSIS/Include/core_cm4.h **** #define SCB_CFSR_MMARVALID_Msk             (1UL << SCB_CFSR_MMARVALID_Pos)                /*!< SCB 
 621:/opt/XMClib/XMC_Peripheral_Library_v2.1.16/CMSIS/Include/core_cm4.h **** 
 622:/opt/XMClib/XMC_Peripheral_Library_v2.1.16/CMSIS/Include/core_cm4.h **** #define SCB_CFSR_MLSPERR_Pos               (SCB_SHCSR_MEMFAULTACT_Pos + 5U)               /*!< SCB 
 623:/opt/XMClib/XMC_Peripheral_Library_v2.1.16/CMSIS/Include/core_cm4.h **** #define SCB_CFSR_MLSPERR_Msk               (1UL << SCB_CFSR_MLSPERR_Pos)                  /*!< SCB 
 624:/opt/XMClib/XMC_Peripheral_Library_v2.1.16/CMSIS/Include/core_cm4.h **** 
 625:/opt/XMClib/XMC_Peripheral_Library_v2.1.16/CMSIS/Include/core_cm4.h **** #define SCB_CFSR_MSTKERR_Pos               (SCB_SHCSR_MEMFAULTACT_Pos + 4U)               /*!< SCB 
 626:/opt/XMClib/XMC_Peripheral_Library_v2.1.16/CMSIS/Include/core_cm4.h **** #define SCB_CFSR_MSTKERR_Msk               (1UL << SCB_CFSR_MSTKERR_Pos)                  /*!< SCB 
 627:/opt/XMClib/XMC_Peripheral_Library_v2.1.16/CMSIS/Include/core_cm4.h **** 
 628:/opt/XMClib/XMC_Peripheral_Library_v2.1.16/CMSIS/Include/core_cm4.h **** #define SCB_CFSR_MUNSTKERR_Pos             (SCB_SHCSR_MEMFAULTACT_Pos + 3U)               /*!< SCB 
 629:/opt/XMClib/XMC_Peripheral_Library_v2.1.16/CMSIS/Include/core_cm4.h **** #define SCB_CFSR_MUNSTKERR_Msk             (1UL << SCB_CFSR_MUNSTKERR_Pos)                /*!< SCB 
 630:/opt/XMClib/XMC_Peripheral_Library_v2.1.16/CMSIS/Include/core_cm4.h **** 
 631:/opt/XMClib/XMC_Peripheral_Library_v2.1.16/CMSIS/Include/core_cm4.h **** #define SCB_CFSR_DACCVIOL_Pos              (SCB_SHCSR_MEMFAULTACT_Pos + 1U)               /*!< SCB 
 632:/opt/XMClib/XMC_Peripheral_Library_v2.1.16/CMSIS/Include/core_cm4.h **** #define SCB_CFSR_DACCVIOL_Msk              (1UL << SCB_CFSR_DACCVIOL_Pos)                 /*!< SCB 
 633:/opt/XMClib/XMC_Peripheral_Library_v2.1.16/CMSIS/Include/core_cm4.h **** 
 634:/opt/XMClib/XMC_Peripheral_Library_v2.1.16/CMSIS/Include/core_cm4.h **** #define SCB_CFSR_IACCVIOL_Pos              (SCB_SHCSR_MEMFAULTACT_Pos + 0U)               /*!< SCB 
 635:/opt/XMClib/XMC_Peripheral_Library_v2.1.16/CMSIS/Include/core_cm4.h **** #define SCB_CFSR_IACCVIOL_Msk              (1UL /*<< SCB_CFSR_IACCVIOL_Pos*/)             /*!< SCB 
 636:/opt/XMClib/XMC_Peripheral_Library_v2.1.16/CMSIS/Include/core_cm4.h **** 
 637:/opt/XMClib/XMC_Peripheral_Library_v2.1.16/CMSIS/Include/core_cm4.h **** /* BusFault Status Register (part of SCB Configurable Fault Status Register) */
 638:/opt/XMClib/XMC_Peripheral_Library_v2.1.16/CMSIS/Include/core_cm4.h **** #define SCB_CFSR_BFARVALID_Pos            (SCB_CFSR_BUSFAULTSR_Pos + 7U)                  /*!< SCB 
 639:/opt/XMClib/XMC_Peripheral_Library_v2.1.16/CMSIS/Include/core_cm4.h **** #define SCB_CFSR_BFARVALID_Msk            (1UL << SCB_CFSR_BFARVALID_Pos)                 /*!< SCB 
 640:/opt/XMClib/XMC_Peripheral_Library_v2.1.16/CMSIS/Include/core_cm4.h **** 
 641:/opt/XMClib/XMC_Peripheral_Library_v2.1.16/CMSIS/Include/core_cm4.h **** #define SCB_CFSR_LSPERR_Pos               (SCB_CFSR_BUSFAULTSR_Pos + 5U)                  /*!< SCB 
 642:/opt/XMClib/XMC_Peripheral_Library_v2.1.16/CMSIS/Include/core_cm4.h **** #define SCB_CFSR_LSPERR_Msk               (1UL << SCB_CFSR_LSPERR_Pos)                    /*!< SCB 
 643:/opt/XMClib/XMC_Peripheral_Library_v2.1.16/CMSIS/Include/core_cm4.h **** 
 644:/opt/XMClib/XMC_Peripheral_Library_v2.1.16/CMSIS/Include/core_cm4.h **** #define SCB_CFSR_STKERR_Pos               (SCB_CFSR_BUSFAULTSR_Pos + 4U)                  /*!< SCB 
 645:/opt/XMClib/XMC_Peripheral_Library_v2.1.16/CMSIS/Include/core_cm4.h **** #define SCB_CFSR_STKERR_Msk               (1UL << SCB_CFSR_STKERR_Pos)                    /*!< SCB 
 646:/opt/XMClib/XMC_Peripheral_Library_v2.1.16/CMSIS/Include/core_cm4.h **** 
 647:/opt/XMClib/XMC_Peripheral_Library_v2.1.16/CMSIS/Include/core_cm4.h **** #define SCB_CFSR_UNSTKERR_Pos             (SCB_CFSR_BUSFAULTSR_Pos + 3U)                  /*!< SCB 
 648:/opt/XMClib/XMC_Peripheral_Library_v2.1.16/CMSIS/Include/core_cm4.h **** #define SCB_CFSR_UNSTKERR_Msk             (1UL << SCB_CFSR_UNSTKERR_Pos)                  /*!< SCB 
 649:/opt/XMClib/XMC_Peripheral_Library_v2.1.16/CMSIS/Include/core_cm4.h **** 
 650:/opt/XMClib/XMC_Peripheral_Library_v2.1.16/CMSIS/Include/core_cm4.h **** #define SCB_CFSR_IMPRECISERR_Pos          (SCB_CFSR_BUSFAULTSR_Pos + 2U)                  /*!< SCB 
 651:/opt/XMClib/XMC_Peripheral_Library_v2.1.16/CMSIS/Include/core_cm4.h **** #define SCB_CFSR_IMPRECISERR_Msk          (1UL << SCB_CFSR_IMPRECISERR_Pos)               /*!< SCB 
 652:/opt/XMClib/XMC_Peripheral_Library_v2.1.16/CMSIS/Include/core_cm4.h **** 
 653:/opt/XMClib/XMC_Peripheral_Library_v2.1.16/CMSIS/Include/core_cm4.h **** #define SCB_CFSR_PRECISERR_Pos            (SCB_CFSR_BUSFAULTSR_Pos + 1U)                  /*!< SCB 
 654:/opt/XMClib/XMC_Peripheral_Library_v2.1.16/CMSIS/Include/core_cm4.h **** #define SCB_CFSR_PRECISERR_Msk            (1UL << SCB_CFSR_PRECISERR_Pos)                 /*!< SCB 
 655:/opt/XMClib/XMC_Peripheral_Library_v2.1.16/CMSIS/Include/core_cm4.h **** 
 656:/opt/XMClib/XMC_Peripheral_Library_v2.1.16/CMSIS/Include/core_cm4.h **** #define SCB_CFSR_IBUSERR_Pos              (SCB_CFSR_BUSFAULTSR_Pos + 0U)                  /*!< SCB 
 657:/opt/XMClib/XMC_Peripheral_Library_v2.1.16/CMSIS/Include/core_cm4.h **** #define SCB_CFSR_IBUSERR_Msk              (1UL << SCB_CFSR_IBUSERR_Pos)                   /*!< SCB 
 658:/opt/XMClib/XMC_Peripheral_Library_v2.1.16/CMSIS/Include/core_cm4.h **** 
 659:/opt/XMClib/XMC_Peripheral_Library_v2.1.16/CMSIS/Include/core_cm4.h **** /* UsageFault Status Register (part of SCB Configurable Fault Status Register) */
 660:/opt/XMClib/XMC_Peripheral_Library_v2.1.16/CMSIS/Include/core_cm4.h **** #define SCB_CFSR_DIVBYZERO_Pos            (SCB_CFSR_USGFAULTSR_Pos + 9U)                  /*!< SCB 
 661:/opt/XMClib/XMC_Peripheral_Library_v2.1.16/CMSIS/Include/core_cm4.h **** #define SCB_CFSR_DIVBYZERO_Msk            (1UL << SCB_CFSR_DIVBYZERO_Pos)                 /*!< SCB 
 662:/opt/XMClib/XMC_Peripheral_Library_v2.1.16/CMSIS/Include/core_cm4.h **** 
 663:/opt/XMClib/XMC_Peripheral_Library_v2.1.16/CMSIS/Include/core_cm4.h **** #define SCB_CFSR_UNALIGNED_Pos            (SCB_CFSR_USGFAULTSR_Pos + 8U)                  /*!< SCB 
 664:/opt/XMClib/XMC_Peripheral_Library_v2.1.16/CMSIS/Include/core_cm4.h **** #define SCB_CFSR_UNALIGNED_Msk            (1UL << SCB_CFSR_UNALIGNED_Pos)                 /*!< SCB 
 665:/opt/XMClib/XMC_Peripheral_Library_v2.1.16/CMSIS/Include/core_cm4.h **** 
 666:/opt/XMClib/XMC_Peripheral_Library_v2.1.16/CMSIS/Include/core_cm4.h **** #define SCB_CFSR_NOCP_Pos                 (SCB_CFSR_USGFAULTSR_Pos + 3U)                  /*!< SCB 
 667:/opt/XMClib/XMC_Peripheral_Library_v2.1.16/CMSIS/Include/core_cm4.h **** #define SCB_CFSR_NOCP_Msk                 (1UL << SCB_CFSR_NOCP_Pos)                      /*!< SCB 
 668:/opt/XMClib/XMC_Peripheral_Library_v2.1.16/CMSIS/Include/core_cm4.h **** 
 669:/opt/XMClib/XMC_Peripheral_Library_v2.1.16/CMSIS/Include/core_cm4.h **** #define SCB_CFSR_INVPC_Pos                (SCB_CFSR_USGFAULTSR_Pos + 2U)                  /*!< SCB 
 670:/opt/XMClib/XMC_Peripheral_Library_v2.1.16/CMSIS/Include/core_cm4.h **** #define SCB_CFSR_INVPC_Msk                (1UL << SCB_CFSR_INVPC_Pos)                     /*!< SCB 
 671:/opt/XMClib/XMC_Peripheral_Library_v2.1.16/CMSIS/Include/core_cm4.h **** 
 672:/opt/XMClib/XMC_Peripheral_Library_v2.1.16/CMSIS/Include/core_cm4.h **** #define SCB_CFSR_INVSTATE_Pos             (SCB_CFSR_USGFAULTSR_Pos + 1U)                  /*!< SCB 
 673:/opt/XMClib/XMC_Peripheral_Library_v2.1.16/CMSIS/Include/core_cm4.h **** #define SCB_CFSR_INVSTATE_Msk             (1UL << SCB_CFSR_INVSTATE_Pos)                  /*!< SCB 
 674:/opt/XMClib/XMC_Peripheral_Library_v2.1.16/CMSIS/Include/core_cm4.h **** 
 675:/opt/XMClib/XMC_Peripheral_Library_v2.1.16/CMSIS/Include/core_cm4.h **** #define SCB_CFSR_UNDEFINSTR_Pos           (SCB_CFSR_USGFAULTSR_Pos + 0U)                  /*!< SCB 
 676:/opt/XMClib/XMC_Peripheral_Library_v2.1.16/CMSIS/Include/core_cm4.h **** #define SCB_CFSR_UNDEFINSTR_Msk           (1UL << SCB_CFSR_UNDEFINSTR_Pos)                /*!< SCB 
 677:/opt/XMClib/XMC_Peripheral_Library_v2.1.16/CMSIS/Include/core_cm4.h **** 
 678:/opt/XMClib/XMC_Peripheral_Library_v2.1.16/CMSIS/Include/core_cm4.h **** /* SCB Hard Fault Status Register Definitions */
 679:/opt/XMClib/XMC_Peripheral_Library_v2.1.16/CMSIS/Include/core_cm4.h **** #define SCB_HFSR_DEBUGEVT_Pos              31U                                            /*!< SCB 
 680:/opt/XMClib/XMC_Peripheral_Library_v2.1.16/CMSIS/Include/core_cm4.h **** #define SCB_HFSR_DEBUGEVT_Msk              (1UL << SCB_HFSR_DEBUGEVT_Pos)                 /*!< SCB 
 681:/opt/XMClib/XMC_Peripheral_Library_v2.1.16/CMSIS/Include/core_cm4.h **** 
 682:/opt/XMClib/XMC_Peripheral_Library_v2.1.16/CMSIS/Include/core_cm4.h **** #define SCB_HFSR_FORCED_Pos                30U                                            /*!< SCB 
 683:/opt/XMClib/XMC_Peripheral_Library_v2.1.16/CMSIS/Include/core_cm4.h **** #define SCB_HFSR_FORCED_Msk                (1UL << SCB_HFSR_FORCED_Pos)                   /*!< SCB 
 684:/opt/XMClib/XMC_Peripheral_Library_v2.1.16/CMSIS/Include/core_cm4.h **** 
 685:/opt/XMClib/XMC_Peripheral_Library_v2.1.16/CMSIS/Include/core_cm4.h **** #define SCB_HFSR_VECTTBL_Pos                1U                                            /*!< SCB 
 686:/opt/XMClib/XMC_Peripheral_Library_v2.1.16/CMSIS/Include/core_cm4.h **** #define SCB_HFSR_VECTTBL_Msk               (1UL << SCB_HFSR_VECTTBL_Pos)                  /*!< SCB 
 687:/opt/XMClib/XMC_Peripheral_Library_v2.1.16/CMSIS/Include/core_cm4.h **** 
 688:/opt/XMClib/XMC_Peripheral_Library_v2.1.16/CMSIS/Include/core_cm4.h **** /* SCB Debug Fault Status Register Definitions */
 689:/opt/XMClib/XMC_Peripheral_Library_v2.1.16/CMSIS/Include/core_cm4.h **** #define SCB_DFSR_EXTERNAL_Pos               4U                                            /*!< SCB 
 690:/opt/XMClib/XMC_Peripheral_Library_v2.1.16/CMSIS/Include/core_cm4.h **** #define SCB_DFSR_EXTERNAL_Msk              (1UL << SCB_DFSR_EXTERNAL_Pos)                 /*!< SCB 
 691:/opt/XMClib/XMC_Peripheral_Library_v2.1.16/CMSIS/Include/core_cm4.h **** 
 692:/opt/XMClib/XMC_Peripheral_Library_v2.1.16/CMSIS/Include/core_cm4.h **** #define SCB_DFSR_VCATCH_Pos                 3U                                            /*!< SCB 
 693:/opt/XMClib/XMC_Peripheral_Library_v2.1.16/CMSIS/Include/core_cm4.h **** #define SCB_DFSR_VCATCH_Msk                (1UL << SCB_DFSR_VCATCH_Pos)                   /*!< SCB 
 694:/opt/XMClib/XMC_Peripheral_Library_v2.1.16/CMSIS/Include/core_cm4.h **** 
 695:/opt/XMClib/XMC_Peripheral_Library_v2.1.16/CMSIS/Include/core_cm4.h **** #define SCB_DFSR_DWTTRAP_Pos                2U                                            /*!< SCB 
 696:/opt/XMClib/XMC_Peripheral_Library_v2.1.16/CMSIS/Include/core_cm4.h **** #define SCB_DFSR_DWTTRAP_Msk               (1UL << SCB_DFSR_DWTTRAP_Pos)                  /*!< SCB 
 697:/opt/XMClib/XMC_Peripheral_Library_v2.1.16/CMSIS/Include/core_cm4.h **** 
 698:/opt/XMClib/XMC_Peripheral_Library_v2.1.16/CMSIS/Include/core_cm4.h **** #define SCB_DFSR_BKPT_Pos                   1U                                            /*!< SCB 
 699:/opt/XMClib/XMC_Peripheral_Library_v2.1.16/CMSIS/Include/core_cm4.h **** #define SCB_DFSR_BKPT_Msk                  (1UL << SCB_DFSR_BKPT_Pos)                     /*!< SCB 
 700:/opt/XMClib/XMC_Peripheral_Library_v2.1.16/CMSIS/Include/core_cm4.h **** 
 701:/opt/XMClib/XMC_Peripheral_Library_v2.1.16/CMSIS/Include/core_cm4.h **** #define SCB_DFSR_HALTED_Pos                 0U                                            /*!< SCB 
 702:/opt/XMClib/XMC_Peripheral_Library_v2.1.16/CMSIS/Include/core_cm4.h **** #define SCB_DFSR_HALTED_Msk                (1UL /*<< SCB_DFSR_HALTED_Pos*/)               /*!< SCB 
 703:/opt/XMClib/XMC_Peripheral_Library_v2.1.16/CMSIS/Include/core_cm4.h **** 
 704:/opt/XMClib/XMC_Peripheral_Library_v2.1.16/CMSIS/Include/core_cm4.h **** /*@} end of group CMSIS_SCB */
 705:/opt/XMClib/XMC_Peripheral_Library_v2.1.16/CMSIS/Include/core_cm4.h **** 
 706:/opt/XMClib/XMC_Peripheral_Library_v2.1.16/CMSIS/Include/core_cm4.h **** 
 707:/opt/XMClib/XMC_Peripheral_Library_v2.1.16/CMSIS/Include/core_cm4.h **** /**
 708:/opt/XMClib/XMC_Peripheral_Library_v2.1.16/CMSIS/Include/core_cm4.h ****   \ingroup  CMSIS_core_register
 709:/opt/XMClib/XMC_Peripheral_Library_v2.1.16/CMSIS/Include/core_cm4.h ****   \defgroup CMSIS_SCnSCB System Controls not in SCB (SCnSCB)
 710:/opt/XMClib/XMC_Peripheral_Library_v2.1.16/CMSIS/Include/core_cm4.h ****   \brief    Type definitions for the System Control and ID Register not in the SCB
 711:/opt/XMClib/XMC_Peripheral_Library_v2.1.16/CMSIS/Include/core_cm4.h ****   @{
 712:/opt/XMClib/XMC_Peripheral_Library_v2.1.16/CMSIS/Include/core_cm4.h ****  */
 713:/opt/XMClib/XMC_Peripheral_Library_v2.1.16/CMSIS/Include/core_cm4.h **** 
 714:/opt/XMClib/XMC_Peripheral_Library_v2.1.16/CMSIS/Include/core_cm4.h **** /**
 715:/opt/XMClib/XMC_Peripheral_Library_v2.1.16/CMSIS/Include/core_cm4.h ****   \brief  Structure type to access the System Control and ID Register not in the SCB.
 716:/opt/XMClib/XMC_Peripheral_Library_v2.1.16/CMSIS/Include/core_cm4.h ****  */
 717:/opt/XMClib/XMC_Peripheral_Library_v2.1.16/CMSIS/Include/core_cm4.h **** typedef struct
 718:/opt/XMClib/XMC_Peripheral_Library_v2.1.16/CMSIS/Include/core_cm4.h **** {
 719:/opt/XMClib/XMC_Peripheral_Library_v2.1.16/CMSIS/Include/core_cm4.h ****         uint32_t RESERVED0[1U];
 720:/opt/XMClib/XMC_Peripheral_Library_v2.1.16/CMSIS/Include/core_cm4.h ****   __IM  uint32_t ICTR;                   /*!< Offset: 0x004 (R/ )  Interrupt Controller Type Regist
 721:/opt/XMClib/XMC_Peripheral_Library_v2.1.16/CMSIS/Include/core_cm4.h ****   __IOM uint32_t ACTLR;                  /*!< Offset: 0x008 (R/W)  Auxiliary Control Register */
 722:/opt/XMClib/XMC_Peripheral_Library_v2.1.16/CMSIS/Include/core_cm4.h **** } SCnSCB_Type;
 723:/opt/XMClib/XMC_Peripheral_Library_v2.1.16/CMSIS/Include/core_cm4.h **** 
 724:/opt/XMClib/XMC_Peripheral_Library_v2.1.16/CMSIS/Include/core_cm4.h **** /* Interrupt Controller Type Register Definitions */
 725:/opt/XMClib/XMC_Peripheral_Library_v2.1.16/CMSIS/Include/core_cm4.h **** #define SCnSCB_ICTR_INTLINESNUM_Pos         0U                                         /*!< ICTR: I
 726:/opt/XMClib/XMC_Peripheral_Library_v2.1.16/CMSIS/Include/core_cm4.h **** #define SCnSCB_ICTR_INTLINESNUM_Msk        (0xFUL /*<< SCnSCB_ICTR_INTLINESNUM_Pos*/)  /*!< ICTR: I
 727:/opt/XMClib/XMC_Peripheral_Library_v2.1.16/CMSIS/Include/core_cm4.h **** 
 728:/opt/XMClib/XMC_Peripheral_Library_v2.1.16/CMSIS/Include/core_cm4.h **** /* Auxiliary Control Register Definitions */
 729:/opt/XMClib/XMC_Peripheral_Library_v2.1.16/CMSIS/Include/core_cm4.h **** #define SCnSCB_ACTLR_DISOOFP_Pos            9U                                         /*!< ACTLR: 
 730:/opt/XMClib/XMC_Peripheral_Library_v2.1.16/CMSIS/Include/core_cm4.h **** #define SCnSCB_ACTLR_DISOOFP_Msk           (1UL << SCnSCB_ACTLR_DISOOFP_Pos)           /*!< ACTLR: 
 731:/opt/XMClib/XMC_Peripheral_Library_v2.1.16/CMSIS/Include/core_cm4.h **** 
 732:/opt/XMClib/XMC_Peripheral_Library_v2.1.16/CMSIS/Include/core_cm4.h **** #define SCnSCB_ACTLR_DISFPCA_Pos            8U                                         /*!< ACTLR: 
 733:/opt/XMClib/XMC_Peripheral_Library_v2.1.16/CMSIS/Include/core_cm4.h **** #define SCnSCB_ACTLR_DISFPCA_Msk           (1UL << SCnSCB_ACTLR_DISFPCA_Pos)           /*!< ACTLR: 
 734:/opt/XMClib/XMC_Peripheral_Library_v2.1.16/CMSIS/Include/core_cm4.h **** 
 735:/opt/XMClib/XMC_Peripheral_Library_v2.1.16/CMSIS/Include/core_cm4.h **** #define SCnSCB_ACTLR_DISFOLD_Pos            2U                                         /*!< ACTLR: 
 736:/opt/XMClib/XMC_Peripheral_Library_v2.1.16/CMSIS/Include/core_cm4.h **** #define SCnSCB_ACTLR_DISFOLD_Msk           (1UL << SCnSCB_ACTLR_DISFOLD_Pos)           /*!< ACTLR: 
 737:/opt/XMClib/XMC_Peripheral_Library_v2.1.16/CMSIS/Include/core_cm4.h **** 
 738:/opt/XMClib/XMC_Peripheral_Library_v2.1.16/CMSIS/Include/core_cm4.h **** #define SCnSCB_ACTLR_DISDEFWBUF_Pos         1U                                         /*!< ACTLR: 
 739:/opt/XMClib/XMC_Peripheral_Library_v2.1.16/CMSIS/Include/core_cm4.h **** #define SCnSCB_ACTLR_DISDEFWBUF_Msk        (1UL << SCnSCB_ACTLR_DISDEFWBUF_Pos)        /*!< ACTLR: 
 740:/opt/XMClib/XMC_Peripheral_Library_v2.1.16/CMSIS/Include/core_cm4.h **** 
 741:/opt/XMClib/XMC_Peripheral_Library_v2.1.16/CMSIS/Include/core_cm4.h **** #define SCnSCB_ACTLR_DISMCYCINT_Pos         0U                                         /*!< ACTLR: 
 742:/opt/XMClib/XMC_Peripheral_Library_v2.1.16/CMSIS/Include/core_cm4.h **** #define SCnSCB_ACTLR_DISMCYCINT_Msk        (1UL /*<< SCnSCB_ACTLR_DISMCYCINT_Pos*/)    /*!< ACTLR: 
 743:/opt/XMClib/XMC_Peripheral_Library_v2.1.16/CMSIS/Include/core_cm4.h **** 
 744:/opt/XMClib/XMC_Peripheral_Library_v2.1.16/CMSIS/Include/core_cm4.h **** /*@} end of group CMSIS_SCnotSCB */
 745:/opt/XMClib/XMC_Peripheral_Library_v2.1.16/CMSIS/Include/core_cm4.h **** 
 746:/opt/XMClib/XMC_Peripheral_Library_v2.1.16/CMSIS/Include/core_cm4.h **** 
 747:/opt/XMClib/XMC_Peripheral_Library_v2.1.16/CMSIS/Include/core_cm4.h **** /**
 748:/opt/XMClib/XMC_Peripheral_Library_v2.1.16/CMSIS/Include/core_cm4.h ****   \ingroup  CMSIS_core_register
 749:/opt/XMClib/XMC_Peripheral_Library_v2.1.16/CMSIS/Include/core_cm4.h ****   \defgroup CMSIS_SysTick     System Tick Timer (SysTick)
 750:/opt/XMClib/XMC_Peripheral_Library_v2.1.16/CMSIS/Include/core_cm4.h ****   \brief    Type definitions for the System Timer Registers.
 751:/opt/XMClib/XMC_Peripheral_Library_v2.1.16/CMSIS/Include/core_cm4.h ****   @{
 752:/opt/XMClib/XMC_Peripheral_Library_v2.1.16/CMSIS/Include/core_cm4.h ****  */
 753:/opt/XMClib/XMC_Peripheral_Library_v2.1.16/CMSIS/Include/core_cm4.h **** 
 754:/opt/XMClib/XMC_Peripheral_Library_v2.1.16/CMSIS/Include/core_cm4.h **** /**
 755:/opt/XMClib/XMC_Peripheral_Library_v2.1.16/CMSIS/Include/core_cm4.h ****   \brief  Structure type to access the System Timer (SysTick).
 756:/opt/XMClib/XMC_Peripheral_Library_v2.1.16/CMSIS/Include/core_cm4.h ****  */
 757:/opt/XMClib/XMC_Peripheral_Library_v2.1.16/CMSIS/Include/core_cm4.h **** typedef struct
 758:/opt/XMClib/XMC_Peripheral_Library_v2.1.16/CMSIS/Include/core_cm4.h **** {
 759:/opt/XMClib/XMC_Peripheral_Library_v2.1.16/CMSIS/Include/core_cm4.h ****   __IOM uint32_t CTRL;                   /*!< Offset: 0x000 (R/W)  SysTick Control and Status Regis
 760:/opt/XMClib/XMC_Peripheral_Library_v2.1.16/CMSIS/Include/core_cm4.h ****   __IOM uint32_t LOAD;                   /*!< Offset: 0x004 (R/W)  SysTick Reload Value Register */
 761:/opt/XMClib/XMC_Peripheral_Library_v2.1.16/CMSIS/Include/core_cm4.h ****   __IOM uint32_t VAL;                    /*!< Offset: 0x008 (R/W)  SysTick Current Value Register *
 762:/opt/XMClib/XMC_Peripheral_Library_v2.1.16/CMSIS/Include/core_cm4.h ****   __IM  uint32_t CALIB;                  /*!< Offset: 0x00C (R/ )  SysTick Calibration Register */
 763:/opt/XMClib/XMC_Peripheral_Library_v2.1.16/CMSIS/Include/core_cm4.h **** } SysTick_Type;
 764:/opt/XMClib/XMC_Peripheral_Library_v2.1.16/CMSIS/Include/core_cm4.h **** 
 765:/opt/XMClib/XMC_Peripheral_Library_v2.1.16/CMSIS/Include/core_cm4.h **** /* SysTick Control / Status Register Definitions */
 766:/opt/XMClib/XMC_Peripheral_Library_v2.1.16/CMSIS/Include/core_cm4.h **** #define SysTick_CTRL_COUNTFLAG_Pos         16U                                            /*!< SysT
 767:/opt/XMClib/XMC_Peripheral_Library_v2.1.16/CMSIS/Include/core_cm4.h **** #define SysTick_CTRL_COUNTFLAG_Msk         (1UL << SysTick_CTRL_COUNTFLAG_Pos)            /*!< SysT
 768:/opt/XMClib/XMC_Peripheral_Library_v2.1.16/CMSIS/Include/core_cm4.h **** 
 769:/opt/XMClib/XMC_Peripheral_Library_v2.1.16/CMSIS/Include/core_cm4.h **** #define SysTick_CTRL_CLKSOURCE_Pos          2U                                            /*!< SysT
 770:/opt/XMClib/XMC_Peripheral_Library_v2.1.16/CMSIS/Include/core_cm4.h **** #define SysTick_CTRL_CLKSOURCE_Msk         (1UL << SysTick_CTRL_CLKSOURCE_Pos)            /*!< SysT
 771:/opt/XMClib/XMC_Peripheral_Library_v2.1.16/CMSIS/Include/core_cm4.h **** 
 772:/opt/XMClib/XMC_Peripheral_Library_v2.1.16/CMSIS/Include/core_cm4.h **** #define SysTick_CTRL_TICKINT_Pos            1U                                            /*!< SysT
 773:/opt/XMClib/XMC_Peripheral_Library_v2.1.16/CMSIS/Include/core_cm4.h **** #define SysTick_CTRL_TICKINT_Msk           (1UL << SysTick_CTRL_TICKINT_Pos)              /*!< SysT
 774:/opt/XMClib/XMC_Peripheral_Library_v2.1.16/CMSIS/Include/core_cm4.h **** 
 775:/opt/XMClib/XMC_Peripheral_Library_v2.1.16/CMSIS/Include/core_cm4.h **** #define SysTick_CTRL_ENABLE_Pos             0U                                            /*!< SysT
 776:/opt/XMClib/XMC_Peripheral_Library_v2.1.16/CMSIS/Include/core_cm4.h **** #define SysTick_CTRL_ENABLE_Msk            (1UL /*<< SysTick_CTRL_ENABLE_Pos*/)           /*!< SysT
 777:/opt/XMClib/XMC_Peripheral_Library_v2.1.16/CMSIS/Include/core_cm4.h **** 
 778:/opt/XMClib/XMC_Peripheral_Library_v2.1.16/CMSIS/Include/core_cm4.h **** /* SysTick Reload Register Definitions */
 779:/opt/XMClib/XMC_Peripheral_Library_v2.1.16/CMSIS/Include/core_cm4.h **** #define SysTick_LOAD_RELOAD_Pos             0U                                            /*!< SysT
 780:/opt/XMClib/XMC_Peripheral_Library_v2.1.16/CMSIS/Include/core_cm4.h **** #define SysTick_LOAD_RELOAD_Msk            (0xFFFFFFUL /*<< SysTick_LOAD_RELOAD_Pos*/)    /*!< SysT
 781:/opt/XMClib/XMC_Peripheral_Library_v2.1.16/CMSIS/Include/core_cm4.h **** 
 782:/opt/XMClib/XMC_Peripheral_Library_v2.1.16/CMSIS/Include/core_cm4.h **** /* SysTick Current Register Definitions */
 783:/opt/XMClib/XMC_Peripheral_Library_v2.1.16/CMSIS/Include/core_cm4.h **** #define SysTick_VAL_CURRENT_Pos             0U                                            /*!< SysT
 784:/opt/XMClib/XMC_Peripheral_Library_v2.1.16/CMSIS/Include/core_cm4.h **** #define SysTick_VAL_CURRENT_Msk            (0xFFFFFFUL /*<< SysTick_VAL_CURRENT_Pos*/)    /*!< SysT
 785:/opt/XMClib/XMC_Peripheral_Library_v2.1.16/CMSIS/Include/core_cm4.h **** 
 786:/opt/XMClib/XMC_Peripheral_Library_v2.1.16/CMSIS/Include/core_cm4.h **** /* SysTick Calibration Register Definitions */
 787:/opt/XMClib/XMC_Peripheral_Library_v2.1.16/CMSIS/Include/core_cm4.h **** #define SysTick_CALIB_NOREF_Pos            31U                                            /*!< SysT
 788:/opt/XMClib/XMC_Peripheral_Library_v2.1.16/CMSIS/Include/core_cm4.h **** #define SysTick_CALIB_NOREF_Msk            (1UL << SysTick_CALIB_NOREF_Pos)               /*!< SysT
 789:/opt/XMClib/XMC_Peripheral_Library_v2.1.16/CMSIS/Include/core_cm4.h **** 
 790:/opt/XMClib/XMC_Peripheral_Library_v2.1.16/CMSIS/Include/core_cm4.h **** #define SysTick_CALIB_SKEW_Pos             30U                                            /*!< SysT
 791:/opt/XMClib/XMC_Peripheral_Library_v2.1.16/CMSIS/Include/core_cm4.h **** #define SysTick_CALIB_SKEW_Msk             (1UL << SysTick_CALIB_SKEW_Pos)                /*!< SysT
 792:/opt/XMClib/XMC_Peripheral_Library_v2.1.16/CMSIS/Include/core_cm4.h **** 
 793:/opt/XMClib/XMC_Peripheral_Library_v2.1.16/CMSIS/Include/core_cm4.h **** #define SysTick_CALIB_TENMS_Pos             0U                                            /*!< SysT
 794:/opt/XMClib/XMC_Peripheral_Library_v2.1.16/CMSIS/Include/core_cm4.h **** #define SysTick_CALIB_TENMS_Msk            (0xFFFFFFUL /*<< SysTick_CALIB_TENMS_Pos*/)    /*!< SysT
 795:/opt/XMClib/XMC_Peripheral_Library_v2.1.16/CMSIS/Include/core_cm4.h **** 
 796:/opt/XMClib/XMC_Peripheral_Library_v2.1.16/CMSIS/Include/core_cm4.h **** /*@} end of group CMSIS_SysTick */
 797:/opt/XMClib/XMC_Peripheral_Library_v2.1.16/CMSIS/Include/core_cm4.h **** 
 798:/opt/XMClib/XMC_Peripheral_Library_v2.1.16/CMSIS/Include/core_cm4.h **** 
 799:/opt/XMClib/XMC_Peripheral_Library_v2.1.16/CMSIS/Include/core_cm4.h **** /**
 800:/opt/XMClib/XMC_Peripheral_Library_v2.1.16/CMSIS/Include/core_cm4.h ****   \ingroup  CMSIS_core_register
 801:/opt/XMClib/XMC_Peripheral_Library_v2.1.16/CMSIS/Include/core_cm4.h ****   \defgroup CMSIS_ITM     Instrumentation Trace Macrocell (ITM)
 802:/opt/XMClib/XMC_Peripheral_Library_v2.1.16/CMSIS/Include/core_cm4.h ****   \brief    Type definitions for the Instrumentation Trace Macrocell (ITM)
 803:/opt/XMClib/XMC_Peripheral_Library_v2.1.16/CMSIS/Include/core_cm4.h ****   @{
 804:/opt/XMClib/XMC_Peripheral_Library_v2.1.16/CMSIS/Include/core_cm4.h ****  */
 805:/opt/XMClib/XMC_Peripheral_Library_v2.1.16/CMSIS/Include/core_cm4.h **** 
 806:/opt/XMClib/XMC_Peripheral_Library_v2.1.16/CMSIS/Include/core_cm4.h **** /**
 807:/opt/XMClib/XMC_Peripheral_Library_v2.1.16/CMSIS/Include/core_cm4.h ****   \brief  Structure type to access the Instrumentation Trace Macrocell Register (ITM).
 808:/opt/XMClib/XMC_Peripheral_Library_v2.1.16/CMSIS/Include/core_cm4.h ****  */
 809:/opt/XMClib/XMC_Peripheral_Library_v2.1.16/CMSIS/Include/core_cm4.h **** typedef struct
 810:/opt/XMClib/XMC_Peripheral_Library_v2.1.16/CMSIS/Include/core_cm4.h **** {
 811:/opt/XMClib/XMC_Peripheral_Library_v2.1.16/CMSIS/Include/core_cm4.h ****   __OM  union
 812:/opt/XMClib/XMC_Peripheral_Library_v2.1.16/CMSIS/Include/core_cm4.h ****   {
 813:/opt/XMClib/XMC_Peripheral_Library_v2.1.16/CMSIS/Include/core_cm4.h ****     __OM  uint8_t    u8;                 /*!< Offset: 0x000 ( /W)  ITM Stimulus Port 8-bit */
 814:/opt/XMClib/XMC_Peripheral_Library_v2.1.16/CMSIS/Include/core_cm4.h ****     __OM  uint16_t   u16;                /*!< Offset: 0x000 ( /W)  ITM Stimulus Port 16-bit */
 815:/opt/XMClib/XMC_Peripheral_Library_v2.1.16/CMSIS/Include/core_cm4.h ****     __OM  uint32_t   u32;                /*!< Offset: 0x000 ( /W)  ITM Stimulus Port 32-bit */
 816:/opt/XMClib/XMC_Peripheral_Library_v2.1.16/CMSIS/Include/core_cm4.h ****   }  PORT [32U];                         /*!< Offset: 0x000 ( /W)  ITM Stimulus Port Registers */
 817:/opt/XMClib/XMC_Peripheral_Library_v2.1.16/CMSIS/Include/core_cm4.h ****         uint32_t RESERVED0[864U];
 818:/opt/XMClib/XMC_Peripheral_Library_v2.1.16/CMSIS/Include/core_cm4.h ****   __IOM uint32_t TER;                    /*!< Offset: 0xE00 (R/W)  ITM Trace Enable Register */
 819:/opt/XMClib/XMC_Peripheral_Library_v2.1.16/CMSIS/Include/core_cm4.h ****         uint32_t RESERVED1[15U];
 820:/opt/XMClib/XMC_Peripheral_Library_v2.1.16/CMSIS/Include/core_cm4.h ****   __IOM uint32_t TPR;                    /*!< Offset: 0xE40 (R/W)  ITM Trace Privilege Register */
 821:/opt/XMClib/XMC_Peripheral_Library_v2.1.16/CMSIS/Include/core_cm4.h ****         uint32_t RESERVED2[15U];
 822:/opt/XMClib/XMC_Peripheral_Library_v2.1.16/CMSIS/Include/core_cm4.h ****   __IOM uint32_t TCR;                    /*!< Offset: 0xE80 (R/W)  ITM Trace Control Register */
 823:/opt/XMClib/XMC_Peripheral_Library_v2.1.16/CMSIS/Include/core_cm4.h ****         uint32_t RESERVED3[29U];
 824:/opt/XMClib/XMC_Peripheral_Library_v2.1.16/CMSIS/Include/core_cm4.h ****   __OM  uint32_t IWR;                    /*!< Offset: 0xEF8 ( /W)  ITM Integration Write Register *
 825:/opt/XMClib/XMC_Peripheral_Library_v2.1.16/CMSIS/Include/core_cm4.h ****   __IM  uint32_t IRR;                    /*!< Offset: 0xEFC (R/ )  ITM Integration Read Register */
 826:/opt/XMClib/XMC_Peripheral_Library_v2.1.16/CMSIS/Include/core_cm4.h ****   __IOM uint32_t IMCR;                   /*!< Offset: 0xF00 (R/W)  ITM Integration Mode Control Reg
 827:/opt/XMClib/XMC_Peripheral_Library_v2.1.16/CMSIS/Include/core_cm4.h ****         uint32_t RESERVED4[43U];
 828:/opt/XMClib/XMC_Peripheral_Library_v2.1.16/CMSIS/Include/core_cm4.h ****   __OM  uint32_t LAR;                    /*!< Offset: 0xFB0 ( /W)  ITM Lock Access Register */
 829:/opt/XMClib/XMC_Peripheral_Library_v2.1.16/CMSIS/Include/core_cm4.h ****   __IM  uint32_t LSR;                    /*!< Offset: 0xFB4 (R/ )  ITM Lock Status Register */
 830:/opt/XMClib/XMC_Peripheral_Library_v2.1.16/CMSIS/Include/core_cm4.h ****         uint32_t RESERVED5[6U];
 831:/opt/XMClib/XMC_Peripheral_Library_v2.1.16/CMSIS/Include/core_cm4.h ****   __IM  uint32_t PID4;                   /*!< Offset: 0xFD0 (R/ )  ITM Peripheral Identification Re
 832:/opt/XMClib/XMC_Peripheral_Library_v2.1.16/CMSIS/Include/core_cm4.h ****   __IM  uint32_t PID5;                   /*!< Offset: 0xFD4 (R/ )  ITM Peripheral Identification Re
 833:/opt/XMClib/XMC_Peripheral_Library_v2.1.16/CMSIS/Include/core_cm4.h ****   __IM  uint32_t PID6;                   /*!< Offset: 0xFD8 (R/ )  ITM Peripheral Identification Re
 834:/opt/XMClib/XMC_Peripheral_Library_v2.1.16/CMSIS/Include/core_cm4.h ****   __IM  uint32_t PID7;                   /*!< Offset: 0xFDC (R/ )  ITM Peripheral Identification Re
 835:/opt/XMClib/XMC_Peripheral_Library_v2.1.16/CMSIS/Include/core_cm4.h ****   __IM  uint32_t PID0;                   /*!< Offset: 0xFE0 (R/ )  ITM Peripheral Identification Re
 836:/opt/XMClib/XMC_Peripheral_Library_v2.1.16/CMSIS/Include/core_cm4.h ****   __IM  uint32_t PID1;                   /*!< Offset: 0xFE4 (R/ )  ITM Peripheral Identification Re
 837:/opt/XMClib/XMC_Peripheral_Library_v2.1.16/CMSIS/Include/core_cm4.h ****   __IM  uint32_t PID2;                   /*!< Offset: 0xFE8 (R/ )  ITM Peripheral Identification Re
 838:/opt/XMClib/XMC_Peripheral_Library_v2.1.16/CMSIS/Include/core_cm4.h ****   __IM  uint32_t PID3;                   /*!< Offset: 0xFEC (R/ )  ITM Peripheral Identification Re
 839:/opt/XMClib/XMC_Peripheral_Library_v2.1.16/CMSIS/Include/core_cm4.h ****   __IM  uint32_t CID0;                   /*!< Offset: 0xFF0 (R/ )  ITM Component  Identification Re
 840:/opt/XMClib/XMC_Peripheral_Library_v2.1.16/CMSIS/Include/core_cm4.h ****   __IM  uint32_t CID1;                   /*!< Offset: 0xFF4 (R/ )  ITM Component  Identification Re
 841:/opt/XMClib/XMC_Peripheral_Library_v2.1.16/CMSIS/Include/core_cm4.h ****   __IM  uint32_t CID2;                   /*!< Offset: 0xFF8 (R/ )  ITM Component  Identification Re
 842:/opt/XMClib/XMC_Peripheral_Library_v2.1.16/CMSIS/Include/core_cm4.h ****   __IM  uint32_t CID3;                   /*!< Offset: 0xFFC (R/ )  ITM Component  Identification Re
 843:/opt/XMClib/XMC_Peripheral_Library_v2.1.16/CMSIS/Include/core_cm4.h **** } ITM_Type;
 844:/opt/XMClib/XMC_Peripheral_Library_v2.1.16/CMSIS/Include/core_cm4.h **** 
 845:/opt/XMClib/XMC_Peripheral_Library_v2.1.16/CMSIS/Include/core_cm4.h **** /* ITM Trace Privilege Register Definitions */
 846:/opt/XMClib/XMC_Peripheral_Library_v2.1.16/CMSIS/Include/core_cm4.h **** #define ITM_TPR_PRIVMASK_Pos                0U                                            /*!< ITM 
 847:/opt/XMClib/XMC_Peripheral_Library_v2.1.16/CMSIS/Include/core_cm4.h **** #define ITM_TPR_PRIVMASK_Msk               (0xFUL /*<< ITM_TPR_PRIVMASK_Pos*/)            /*!< ITM 
 848:/opt/XMClib/XMC_Peripheral_Library_v2.1.16/CMSIS/Include/core_cm4.h **** 
 849:/opt/XMClib/XMC_Peripheral_Library_v2.1.16/CMSIS/Include/core_cm4.h **** /* ITM Trace Control Register Definitions */
 850:/opt/XMClib/XMC_Peripheral_Library_v2.1.16/CMSIS/Include/core_cm4.h **** #define ITM_TCR_BUSY_Pos                   23U                                            /*!< ITM 
 851:/opt/XMClib/XMC_Peripheral_Library_v2.1.16/CMSIS/Include/core_cm4.h **** #define ITM_TCR_BUSY_Msk                   (1UL << ITM_TCR_BUSY_Pos)                      /*!< ITM 
 852:/opt/XMClib/XMC_Peripheral_Library_v2.1.16/CMSIS/Include/core_cm4.h **** 
 853:/opt/XMClib/XMC_Peripheral_Library_v2.1.16/CMSIS/Include/core_cm4.h **** #define ITM_TCR_TraceBusID_Pos             16U                                            /*!< ITM 
 854:/opt/XMClib/XMC_Peripheral_Library_v2.1.16/CMSIS/Include/core_cm4.h **** #define ITM_TCR_TraceBusID_Msk             (0x7FUL << ITM_TCR_TraceBusID_Pos)             /*!< ITM 
 855:/opt/XMClib/XMC_Peripheral_Library_v2.1.16/CMSIS/Include/core_cm4.h **** 
 856:/opt/XMClib/XMC_Peripheral_Library_v2.1.16/CMSIS/Include/core_cm4.h **** #define ITM_TCR_GTSFREQ_Pos                10U                                            /*!< ITM 
 857:/opt/XMClib/XMC_Peripheral_Library_v2.1.16/CMSIS/Include/core_cm4.h **** #define ITM_TCR_GTSFREQ_Msk                (3UL << ITM_TCR_GTSFREQ_Pos)                   /*!< ITM 
 858:/opt/XMClib/XMC_Peripheral_Library_v2.1.16/CMSIS/Include/core_cm4.h **** 
 859:/opt/XMClib/XMC_Peripheral_Library_v2.1.16/CMSIS/Include/core_cm4.h **** #define ITM_TCR_TSPrescale_Pos              8U                                            /*!< ITM 
 860:/opt/XMClib/XMC_Peripheral_Library_v2.1.16/CMSIS/Include/core_cm4.h **** #define ITM_TCR_TSPrescale_Msk             (3UL << ITM_TCR_TSPrescale_Pos)                /*!< ITM 
 861:/opt/XMClib/XMC_Peripheral_Library_v2.1.16/CMSIS/Include/core_cm4.h **** 
 862:/opt/XMClib/XMC_Peripheral_Library_v2.1.16/CMSIS/Include/core_cm4.h **** #define ITM_TCR_SWOENA_Pos                  4U                                            /*!< ITM 
 863:/opt/XMClib/XMC_Peripheral_Library_v2.1.16/CMSIS/Include/core_cm4.h **** #define ITM_TCR_SWOENA_Msk                 (1UL << ITM_TCR_SWOENA_Pos)                    /*!< ITM 
 864:/opt/XMClib/XMC_Peripheral_Library_v2.1.16/CMSIS/Include/core_cm4.h **** 
 865:/opt/XMClib/XMC_Peripheral_Library_v2.1.16/CMSIS/Include/core_cm4.h **** #define ITM_TCR_DWTENA_Pos                  3U                                            /*!< ITM 
 866:/opt/XMClib/XMC_Peripheral_Library_v2.1.16/CMSIS/Include/core_cm4.h **** #define ITM_TCR_DWTENA_Msk                 (1UL << ITM_TCR_DWTENA_Pos)                    /*!< ITM 
 867:/opt/XMClib/XMC_Peripheral_Library_v2.1.16/CMSIS/Include/core_cm4.h **** 
 868:/opt/XMClib/XMC_Peripheral_Library_v2.1.16/CMSIS/Include/core_cm4.h **** #define ITM_TCR_SYNCENA_Pos                 2U                                            /*!< ITM 
 869:/opt/XMClib/XMC_Peripheral_Library_v2.1.16/CMSIS/Include/core_cm4.h **** #define ITM_TCR_SYNCENA_Msk                (1UL << ITM_TCR_SYNCENA_Pos)                   /*!< ITM 
 870:/opt/XMClib/XMC_Peripheral_Library_v2.1.16/CMSIS/Include/core_cm4.h **** 
 871:/opt/XMClib/XMC_Peripheral_Library_v2.1.16/CMSIS/Include/core_cm4.h **** #define ITM_TCR_TSENA_Pos                   1U                                            /*!< ITM 
 872:/opt/XMClib/XMC_Peripheral_Library_v2.1.16/CMSIS/Include/core_cm4.h **** #define ITM_TCR_TSENA_Msk                  (1UL << ITM_TCR_TSENA_Pos)                     /*!< ITM 
 873:/opt/XMClib/XMC_Peripheral_Library_v2.1.16/CMSIS/Include/core_cm4.h **** 
 874:/opt/XMClib/XMC_Peripheral_Library_v2.1.16/CMSIS/Include/core_cm4.h **** #define ITM_TCR_ITMENA_Pos                  0U                                            /*!< ITM 
 875:/opt/XMClib/XMC_Peripheral_Library_v2.1.16/CMSIS/Include/core_cm4.h **** #define ITM_TCR_ITMENA_Msk                 (1UL /*<< ITM_TCR_ITMENA_Pos*/)                /*!< ITM 
 876:/opt/XMClib/XMC_Peripheral_Library_v2.1.16/CMSIS/Include/core_cm4.h **** 
 877:/opt/XMClib/XMC_Peripheral_Library_v2.1.16/CMSIS/Include/core_cm4.h **** /* ITM Integration Write Register Definitions */
 878:/opt/XMClib/XMC_Peripheral_Library_v2.1.16/CMSIS/Include/core_cm4.h **** #define ITM_IWR_ATVALIDM_Pos                0U                                            /*!< ITM 
 879:/opt/XMClib/XMC_Peripheral_Library_v2.1.16/CMSIS/Include/core_cm4.h **** #define ITM_IWR_ATVALIDM_Msk               (1UL /*<< ITM_IWR_ATVALIDM_Pos*/)              /*!< ITM 
 880:/opt/XMClib/XMC_Peripheral_Library_v2.1.16/CMSIS/Include/core_cm4.h **** 
 881:/opt/XMClib/XMC_Peripheral_Library_v2.1.16/CMSIS/Include/core_cm4.h **** /* ITM Integration Read Register Definitions */
 882:/opt/XMClib/XMC_Peripheral_Library_v2.1.16/CMSIS/Include/core_cm4.h **** #define ITM_IRR_ATREADYM_Pos                0U                                            /*!< ITM 
 883:/opt/XMClib/XMC_Peripheral_Library_v2.1.16/CMSIS/Include/core_cm4.h **** #define ITM_IRR_ATREADYM_Msk               (1UL /*<< ITM_IRR_ATREADYM_Pos*/)              /*!< ITM 
 884:/opt/XMClib/XMC_Peripheral_Library_v2.1.16/CMSIS/Include/core_cm4.h **** 
 885:/opt/XMClib/XMC_Peripheral_Library_v2.1.16/CMSIS/Include/core_cm4.h **** /* ITM Integration Mode Control Register Definitions */
 886:/opt/XMClib/XMC_Peripheral_Library_v2.1.16/CMSIS/Include/core_cm4.h **** #define ITM_IMCR_INTEGRATION_Pos            0U                                            /*!< ITM 
 887:/opt/XMClib/XMC_Peripheral_Library_v2.1.16/CMSIS/Include/core_cm4.h **** #define ITM_IMCR_INTEGRATION_Msk           (1UL /*<< ITM_IMCR_INTEGRATION_Pos*/)          /*!< ITM 
 888:/opt/XMClib/XMC_Peripheral_Library_v2.1.16/CMSIS/Include/core_cm4.h **** 
 889:/opt/XMClib/XMC_Peripheral_Library_v2.1.16/CMSIS/Include/core_cm4.h **** /* ITM Lock Status Register Definitions */
 890:/opt/XMClib/XMC_Peripheral_Library_v2.1.16/CMSIS/Include/core_cm4.h **** #define ITM_LSR_ByteAcc_Pos                 2U                                            /*!< ITM 
 891:/opt/XMClib/XMC_Peripheral_Library_v2.1.16/CMSIS/Include/core_cm4.h **** #define ITM_LSR_ByteAcc_Msk                (1UL << ITM_LSR_ByteAcc_Pos)                   /*!< ITM 
 892:/opt/XMClib/XMC_Peripheral_Library_v2.1.16/CMSIS/Include/core_cm4.h **** 
 893:/opt/XMClib/XMC_Peripheral_Library_v2.1.16/CMSIS/Include/core_cm4.h **** #define ITM_LSR_Access_Pos                  1U                                            /*!< ITM 
 894:/opt/XMClib/XMC_Peripheral_Library_v2.1.16/CMSIS/Include/core_cm4.h **** #define ITM_LSR_Access_Msk                 (1UL << ITM_LSR_Access_Pos)                    /*!< ITM 
 895:/opt/XMClib/XMC_Peripheral_Library_v2.1.16/CMSIS/Include/core_cm4.h **** 
 896:/opt/XMClib/XMC_Peripheral_Library_v2.1.16/CMSIS/Include/core_cm4.h **** #define ITM_LSR_Present_Pos                 0U                                            /*!< ITM 
 897:/opt/XMClib/XMC_Peripheral_Library_v2.1.16/CMSIS/Include/core_cm4.h **** #define ITM_LSR_Present_Msk                (1UL /*<< ITM_LSR_Present_Pos*/)               /*!< ITM 
 898:/opt/XMClib/XMC_Peripheral_Library_v2.1.16/CMSIS/Include/core_cm4.h **** 
 899:/opt/XMClib/XMC_Peripheral_Library_v2.1.16/CMSIS/Include/core_cm4.h **** /*@}*/ /* end of group CMSIS_ITM */
 900:/opt/XMClib/XMC_Peripheral_Library_v2.1.16/CMSIS/Include/core_cm4.h **** 
 901:/opt/XMClib/XMC_Peripheral_Library_v2.1.16/CMSIS/Include/core_cm4.h **** 
 902:/opt/XMClib/XMC_Peripheral_Library_v2.1.16/CMSIS/Include/core_cm4.h **** /**
 903:/opt/XMClib/XMC_Peripheral_Library_v2.1.16/CMSIS/Include/core_cm4.h ****   \ingroup  CMSIS_core_register
 904:/opt/XMClib/XMC_Peripheral_Library_v2.1.16/CMSIS/Include/core_cm4.h ****   \defgroup CMSIS_DWT     Data Watchpoint and Trace (DWT)
 905:/opt/XMClib/XMC_Peripheral_Library_v2.1.16/CMSIS/Include/core_cm4.h ****   \brief    Type definitions for the Data Watchpoint and Trace (DWT)
 906:/opt/XMClib/XMC_Peripheral_Library_v2.1.16/CMSIS/Include/core_cm4.h ****   @{
 907:/opt/XMClib/XMC_Peripheral_Library_v2.1.16/CMSIS/Include/core_cm4.h ****  */
 908:/opt/XMClib/XMC_Peripheral_Library_v2.1.16/CMSIS/Include/core_cm4.h **** 
 909:/opt/XMClib/XMC_Peripheral_Library_v2.1.16/CMSIS/Include/core_cm4.h **** /**
 910:/opt/XMClib/XMC_Peripheral_Library_v2.1.16/CMSIS/Include/core_cm4.h ****   \brief  Structure type to access the Data Watchpoint and Trace Register (DWT).
 911:/opt/XMClib/XMC_Peripheral_Library_v2.1.16/CMSIS/Include/core_cm4.h ****  */
 912:/opt/XMClib/XMC_Peripheral_Library_v2.1.16/CMSIS/Include/core_cm4.h **** typedef struct
 913:/opt/XMClib/XMC_Peripheral_Library_v2.1.16/CMSIS/Include/core_cm4.h **** {
 914:/opt/XMClib/XMC_Peripheral_Library_v2.1.16/CMSIS/Include/core_cm4.h ****   __IOM uint32_t CTRL;                   /*!< Offset: 0x000 (R/W)  Control Register */
 915:/opt/XMClib/XMC_Peripheral_Library_v2.1.16/CMSIS/Include/core_cm4.h ****   __IOM uint32_t CYCCNT;                 /*!< Offset: 0x004 (R/W)  Cycle Count Register */
 916:/opt/XMClib/XMC_Peripheral_Library_v2.1.16/CMSIS/Include/core_cm4.h ****   __IOM uint32_t CPICNT;                 /*!< Offset: 0x008 (R/W)  CPI Count Register */
 917:/opt/XMClib/XMC_Peripheral_Library_v2.1.16/CMSIS/Include/core_cm4.h ****   __IOM uint32_t EXCCNT;                 /*!< Offset: 0x00C (R/W)  Exception Overhead Count Registe
 918:/opt/XMClib/XMC_Peripheral_Library_v2.1.16/CMSIS/Include/core_cm4.h ****   __IOM uint32_t SLEEPCNT;               /*!< Offset: 0x010 (R/W)  Sleep Count Register */
 919:/opt/XMClib/XMC_Peripheral_Library_v2.1.16/CMSIS/Include/core_cm4.h ****   __IOM uint32_t LSUCNT;                 /*!< Offset: 0x014 (R/W)  LSU Count Register */
 920:/opt/XMClib/XMC_Peripheral_Library_v2.1.16/CMSIS/Include/core_cm4.h ****   __IOM uint32_t FOLDCNT;                /*!< Offset: 0x018 (R/W)  Folded-instruction Count Registe
 921:/opt/XMClib/XMC_Peripheral_Library_v2.1.16/CMSIS/Include/core_cm4.h ****   __IM  uint32_t PCSR;                   /*!< Offset: 0x01C (R/ )  Program Counter Sample Register 
 922:/opt/XMClib/XMC_Peripheral_Library_v2.1.16/CMSIS/Include/core_cm4.h ****   __IOM uint32_t COMP0;                  /*!< Offset: 0x020 (R/W)  Comparator Register 0 */
 923:/opt/XMClib/XMC_Peripheral_Library_v2.1.16/CMSIS/Include/core_cm4.h ****   __IOM uint32_t MASK0;                  /*!< Offset: 0x024 (R/W)  Mask Register 0 */
 924:/opt/XMClib/XMC_Peripheral_Library_v2.1.16/CMSIS/Include/core_cm4.h ****   __IOM uint32_t FUNCTION0;              /*!< Offset: 0x028 (R/W)  Function Register 0 */
 925:/opt/XMClib/XMC_Peripheral_Library_v2.1.16/CMSIS/Include/core_cm4.h ****         uint32_t RESERVED0[1U];
 926:/opt/XMClib/XMC_Peripheral_Library_v2.1.16/CMSIS/Include/core_cm4.h ****   __IOM uint32_t COMP1;                  /*!< Offset: 0x030 (R/W)  Comparator Register 1 */
 927:/opt/XMClib/XMC_Peripheral_Library_v2.1.16/CMSIS/Include/core_cm4.h ****   __IOM uint32_t MASK1;                  /*!< Offset: 0x034 (R/W)  Mask Register 1 */
 928:/opt/XMClib/XMC_Peripheral_Library_v2.1.16/CMSIS/Include/core_cm4.h ****   __IOM uint32_t FUNCTION1;              /*!< Offset: 0x038 (R/W)  Function Register 1 */
 929:/opt/XMClib/XMC_Peripheral_Library_v2.1.16/CMSIS/Include/core_cm4.h ****         uint32_t RESERVED1[1U];
 930:/opt/XMClib/XMC_Peripheral_Library_v2.1.16/CMSIS/Include/core_cm4.h ****   __IOM uint32_t COMP2;                  /*!< Offset: 0x040 (R/W)  Comparator Register 2 */
 931:/opt/XMClib/XMC_Peripheral_Library_v2.1.16/CMSIS/Include/core_cm4.h ****   __IOM uint32_t MASK2;                  /*!< Offset: 0x044 (R/W)  Mask Register 2 */
 932:/opt/XMClib/XMC_Peripheral_Library_v2.1.16/CMSIS/Include/core_cm4.h ****   __IOM uint32_t FUNCTION2;              /*!< Offset: 0x048 (R/W)  Function Register 2 */
 933:/opt/XMClib/XMC_Peripheral_Library_v2.1.16/CMSIS/Include/core_cm4.h ****         uint32_t RESERVED2[1U];
 934:/opt/XMClib/XMC_Peripheral_Library_v2.1.16/CMSIS/Include/core_cm4.h ****   __IOM uint32_t COMP3;                  /*!< Offset: 0x050 (R/W)  Comparator Register 3 */
 935:/opt/XMClib/XMC_Peripheral_Library_v2.1.16/CMSIS/Include/core_cm4.h ****   __IOM uint32_t MASK3;                  /*!< Offset: 0x054 (R/W)  Mask Register 3 */
 936:/opt/XMClib/XMC_Peripheral_Library_v2.1.16/CMSIS/Include/core_cm4.h ****   __IOM uint32_t FUNCTION3;              /*!< Offset: 0x058 (R/W)  Function Register 3 */
 937:/opt/XMClib/XMC_Peripheral_Library_v2.1.16/CMSIS/Include/core_cm4.h **** } DWT_Type;
 938:/opt/XMClib/XMC_Peripheral_Library_v2.1.16/CMSIS/Include/core_cm4.h **** 
 939:/opt/XMClib/XMC_Peripheral_Library_v2.1.16/CMSIS/Include/core_cm4.h **** /* DWT Control Register Definitions */
 940:/opt/XMClib/XMC_Peripheral_Library_v2.1.16/CMSIS/Include/core_cm4.h **** #define DWT_CTRL_NUMCOMP_Pos               28U                                         /*!< DWT CTR
 941:/opt/XMClib/XMC_Peripheral_Library_v2.1.16/CMSIS/Include/core_cm4.h **** #define DWT_CTRL_NUMCOMP_Msk               (0xFUL << DWT_CTRL_NUMCOMP_Pos)             /*!< DWT CTR
 942:/opt/XMClib/XMC_Peripheral_Library_v2.1.16/CMSIS/Include/core_cm4.h **** 
 943:/opt/XMClib/XMC_Peripheral_Library_v2.1.16/CMSIS/Include/core_cm4.h **** #define DWT_CTRL_NOTRCPKT_Pos              27U                                         /*!< DWT CTR
 944:/opt/XMClib/XMC_Peripheral_Library_v2.1.16/CMSIS/Include/core_cm4.h **** #define DWT_CTRL_NOTRCPKT_Msk              (0x1UL << DWT_CTRL_NOTRCPKT_Pos)            /*!< DWT CTR
 945:/opt/XMClib/XMC_Peripheral_Library_v2.1.16/CMSIS/Include/core_cm4.h **** 
 946:/opt/XMClib/XMC_Peripheral_Library_v2.1.16/CMSIS/Include/core_cm4.h **** #define DWT_CTRL_NOEXTTRIG_Pos             26U                                         /*!< DWT CTR
 947:/opt/XMClib/XMC_Peripheral_Library_v2.1.16/CMSIS/Include/core_cm4.h **** #define DWT_CTRL_NOEXTTRIG_Msk             (0x1UL << DWT_CTRL_NOEXTTRIG_Pos)           /*!< DWT CTR
 948:/opt/XMClib/XMC_Peripheral_Library_v2.1.16/CMSIS/Include/core_cm4.h **** 
 949:/opt/XMClib/XMC_Peripheral_Library_v2.1.16/CMSIS/Include/core_cm4.h **** #define DWT_CTRL_NOCYCCNT_Pos              25U                                         /*!< DWT CTR
 950:/opt/XMClib/XMC_Peripheral_Library_v2.1.16/CMSIS/Include/core_cm4.h **** #define DWT_CTRL_NOCYCCNT_Msk              (0x1UL << DWT_CTRL_NOCYCCNT_Pos)            /*!< DWT CTR
 951:/opt/XMClib/XMC_Peripheral_Library_v2.1.16/CMSIS/Include/core_cm4.h **** 
 952:/opt/XMClib/XMC_Peripheral_Library_v2.1.16/CMSIS/Include/core_cm4.h **** #define DWT_CTRL_NOPRFCNT_Pos              24U                                         /*!< DWT CTR
 953:/opt/XMClib/XMC_Peripheral_Library_v2.1.16/CMSIS/Include/core_cm4.h **** #define DWT_CTRL_NOPRFCNT_Msk              (0x1UL << DWT_CTRL_NOPRFCNT_Pos)            /*!< DWT CTR
 954:/opt/XMClib/XMC_Peripheral_Library_v2.1.16/CMSIS/Include/core_cm4.h **** 
 955:/opt/XMClib/XMC_Peripheral_Library_v2.1.16/CMSIS/Include/core_cm4.h **** #define DWT_CTRL_CYCEVTENA_Pos             22U                                         /*!< DWT CTR
 956:/opt/XMClib/XMC_Peripheral_Library_v2.1.16/CMSIS/Include/core_cm4.h **** #define DWT_CTRL_CYCEVTENA_Msk             (0x1UL << DWT_CTRL_CYCEVTENA_Pos)           /*!< DWT CTR
 957:/opt/XMClib/XMC_Peripheral_Library_v2.1.16/CMSIS/Include/core_cm4.h **** 
 958:/opt/XMClib/XMC_Peripheral_Library_v2.1.16/CMSIS/Include/core_cm4.h **** #define DWT_CTRL_FOLDEVTENA_Pos            21U                                         /*!< DWT CTR
 959:/opt/XMClib/XMC_Peripheral_Library_v2.1.16/CMSIS/Include/core_cm4.h **** #define DWT_CTRL_FOLDEVTENA_Msk            (0x1UL << DWT_CTRL_FOLDEVTENA_Pos)          /*!< DWT CTR
 960:/opt/XMClib/XMC_Peripheral_Library_v2.1.16/CMSIS/Include/core_cm4.h **** 
 961:/opt/XMClib/XMC_Peripheral_Library_v2.1.16/CMSIS/Include/core_cm4.h **** #define DWT_CTRL_LSUEVTENA_Pos             20U                                         /*!< DWT CTR
 962:/opt/XMClib/XMC_Peripheral_Library_v2.1.16/CMSIS/Include/core_cm4.h **** #define DWT_CTRL_LSUEVTENA_Msk             (0x1UL << DWT_CTRL_LSUEVTENA_Pos)           /*!< DWT CTR
 963:/opt/XMClib/XMC_Peripheral_Library_v2.1.16/CMSIS/Include/core_cm4.h **** 
 964:/opt/XMClib/XMC_Peripheral_Library_v2.1.16/CMSIS/Include/core_cm4.h **** #define DWT_CTRL_SLEEPEVTENA_Pos           19U                                         /*!< DWT CTR
 965:/opt/XMClib/XMC_Peripheral_Library_v2.1.16/CMSIS/Include/core_cm4.h **** #define DWT_CTRL_SLEEPEVTENA_Msk           (0x1UL << DWT_CTRL_SLEEPEVTENA_Pos)         /*!< DWT CTR
 966:/opt/XMClib/XMC_Peripheral_Library_v2.1.16/CMSIS/Include/core_cm4.h **** 
 967:/opt/XMClib/XMC_Peripheral_Library_v2.1.16/CMSIS/Include/core_cm4.h **** #define DWT_CTRL_EXCEVTENA_Pos             18U                                         /*!< DWT CTR
 968:/opt/XMClib/XMC_Peripheral_Library_v2.1.16/CMSIS/Include/core_cm4.h **** #define DWT_CTRL_EXCEVTENA_Msk             (0x1UL << DWT_CTRL_EXCEVTENA_Pos)           /*!< DWT CTR
 969:/opt/XMClib/XMC_Peripheral_Library_v2.1.16/CMSIS/Include/core_cm4.h **** 
 970:/opt/XMClib/XMC_Peripheral_Library_v2.1.16/CMSIS/Include/core_cm4.h **** #define DWT_CTRL_CPIEVTENA_Pos             17U                                         /*!< DWT CTR
 971:/opt/XMClib/XMC_Peripheral_Library_v2.1.16/CMSIS/Include/core_cm4.h **** #define DWT_CTRL_CPIEVTENA_Msk             (0x1UL << DWT_CTRL_CPIEVTENA_Pos)           /*!< DWT CTR
 972:/opt/XMClib/XMC_Peripheral_Library_v2.1.16/CMSIS/Include/core_cm4.h **** 
 973:/opt/XMClib/XMC_Peripheral_Library_v2.1.16/CMSIS/Include/core_cm4.h **** #define DWT_CTRL_EXCTRCENA_Pos             16U                                         /*!< DWT CTR
 974:/opt/XMClib/XMC_Peripheral_Library_v2.1.16/CMSIS/Include/core_cm4.h **** #define DWT_CTRL_EXCTRCENA_Msk             (0x1UL << DWT_CTRL_EXCTRCENA_Pos)           /*!< DWT CTR
 975:/opt/XMClib/XMC_Peripheral_Library_v2.1.16/CMSIS/Include/core_cm4.h **** 
 976:/opt/XMClib/XMC_Peripheral_Library_v2.1.16/CMSIS/Include/core_cm4.h **** #define DWT_CTRL_PCSAMPLENA_Pos            12U                                         /*!< DWT CTR
 977:/opt/XMClib/XMC_Peripheral_Library_v2.1.16/CMSIS/Include/core_cm4.h **** #define DWT_CTRL_PCSAMPLENA_Msk            (0x1UL << DWT_CTRL_PCSAMPLENA_Pos)          /*!< DWT CTR
 978:/opt/XMClib/XMC_Peripheral_Library_v2.1.16/CMSIS/Include/core_cm4.h **** 
 979:/opt/XMClib/XMC_Peripheral_Library_v2.1.16/CMSIS/Include/core_cm4.h **** #define DWT_CTRL_SYNCTAP_Pos               10U                                         /*!< DWT CTR
 980:/opt/XMClib/XMC_Peripheral_Library_v2.1.16/CMSIS/Include/core_cm4.h **** #define DWT_CTRL_SYNCTAP_Msk               (0x3UL << DWT_CTRL_SYNCTAP_Pos)             /*!< DWT CTR
 981:/opt/XMClib/XMC_Peripheral_Library_v2.1.16/CMSIS/Include/core_cm4.h **** 
 982:/opt/XMClib/XMC_Peripheral_Library_v2.1.16/CMSIS/Include/core_cm4.h **** #define DWT_CTRL_CYCTAP_Pos                 9U                                         /*!< DWT CTR
 983:/opt/XMClib/XMC_Peripheral_Library_v2.1.16/CMSIS/Include/core_cm4.h **** #define DWT_CTRL_CYCTAP_Msk                (0x1UL << DWT_CTRL_CYCTAP_Pos)              /*!< DWT CTR
 984:/opt/XMClib/XMC_Peripheral_Library_v2.1.16/CMSIS/Include/core_cm4.h **** 
 985:/opt/XMClib/XMC_Peripheral_Library_v2.1.16/CMSIS/Include/core_cm4.h **** #define DWT_CTRL_POSTINIT_Pos               5U                                         /*!< DWT CTR
 986:/opt/XMClib/XMC_Peripheral_Library_v2.1.16/CMSIS/Include/core_cm4.h **** #define DWT_CTRL_POSTINIT_Msk              (0xFUL << DWT_CTRL_POSTINIT_Pos)            /*!< DWT CTR
 987:/opt/XMClib/XMC_Peripheral_Library_v2.1.16/CMSIS/Include/core_cm4.h **** 
 988:/opt/XMClib/XMC_Peripheral_Library_v2.1.16/CMSIS/Include/core_cm4.h **** #define DWT_CTRL_POSTPRESET_Pos             1U                                         /*!< DWT CTR
 989:/opt/XMClib/XMC_Peripheral_Library_v2.1.16/CMSIS/Include/core_cm4.h **** #define DWT_CTRL_POSTPRESET_Msk            (0xFUL << DWT_CTRL_POSTPRESET_Pos)          /*!< DWT CTR
 990:/opt/XMClib/XMC_Peripheral_Library_v2.1.16/CMSIS/Include/core_cm4.h **** 
 991:/opt/XMClib/XMC_Peripheral_Library_v2.1.16/CMSIS/Include/core_cm4.h **** #define DWT_CTRL_CYCCNTENA_Pos              0U                                         /*!< DWT CTR
 992:/opt/XMClib/XMC_Peripheral_Library_v2.1.16/CMSIS/Include/core_cm4.h **** #define DWT_CTRL_CYCCNTENA_Msk             (0x1UL /*<< DWT_CTRL_CYCCNTENA_Pos*/)       /*!< DWT CTR
 993:/opt/XMClib/XMC_Peripheral_Library_v2.1.16/CMSIS/Include/core_cm4.h **** 
 994:/opt/XMClib/XMC_Peripheral_Library_v2.1.16/CMSIS/Include/core_cm4.h **** /* DWT CPI Count Register Definitions */
 995:/opt/XMClib/XMC_Peripheral_Library_v2.1.16/CMSIS/Include/core_cm4.h **** #define DWT_CPICNT_CPICNT_Pos               0U                                         /*!< DWT CPI
 996:/opt/XMClib/XMC_Peripheral_Library_v2.1.16/CMSIS/Include/core_cm4.h **** #define DWT_CPICNT_CPICNT_Msk              (0xFFUL /*<< DWT_CPICNT_CPICNT_Pos*/)       /*!< DWT CPI
 997:/opt/XMClib/XMC_Peripheral_Library_v2.1.16/CMSIS/Include/core_cm4.h **** 
 998:/opt/XMClib/XMC_Peripheral_Library_v2.1.16/CMSIS/Include/core_cm4.h **** /* DWT Exception Overhead Count Register Definitions */
 999:/opt/XMClib/XMC_Peripheral_Library_v2.1.16/CMSIS/Include/core_cm4.h **** #define DWT_EXCCNT_EXCCNT_Pos               0U                                         /*!< DWT EXC
1000:/opt/XMClib/XMC_Peripheral_Library_v2.1.16/CMSIS/Include/core_cm4.h **** #define DWT_EXCCNT_EXCCNT_Msk              (0xFFUL /*<< DWT_EXCCNT_EXCCNT_Pos*/)       /*!< DWT EXC
1001:/opt/XMClib/XMC_Peripheral_Library_v2.1.16/CMSIS/Include/core_cm4.h **** 
1002:/opt/XMClib/XMC_Peripheral_Library_v2.1.16/CMSIS/Include/core_cm4.h **** /* DWT Sleep Count Register Definitions */
1003:/opt/XMClib/XMC_Peripheral_Library_v2.1.16/CMSIS/Include/core_cm4.h **** #define DWT_SLEEPCNT_SLEEPCNT_Pos           0U                                         /*!< DWT SLE
1004:/opt/XMClib/XMC_Peripheral_Library_v2.1.16/CMSIS/Include/core_cm4.h **** #define DWT_SLEEPCNT_SLEEPCNT_Msk          (0xFFUL /*<< DWT_SLEEPCNT_SLEEPCNT_Pos*/)   /*!< DWT SLE
1005:/opt/XMClib/XMC_Peripheral_Library_v2.1.16/CMSIS/Include/core_cm4.h **** 
1006:/opt/XMClib/XMC_Peripheral_Library_v2.1.16/CMSIS/Include/core_cm4.h **** /* DWT LSU Count Register Definitions */
1007:/opt/XMClib/XMC_Peripheral_Library_v2.1.16/CMSIS/Include/core_cm4.h **** #define DWT_LSUCNT_LSUCNT_Pos               0U                                         /*!< DWT LSU
1008:/opt/XMClib/XMC_Peripheral_Library_v2.1.16/CMSIS/Include/core_cm4.h **** #define DWT_LSUCNT_LSUCNT_Msk              (0xFFUL /*<< DWT_LSUCNT_LSUCNT_Pos*/)       /*!< DWT LSU
1009:/opt/XMClib/XMC_Peripheral_Library_v2.1.16/CMSIS/Include/core_cm4.h **** 
1010:/opt/XMClib/XMC_Peripheral_Library_v2.1.16/CMSIS/Include/core_cm4.h **** /* DWT Folded-instruction Count Register Definitions */
1011:/opt/XMClib/XMC_Peripheral_Library_v2.1.16/CMSIS/Include/core_cm4.h **** #define DWT_FOLDCNT_FOLDCNT_Pos             0U                                         /*!< DWT FOL
1012:/opt/XMClib/XMC_Peripheral_Library_v2.1.16/CMSIS/Include/core_cm4.h **** #define DWT_FOLDCNT_FOLDCNT_Msk            (0xFFUL /*<< DWT_FOLDCNT_FOLDCNT_Pos*/)     /*!< DWT FOL
1013:/opt/XMClib/XMC_Peripheral_Library_v2.1.16/CMSIS/Include/core_cm4.h **** 
1014:/opt/XMClib/XMC_Peripheral_Library_v2.1.16/CMSIS/Include/core_cm4.h **** /* DWT Comparator Mask Register Definitions */
1015:/opt/XMClib/XMC_Peripheral_Library_v2.1.16/CMSIS/Include/core_cm4.h **** #define DWT_MASK_MASK_Pos                   0U                                         /*!< DWT MAS
1016:/opt/XMClib/XMC_Peripheral_Library_v2.1.16/CMSIS/Include/core_cm4.h **** #define DWT_MASK_MASK_Msk                  (0x1FUL /*<< DWT_MASK_MASK_Pos*/)           /*!< DWT MAS
1017:/opt/XMClib/XMC_Peripheral_Library_v2.1.16/CMSIS/Include/core_cm4.h **** 
1018:/opt/XMClib/XMC_Peripheral_Library_v2.1.16/CMSIS/Include/core_cm4.h **** /* DWT Comparator Function Register Definitions */
1019:/opt/XMClib/XMC_Peripheral_Library_v2.1.16/CMSIS/Include/core_cm4.h **** #define DWT_FUNCTION_MATCHED_Pos           24U                                         /*!< DWT FUN
1020:/opt/XMClib/XMC_Peripheral_Library_v2.1.16/CMSIS/Include/core_cm4.h **** #define DWT_FUNCTION_MATCHED_Msk           (0x1UL << DWT_FUNCTION_MATCHED_Pos)         /*!< DWT FUN
1021:/opt/XMClib/XMC_Peripheral_Library_v2.1.16/CMSIS/Include/core_cm4.h **** 
1022:/opt/XMClib/XMC_Peripheral_Library_v2.1.16/CMSIS/Include/core_cm4.h **** #define DWT_FUNCTION_DATAVADDR1_Pos        16U                                         /*!< DWT FUN
1023:/opt/XMClib/XMC_Peripheral_Library_v2.1.16/CMSIS/Include/core_cm4.h **** #define DWT_FUNCTION_DATAVADDR1_Msk        (0xFUL << DWT_FUNCTION_DATAVADDR1_Pos)      /*!< DWT FUN
1024:/opt/XMClib/XMC_Peripheral_Library_v2.1.16/CMSIS/Include/core_cm4.h **** 
1025:/opt/XMClib/XMC_Peripheral_Library_v2.1.16/CMSIS/Include/core_cm4.h **** #define DWT_FUNCTION_DATAVADDR0_Pos        12U                                         /*!< DWT FUN
1026:/opt/XMClib/XMC_Peripheral_Library_v2.1.16/CMSIS/Include/core_cm4.h **** #define DWT_FUNCTION_DATAVADDR0_Msk        (0xFUL << DWT_FUNCTION_DATAVADDR0_Pos)      /*!< DWT FUN
1027:/opt/XMClib/XMC_Peripheral_Library_v2.1.16/CMSIS/Include/core_cm4.h **** 
1028:/opt/XMClib/XMC_Peripheral_Library_v2.1.16/CMSIS/Include/core_cm4.h **** #define DWT_FUNCTION_DATAVSIZE_Pos         10U                                         /*!< DWT FUN
1029:/opt/XMClib/XMC_Peripheral_Library_v2.1.16/CMSIS/Include/core_cm4.h **** #define DWT_FUNCTION_DATAVSIZE_Msk         (0x3UL << DWT_FUNCTION_DATAVSIZE_Pos)       /*!< DWT FUN
1030:/opt/XMClib/XMC_Peripheral_Library_v2.1.16/CMSIS/Include/core_cm4.h **** 
1031:/opt/XMClib/XMC_Peripheral_Library_v2.1.16/CMSIS/Include/core_cm4.h **** #define DWT_FUNCTION_LNK1ENA_Pos            9U                                         /*!< DWT FUN
1032:/opt/XMClib/XMC_Peripheral_Library_v2.1.16/CMSIS/Include/core_cm4.h **** #define DWT_FUNCTION_LNK1ENA_Msk           (0x1UL << DWT_FUNCTION_LNK1ENA_Pos)         /*!< DWT FUN
1033:/opt/XMClib/XMC_Peripheral_Library_v2.1.16/CMSIS/Include/core_cm4.h **** 
1034:/opt/XMClib/XMC_Peripheral_Library_v2.1.16/CMSIS/Include/core_cm4.h **** #define DWT_FUNCTION_DATAVMATCH_Pos         8U                                         /*!< DWT FUN
1035:/opt/XMClib/XMC_Peripheral_Library_v2.1.16/CMSIS/Include/core_cm4.h **** #define DWT_FUNCTION_DATAVMATCH_Msk        (0x1UL << DWT_FUNCTION_DATAVMATCH_Pos)      /*!< DWT FUN
1036:/opt/XMClib/XMC_Peripheral_Library_v2.1.16/CMSIS/Include/core_cm4.h **** 
1037:/opt/XMClib/XMC_Peripheral_Library_v2.1.16/CMSIS/Include/core_cm4.h **** #define DWT_FUNCTION_CYCMATCH_Pos           7U                                         /*!< DWT FUN
1038:/opt/XMClib/XMC_Peripheral_Library_v2.1.16/CMSIS/Include/core_cm4.h **** #define DWT_FUNCTION_CYCMATCH_Msk          (0x1UL << DWT_FUNCTION_CYCMATCH_Pos)        /*!< DWT FUN
1039:/opt/XMClib/XMC_Peripheral_Library_v2.1.16/CMSIS/Include/core_cm4.h **** 
1040:/opt/XMClib/XMC_Peripheral_Library_v2.1.16/CMSIS/Include/core_cm4.h **** #define DWT_FUNCTION_EMITRANGE_Pos          5U                                         /*!< DWT FUN
1041:/opt/XMClib/XMC_Peripheral_Library_v2.1.16/CMSIS/Include/core_cm4.h **** #define DWT_FUNCTION_EMITRANGE_Msk         (0x1UL << DWT_FUNCTION_EMITRANGE_Pos)       /*!< DWT FUN
1042:/opt/XMClib/XMC_Peripheral_Library_v2.1.16/CMSIS/Include/core_cm4.h **** 
1043:/opt/XMClib/XMC_Peripheral_Library_v2.1.16/CMSIS/Include/core_cm4.h **** #define DWT_FUNCTION_FUNCTION_Pos           0U                                         /*!< DWT FUN
1044:/opt/XMClib/XMC_Peripheral_Library_v2.1.16/CMSIS/Include/core_cm4.h **** #define DWT_FUNCTION_FUNCTION_Msk          (0xFUL /*<< DWT_FUNCTION_FUNCTION_Pos*/)    /*!< DWT FUN
1045:/opt/XMClib/XMC_Peripheral_Library_v2.1.16/CMSIS/Include/core_cm4.h **** 
1046:/opt/XMClib/XMC_Peripheral_Library_v2.1.16/CMSIS/Include/core_cm4.h **** /*@}*/ /* end of group CMSIS_DWT */
1047:/opt/XMClib/XMC_Peripheral_Library_v2.1.16/CMSIS/Include/core_cm4.h **** 
1048:/opt/XMClib/XMC_Peripheral_Library_v2.1.16/CMSIS/Include/core_cm4.h **** 
1049:/opt/XMClib/XMC_Peripheral_Library_v2.1.16/CMSIS/Include/core_cm4.h **** /**
1050:/opt/XMClib/XMC_Peripheral_Library_v2.1.16/CMSIS/Include/core_cm4.h ****   \ingroup  CMSIS_core_register
1051:/opt/XMClib/XMC_Peripheral_Library_v2.1.16/CMSIS/Include/core_cm4.h ****   \defgroup CMSIS_TPI     Trace Port Interface (TPI)
1052:/opt/XMClib/XMC_Peripheral_Library_v2.1.16/CMSIS/Include/core_cm4.h ****   \brief    Type definitions for the Trace Port Interface (TPI)
1053:/opt/XMClib/XMC_Peripheral_Library_v2.1.16/CMSIS/Include/core_cm4.h ****   @{
1054:/opt/XMClib/XMC_Peripheral_Library_v2.1.16/CMSIS/Include/core_cm4.h ****  */
1055:/opt/XMClib/XMC_Peripheral_Library_v2.1.16/CMSIS/Include/core_cm4.h **** 
1056:/opt/XMClib/XMC_Peripheral_Library_v2.1.16/CMSIS/Include/core_cm4.h **** /**
1057:/opt/XMClib/XMC_Peripheral_Library_v2.1.16/CMSIS/Include/core_cm4.h ****   \brief  Structure type to access the Trace Port Interface Register (TPI).
1058:/opt/XMClib/XMC_Peripheral_Library_v2.1.16/CMSIS/Include/core_cm4.h ****  */
1059:/opt/XMClib/XMC_Peripheral_Library_v2.1.16/CMSIS/Include/core_cm4.h **** typedef struct
1060:/opt/XMClib/XMC_Peripheral_Library_v2.1.16/CMSIS/Include/core_cm4.h **** {
1061:/opt/XMClib/XMC_Peripheral_Library_v2.1.16/CMSIS/Include/core_cm4.h ****   __IOM uint32_t SSPSR;                  /*!< Offset: 0x000 (R/ )  Supported Parallel Port Size Reg
1062:/opt/XMClib/XMC_Peripheral_Library_v2.1.16/CMSIS/Include/core_cm4.h ****   __IOM uint32_t CSPSR;                  /*!< Offset: 0x004 (R/W)  Current Parallel Port Size Regis
1063:/opt/XMClib/XMC_Peripheral_Library_v2.1.16/CMSIS/Include/core_cm4.h ****         uint32_t RESERVED0[2U];
1064:/opt/XMClib/XMC_Peripheral_Library_v2.1.16/CMSIS/Include/core_cm4.h ****   __IOM uint32_t ACPR;                   /*!< Offset: 0x010 (R/W)  Asynchronous Clock Prescaler Reg
1065:/opt/XMClib/XMC_Peripheral_Library_v2.1.16/CMSIS/Include/core_cm4.h ****         uint32_t RESERVED1[55U];
1066:/opt/XMClib/XMC_Peripheral_Library_v2.1.16/CMSIS/Include/core_cm4.h ****   __IOM uint32_t SPPR;                   /*!< Offset: 0x0F0 (R/W)  Selected Pin Protocol Register *
1067:/opt/XMClib/XMC_Peripheral_Library_v2.1.16/CMSIS/Include/core_cm4.h ****         uint32_t RESERVED2[131U];
1068:/opt/XMClib/XMC_Peripheral_Library_v2.1.16/CMSIS/Include/core_cm4.h ****   __IM  uint32_t FFSR;                   /*!< Offset: 0x300 (R/ )  Formatter and Flush Status Regis
1069:/opt/XMClib/XMC_Peripheral_Library_v2.1.16/CMSIS/Include/core_cm4.h ****   __IOM uint32_t FFCR;                   /*!< Offset: 0x304 (R/W)  Formatter and Flush Control Regi
1070:/opt/XMClib/XMC_Peripheral_Library_v2.1.16/CMSIS/Include/core_cm4.h ****   __IM  uint32_t FSCR;                   /*!< Offset: 0x308 (R/ )  Formatter Synchronization Counte
1071:/opt/XMClib/XMC_Peripheral_Library_v2.1.16/CMSIS/Include/core_cm4.h ****         uint32_t RESERVED3[759U];
1072:/opt/XMClib/XMC_Peripheral_Library_v2.1.16/CMSIS/Include/core_cm4.h ****   __IM  uint32_t TRIGGER;                /*!< Offset: 0xEE8 (R/ )  TRIGGER */
1073:/opt/XMClib/XMC_Peripheral_Library_v2.1.16/CMSIS/Include/core_cm4.h ****   __IM  uint32_t FIFO0;                  /*!< Offset: 0xEEC (R/ )  Integration ETM Data */
1074:/opt/XMClib/XMC_Peripheral_Library_v2.1.16/CMSIS/Include/core_cm4.h ****   __IM  uint32_t ITATBCTR2;              /*!< Offset: 0xEF0 (R/ )  ITATBCTR2 */
1075:/opt/XMClib/XMC_Peripheral_Library_v2.1.16/CMSIS/Include/core_cm4.h ****         uint32_t RESERVED4[1U];
1076:/opt/XMClib/XMC_Peripheral_Library_v2.1.16/CMSIS/Include/core_cm4.h ****   __IM  uint32_t ITATBCTR0;              /*!< Offset: 0xEF8 (R/ )  ITATBCTR0 */
1077:/opt/XMClib/XMC_Peripheral_Library_v2.1.16/CMSIS/Include/core_cm4.h ****   __IM  uint32_t FIFO1;                  /*!< Offset: 0xEFC (R/ )  Integration ITM Data */
1078:/opt/XMClib/XMC_Peripheral_Library_v2.1.16/CMSIS/Include/core_cm4.h ****   __IOM uint32_t ITCTRL;                 /*!< Offset: 0xF00 (R/W)  Integration Mode Control */
1079:/opt/XMClib/XMC_Peripheral_Library_v2.1.16/CMSIS/Include/core_cm4.h ****         uint32_t RESERVED5[39U];
1080:/opt/XMClib/XMC_Peripheral_Library_v2.1.16/CMSIS/Include/core_cm4.h ****   __IOM uint32_t CLAIMSET;               /*!< Offset: 0xFA0 (R/W)  Claim tag set */
1081:/opt/XMClib/XMC_Peripheral_Library_v2.1.16/CMSIS/Include/core_cm4.h ****   __IOM uint32_t CLAIMCLR;               /*!< Offset: 0xFA4 (R/W)  Claim tag clear */
1082:/opt/XMClib/XMC_Peripheral_Library_v2.1.16/CMSIS/Include/core_cm4.h ****         uint32_t RESERVED7[8U];
1083:/opt/XMClib/XMC_Peripheral_Library_v2.1.16/CMSIS/Include/core_cm4.h ****   __IM  uint32_t DEVID;                  /*!< Offset: 0xFC8 (R/ )  TPIU_DEVID */
1084:/opt/XMClib/XMC_Peripheral_Library_v2.1.16/CMSIS/Include/core_cm4.h ****   __IM  uint32_t DEVTYPE;                /*!< Offset: 0xFCC (R/ )  TPIU_DEVTYPE */
1085:/opt/XMClib/XMC_Peripheral_Library_v2.1.16/CMSIS/Include/core_cm4.h **** } TPI_Type;
1086:/opt/XMClib/XMC_Peripheral_Library_v2.1.16/CMSIS/Include/core_cm4.h **** 
1087:/opt/XMClib/XMC_Peripheral_Library_v2.1.16/CMSIS/Include/core_cm4.h **** /* TPI Asynchronous Clock Prescaler Register Definitions */
1088:/opt/XMClib/XMC_Peripheral_Library_v2.1.16/CMSIS/Include/core_cm4.h **** #define TPI_ACPR_PRESCALER_Pos              0U                                         /*!< TPI ACP
1089:/opt/XMClib/XMC_Peripheral_Library_v2.1.16/CMSIS/Include/core_cm4.h **** #define TPI_ACPR_PRESCALER_Msk             (0x1FFFUL /*<< TPI_ACPR_PRESCALER_Pos*/)    /*!< TPI ACP
1090:/opt/XMClib/XMC_Peripheral_Library_v2.1.16/CMSIS/Include/core_cm4.h **** 
1091:/opt/XMClib/XMC_Peripheral_Library_v2.1.16/CMSIS/Include/core_cm4.h **** /* TPI Selected Pin Protocol Register Definitions */
1092:/opt/XMClib/XMC_Peripheral_Library_v2.1.16/CMSIS/Include/core_cm4.h **** #define TPI_SPPR_TXMODE_Pos                 0U                                         /*!< TPI SPP
1093:/opt/XMClib/XMC_Peripheral_Library_v2.1.16/CMSIS/Include/core_cm4.h **** #define TPI_SPPR_TXMODE_Msk                (0x3UL /*<< TPI_SPPR_TXMODE_Pos*/)          /*!< TPI SPP
1094:/opt/XMClib/XMC_Peripheral_Library_v2.1.16/CMSIS/Include/core_cm4.h **** 
1095:/opt/XMClib/XMC_Peripheral_Library_v2.1.16/CMSIS/Include/core_cm4.h **** /* TPI Formatter and Flush Status Register Definitions */
1096:/opt/XMClib/XMC_Peripheral_Library_v2.1.16/CMSIS/Include/core_cm4.h **** #define TPI_FFSR_FtNonStop_Pos              3U                                         /*!< TPI FFS
1097:/opt/XMClib/XMC_Peripheral_Library_v2.1.16/CMSIS/Include/core_cm4.h **** #define TPI_FFSR_FtNonStop_Msk             (0x1UL << TPI_FFSR_FtNonStop_Pos)           /*!< TPI FFS
1098:/opt/XMClib/XMC_Peripheral_Library_v2.1.16/CMSIS/Include/core_cm4.h **** 
1099:/opt/XMClib/XMC_Peripheral_Library_v2.1.16/CMSIS/Include/core_cm4.h **** #define TPI_FFSR_TCPresent_Pos              2U                                         /*!< TPI FFS
1100:/opt/XMClib/XMC_Peripheral_Library_v2.1.16/CMSIS/Include/core_cm4.h **** #define TPI_FFSR_TCPresent_Msk             (0x1UL << TPI_FFSR_TCPresent_Pos)           /*!< TPI FFS
1101:/opt/XMClib/XMC_Peripheral_Library_v2.1.16/CMSIS/Include/core_cm4.h **** 
1102:/opt/XMClib/XMC_Peripheral_Library_v2.1.16/CMSIS/Include/core_cm4.h **** #define TPI_FFSR_FtStopped_Pos              1U                                         /*!< TPI FFS
1103:/opt/XMClib/XMC_Peripheral_Library_v2.1.16/CMSIS/Include/core_cm4.h **** #define TPI_FFSR_FtStopped_Msk             (0x1UL << TPI_FFSR_FtStopped_Pos)           /*!< TPI FFS
1104:/opt/XMClib/XMC_Peripheral_Library_v2.1.16/CMSIS/Include/core_cm4.h **** 
1105:/opt/XMClib/XMC_Peripheral_Library_v2.1.16/CMSIS/Include/core_cm4.h **** #define TPI_FFSR_FlInProg_Pos               0U                                         /*!< TPI FFS
1106:/opt/XMClib/XMC_Peripheral_Library_v2.1.16/CMSIS/Include/core_cm4.h **** #define TPI_FFSR_FlInProg_Msk              (0x1UL /*<< TPI_FFSR_FlInProg_Pos*/)        /*!< TPI FFS
1107:/opt/XMClib/XMC_Peripheral_Library_v2.1.16/CMSIS/Include/core_cm4.h **** 
1108:/opt/XMClib/XMC_Peripheral_Library_v2.1.16/CMSIS/Include/core_cm4.h **** /* TPI Formatter and Flush Control Register Definitions */
1109:/opt/XMClib/XMC_Peripheral_Library_v2.1.16/CMSIS/Include/core_cm4.h **** #define TPI_FFCR_TrigIn_Pos                 8U                                         /*!< TPI FFC
1110:/opt/XMClib/XMC_Peripheral_Library_v2.1.16/CMSIS/Include/core_cm4.h **** #define TPI_FFCR_TrigIn_Msk                (0x1UL << TPI_FFCR_TrigIn_Pos)              /*!< TPI FFC
1111:/opt/XMClib/XMC_Peripheral_Library_v2.1.16/CMSIS/Include/core_cm4.h **** 
1112:/opt/XMClib/XMC_Peripheral_Library_v2.1.16/CMSIS/Include/core_cm4.h **** #define TPI_FFCR_EnFCont_Pos                1U                                         /*!< TPI FFC
1113:/opt/XMClib/XMC_Peripheral_Library_v2.1.16/CMSIS/Include/core_cm4.h **** #define TPI_FFCR_EnFCont_Msk               (0x1UL << TPI_FFCR_EnFCont_Pos)             /*!< TPI FFC
1114:/opt/XMClib/XMC_Peripheral_Library_v2.1.16/CMSIS/Include/core_cm4.h **** 
1115:/opt/XMClib/XMC_Peripheral_Library_v2.1.16/CMSIS/Include/core_cm4.h **** /* TPI TRIGGER Register Definitions */
1116:/opt/XMClib/XMC_Peripheral_Library_v2.1.16/CMSIS/Include/core_cm4.h **** #define TPI_TRIGGER_TRIGGER_Pos             0U                                         /*!< TPI TRI
1117:/opt/XMClib/XMC_Peripheral_Library_v2.1.16/CMSIS/Include/core_cm4.h **** #define TPI_TRIGGER_TRIGGER_Msk            (0x1UL /*<< TPI_TRIGGER_TRIGGER_Pos*/)      /*!< TPI TRI
1118:/opt/XMClib/XMC_Peripheral_Library_v2.1.16/CMSIS/Include/core_cm4.h **** 
1119:/opt/XMClib/XMC_Peripheral_Library_v2.1.16/CMSIS/Include/core_cm4.h **** /* TPI Integration ETM Data Register Definitions (FIFO0) */
1120:/opt/XMClib/XMC_Peripheral_Library_v2.1.16/CMSIS/Include/core_cm4.h **** #define TPI_FIFO0_ITM_ATVALID_Pos          29U                                         /*!< TPI FIF
1121:/opt/XMClib/XMC_Peripheral_Library_v2.1.16/CMSIS/Include/core_cm4.h **** #define TPI_FIFO0_ITM_ATVALID_Msk          (0x3UL << TPI_FIFO0_ITM_ATVALID_Pos)        /*!< TPI FIF
1122:/opt/XMClib/XMC_Peripheral_Library_v2.1.16/CMSIS/Include/core_cm4.h **** 
1123:/opt/XMClib/XMC_Peripheral_Library_v2.1.16/CMSIS/Include/core_cm4.h **** #define TPI_FIFO0_ITM_bytecount_Pos        27U                                         /*!< TPI FIF
1124:/opt/XMClib/XMC_Peripheral_Library_v2.1.16/CMSIS/Include/core_cm4.h **** #define TPI_FIFO0_ITM_bytecount_Msk        (0x3UL << TPI_FIFO0_ITM_bytecount_Pos)      /*!< TPI FIF
1125:/opt/XMClib/XMC_Peripheral_Library_v2.1.16/CMSIS/Include/core_cm4.h **** 
1126:/opt/XMClib/XMC_Peripheral_Library_v2.1.16/CMSIS/Include/core_cm4.h **** #define TPI_FIFO0_ETM_ATVALID_Pos          26U                                         /*!< TPI FIF
1127:/opt/XMClib/XMC_Peripheral_Library_v2.1.16/CMSIS/Include/core_cm4.h **** #define TPI_FIFO0_ETM_ATVALID_Msk          (0x3UL << TPI_FIFO0_ETM_ATVALID_Pos)        /*!< TPI FIF
1128:/opt/XMClib/XMC_Peripheral_Library_v2.1.16/CMSIS/Include/core_cm4.h **** 
1129:/opt/XMClib/XMC_Peripheral_Library_v2.1.16/CMSIS/Include/core_cm4.h **** #define TPI_FIFO0_ETM_bytecount_Pos        24U                                         /*!< TPI FIF
1130:/opt/XMClib/XMC_Peripheral_Library_v2.1.16/CMSIS/Include/core_cm4.h **** #define TPI_FIFO0_ETM_bytecount_Msk        (0x3UL << TPI_FIFO0_ETM_bytecount_Pos)      /*!< TPI FIF
1131:/opt/XMClib/XMC_Peripheral_Library_v2.1.16/CMSIS/Include/core_cm4.h **** 
1132:/opt/XMClib/XMC_Peripheral_Library_v2.1.16/CMSIS/Include/core_cm4.h **** #define TPI_FIFO0_ETM2_Pos                 16U                                         /*!< TPI FIF
1133:/opt/XMClib/XMC_Peripheral_Library_v2.1.16/CMSIS/Include/core_cm4.h **** #define TPI_FIFO0_ETM2_Msk                 (0xFFUL << TPI_FIFO0_ETM2_Pos)              /*!< TPI FIF
1134:/opt/XMClib/XMC_Peripheral_Library_v2.1.16/CMSIS/Include/core_cm4.h **** 
1135:/opt/XMClib/XMC_Peripheral_Library_v2.1.16/CMSIS/Include/core_cm4.h **** #define TPI_FIFO0_ETM1_Pos                  8U                                         /*!< TPI FIF
1136:/opt/XMClib/XMC_Peripheral_Library_v2.1.16/CMSIS/Include/core_cm4.h **** #define TPI_FIFO0_ETM1_Msk                 (0xFFUL << TPI_FIFO0_ETM1_Pos)              /*!< TPI FIF
1137:/opt/XMClib/XMC_Peripheral_Library_v2.1.16/CMSIS/Include/core_cm4.h **** 
1138:/opt/XMClib/XMC_Peripheral_Library_v2.1.16/CMSIS/Include/core_cm4.h **** #define TPI_FIFO0_ETM0_Pos                  0U                                         /*!< TPI FIF
1139:/opt/XMClib/XMC_Peripheral_Library_v2.1.16/CMSIS/Include/core_cm4.h **** #define TPI_FIFO0_ETM0_Msk                 (0xFFUL /*<< TPI_FIFO0_ETM0_Pos*/)          /*!< TPI FIF
1140:/opt/XMClib/XMC_Peripheral_Library_v2.1.16/CMSIS/Include/core_cm4.h **** 
1141:/opt/XMClib/XMC_Peripheral_Library_v2.1.16/CMSIS/Include/core_cm4.h **** /* TPI ITATBCTR2 Register Definitions */
1142:/opt/XMClib/XMC_Peripheral_Library_v2.1.16/CMSIS/Include/core_cm4.h **** #define TPI_ITATBCTR2_ATREADY_Pos           0U                                         /*!< TPI ITA
1143:/opt/XMClib/XMC_Peripheral_Library_v2.1.16/CMSIS/Include/core_cm4.h **** #define TPI_ITATBCTR2_ATREADY_Msk          (0x1UL /*<< TPI_ITATBCTR2_ATREADY_Pos*/)    /*!< TPI ITA
1144:/opt/XMClib/XMC_Peripheral_Library_v2.1.16/CMSIS/Include/core_cm4.h **** 
1145:/opt/XMClib/XMC_Peripheral_Library_v2.1.16/CMSIS/Include/core_cm4.h **** /* TPI Integration ITM Data Register Definitions (FIFO1) */
1146:/opt/XMClib/XMC_Peripheral_Library_v2.1.16/CMSIS/Include/core_cm4.h **** #define TPI_FIFO1_ITM_ATVALID_Pos          29U                                         /*!< TPI FIF
1147:/opt/XMClib/XMC_Peripheral_Library_v2.1.16/CMSIS/Include/core_cm4.h **** #define TPI_FIFO1_ITM_ATVALID_Msk          (0x3UL << TPI_FIFO1_ITM_ATVALID_Pos)        /*!< TPI FIF
1148:/opt/XMClib/XMC_Peripheral_Library_v2.1.16/CMSIS/Include/core_cm4.h **** 
1149:/opt/XMClib/XMC_Peripheral_Library_v2.1.16/CMSIS/Include/core_cm4.h **** #define TPI_FIFO1_ITM_bytecount_Pos        27U                                         /*!< TPI FIF
1150:/opt/XMClib/XMC_Peripheral_Library_v2.1.16/CMSIS/Include/core_cm4.h **** #define TPI_FIFO1_ITM_bytecount_Msk        (0x3UL << TPI_FIFO1_ITM_bytecount_Pos)      /*!< TPI FIF
1151:/opt/XMClib/XMC_Peripheral_Library_v2.1.16/CMSIS/Include/core_cm4.h **** 
1152:/opt/XMClib/XMC_Peripheral_Library_v2.1.16/CMSIS/Include/core_cm4.h **** #define TPI_FIFO1_ETM_ATVALID_Pos          26U                                         /*!< TPI FIF
1153:/opt/XMClib/XMC_Peripheral_Library_v2.1.16/CMSIS/Include/core_cm4.h **** #define TPI_FIFO1_ETM_ATVALID_Msk          (0x3UL << TPI_FIFO1_ETM_ATVALID_Pos)        /*!< TPI FIF
1154:/opt/XMClib/XMC_Peripheral_Library_v2.1.16/CMSIS/Include/core_cm4.h **** 
1155:/opt/XMClib/XMC_Peripheral_Library_v2.1.16/CMSIS/Include/core_cm4.h **** #define TPI_FIFO1_ETM_bytecount_Pos        24U                                         /*!< TPI FIF
1156:/opt/XMClib/XMC_Peripheral_Library_v2.1.16/CMSIS/Include/core_cm4.h **** #define TPI_FIFO1_ETM_bytecount_Msk        (0x3UL << TPI_FIFO1_ETM_bytecount_Pos)      /*!< TPI FIF
1157:/opt/XMClib/XMC_Peripheral_Library_v2.1.16/CMSIS/Include/core_cm4.h **** 
1158:/opt/XMClib/XMC_Peripheral_Library_v2.1.16/CMSIS/Include/core_cm4.h **** #define TPI_FIFO1_ITM2_Pos                 16U                                         /*!< TPI FIF
1159:/opt/XMClib/XMC_Peripheral_Library_v2.1.16/CMSIS/Include/core_cm4.h **** #define TPI_FIFO1_ITM2_Msk                 (0xFFUL << TPI_FIFO1_ITM2_Pos)              /*!< TPI FIF
1160:/opt/XMClib/XMC_Peripheral_Library_v2.1.16/CMSIS/Include/core_cm4.h **** 
1161:/opt/XMClib/XMC_Peripheral_Library_v2.1.16/CMSIS/Include/core_cm4.h **** #define TPI_FIFO1_ITM1_Pos                  8U                                         /*!< TPI FIF
1162:/opt/XMClib/XMC_Peripheral_Library_v2.1.16/CMSIS/Include/core_cm4.h **** #define TPI_FIFO1_ITM1_Msk                 (0xFFUL << TPI_FIFO1_ITM1_Pos)              /*!< TPI FIF
1163:/opt/XMClib/XMC_Peripheral_Library_v2.1.16/CMSIS/Include/core_cm4.h **** 
1164:/opt/XMClib/XMC_Peripheral_Library_v2.1.16/CMSIS/Include/core_cm4.h **** #define TPI_FIFO1_ITM0_Pos                  0U                                         /*!< TPI FIF
1165:/opt/XMClib/XMC_Peripheral_Library_v2.1.16/CMSIS/Include/core_cm4.h **** #define TPI_FIFO1_ITM0_Msk                 (0xFFUL /*<< TPI_FIFO1_ITM0_Pos*/)          /*!< TPI FIF
1166:/opt/XMClib/XMC_Peripheral_Library_v2.1.16/CMSIS/Include/core_cm4.h **** 
1167:/opt/XMClib/XMC_Peripheral_Library_v2.1.16/CMSIS/Include/core_cm4.h **** /* TPI ITATBCTR0 Register Definitions */
1168:/opt/XMClib/XMC_Peripheral_Library_v2.1.16/CMSIS/Include/core_cm4.h **** #define TPI_ITATBCTR0_ATREADY_Pos           0U                                         /*!< TPI ITA
1169:/opt/XMClib/XMC_Peripheral_Library_v2.1.16/CMSIS/Include/core_cm4.h **** #define TPI_ITATBCTR0_ATREADY_Msk          (0x1UL /*<< TPI_ITATBCTR0_ATREADY_Pos*/)    /*!< TPI ITA
1170:/opt/XMClib/XMC_Peripheral_Library_v2.1.16/CMSIS/Include/core_cm4.h **** 
1171:/opt/XMClib/XMC_Peripheral_Library_v2.1.16/CMSIS/Include/core_cm4.h **** /* TPI Integration Mode Control Register Definitions */
1172:/opt/XMClib/XMC_Peripheral_Library_v2.1.16/CMSIS/Include/core_cm4.h **** #define TPI_ITCTRL_Mode_Pos                 0U                                         /*!< TPI ITC
1173:/opt/XMClib/XMC_Peripheral_Library_v2.1.16/CMSIS/Include/core_cm4.h **** #define TPI_ITCTRL_Mode_Msk                (0x1UL /*<< TPI_ITCTRL_Mode_Pos*/)          /*!< TPI ITC
1174:/opt/XMClib/XMC_Peripheral_Library_v2.1.16/CMSIS/Include/core_cm4.h **** 
1175:/opt/XMClib/XMC_Peripheral_Library_v2.1.16/CMSIS/Include/core_cm4.h **** /* TPI DEVID Register Definitions */
1176:/opt/XMClib/XMC_Peripheral_Library_v2.1.16/CMSIS/Include/core_cm4.h **** #define TPI_DEVID_NRZVALID_Pos             11U                                         /*!< TPI DEV
1177:/opt/XMClib/XMC_Peripheral_Library_v2.1.16/CMSIS/Include/core_cm4.h **** #define TPI_DEVID_NRZVALID_Msk             (0x1UL << TPI_DEVID_NRZVALID_Pos)           /*!< TPI DEV
1178:/opt/XMClib/XMC_Peripheral_Library_v2.1.16/CMSIS/Include/core_cm4.h **** 
1179:/opt/XMClib/XMC_Peripheral_Library_v2.1.16/CMSIS/Include/core_cm4.h **** #define TPI_DEVID_MANCVALID_Pos            10U                                         /*!< TPI DEV
1180:/opt/XMClib/XMC_Peripheral_Library_v2.1.16/CMSIS/Include/core_cm4.h **** #define TPI_DEVID_MANCVALID_Msk            (0x1UL << TPI_DEVID_MANCVALID_Pos)          /*!< TPI DEV
1181:/opt/XMClib/XMC_Peripheral_Library_v2.1.16/CMSIS/Include/core_cm4.h **** 
1182:/opt/XMClib/XMC_Peripheral_Library_v2.1.16/CMSIS/Include/core_cm4.h **** #define TPI_DEVID_PTINVALID_Pos             9U                                         /*!< TPI DEV
1183:/opt/XMClib/XMC_Peripheral_Library_v2.1.16/CMSIS/Include/core_cm4.h **** #define TPI_DEVID_PTINVALID_Msk            (0x1UL << TPI_DEVID_PTINVALID_Pos)          /*!< TPI DEV
1184:/opt/XMClib/XMC_Peripheral_Library_v2.1.16/CMSIS/Include/core_cm4.h **** 
1185:/opt/XMClib/XMC_Peripheral_Library_v2.1.16/CMSIS/Include/core_cm4.h **** #define TPI_DEVID_MinBufSz_Pos              6U                                         /*!< TPI DEV
1186:/opt/XMClib/XMC_Peripheral_Library_v2.1.16/CMSIS/Include/core_cm4.h **** #define TPI_DEVID_MinBufSz_Msk             (0x7UL << TPI_DEVID_MinBufSz_Pos)           /*!< TPI DEV
1187:/opt/XMClib/XMC_Peripheral_Library_v2.1.16/CMSIS/Include/core_cm4.h **** 
1188:/opt/XMClib/XMC_Peripheral_Library_v2.1.16/CMSIS/Include/core_cm4.h **** #define TPI_DEVID_AsynClkIn_Pos             5U                                         /*!< TPI DEV
1189:/opt/XMClib/XMC_Peripheral_Library_v2.1.16/CMSIS/Include/core_cm4.h **** #define TPI_DEVID_AsynClkIn_Msk            (0x1UL << TPI_DEVID_AsynClkIn_Pos)          /*!< TPI DEV
1190:/opt/XMClib/XMC_Peripheral_Library_v2.1.16/CMSIS/Include/core_cm4.h **** 
1191:/opt/XMClib/XMC_Peripheral_Library_v2.1.16/CMSIS/Include/core_cm4.h **** #define TPI_DEVID_NrTraceInput_Pos          0U                                         /*!< TPI DEV
1192:/opt/XMClib/XMC_Peripheral_Library_v2.1.16/CMSIS/Include/core_cm4.h **** #define TPI_DEVID_NrTraceInput_Msk         (0x1FUL /*<< TPI_DEVID_NrTraceInput_Pos*/)  /*!< TPI DEV
1193:/opt/XMClib/XMC_Peripheral_Library_v2.1.16/CMSIS/Include/core_cm4.h **** 
1194:/opt/XMClib/XMC_Peripheral_Library_v2.1.16/CMSIS/Include/core_cm4.h **** /* TPI DEVTYPE Register Definitions */
1195:/opt/XMClib/XMC_Peripheral_Library_v2.1.16/CMSIS/Include/core_cm4.h **** #define TPI_DEVTYPE_MajorType_Pos           4U                                         /*!< TPI DEV
1196:/opt/XMClib/XMC_Peripheral_Library_v2.1.16/CMSIS/Include/core_cm4.h **** #define TPI_DEVTYPE_MajorType_Msk          (0xFUL << TPI_DEVTYPE_MajorType_Pos)        /*!< TPI DEV
1197:/opt/XMClib/XMC_Peripheral_Library_v2.1.16/CMSIS/Include/core_cm4.h **** 
1198:/opt/XMClib/XMC_Peripheral_Library_v2.1.16/CMSIS/Include/core_cm4.h **** #define TPI_DEVTYPE_SubType_Pos             0U                                         /*!< TPI DEV
1199:/opt/XMClib/XMC_Peripheral_Library_v2.1.16/CMSIS/Include/core_cm4.h **** #define TPI_DEVTYPE_SubType_Msk            (0xFUL /*<< TPI_DEVTYPE_SubType_Pos*/)      /*!< TPI DEV
1200:/opt/XMClib/XMC_Peripheral_Library_v2.1.16/CMSIS/Include/core_cm4.h **** 
1201:/opt/XMClib/XMC_Peripheral_Library_v2.1.16/CMSIS/Include/core_cm4.h **** /*@}*/ /* end of group CMSIS_TPI */
1202:/opt/XMClib/XMC_Peripheral_Library_v2.1.16/CMSIS/Include/core_cm4.h **** 
1203:/opt/XMClib/XMC_Peripheral_Library_v2.1.16/CMSIS/Include/core_cm4.h **** 
1204:/opt/XMClib/XMC_Peripheral_Library_v2.1.16/CMSIS/Include/core_cm4.h **** #if defined (__MPU_PRESENT) && (__MPU_PRESENT == 1U)
1205:/opt/XMClib/XMC_Peripheral_Library_v2.1.16/CMSIS/Include/core_cm4.h **** /**
1206:/opt/XMClib/XMC_Peripheral_Library_v2.1.16/CMSIS/Include/core_cm4.h ****   \ingroup  CMSIS_core_register
1207:/opt/XMClib/XMC_Peripheral_Library_v2.1.16/CMSIS/Include/core_cm4.h ****   \defgroup CMSIS_MPU     Memory Protection Unit (MPU)
1208:/opt/XMClib/XMC_Peripheral_Library_v2.1.16/CMSIS/Include/core_cm4.h ****   \brief    Type definitions for the Memory Protection Unit (MPU)
1209:/opt/XMClib/XMC_Peripheral_Library_v2.1.16/CMSIS/Include/core_cm4.h ****   @{
1210:/opt/XMClib/XMC_Peripheral_Library_v2.1.16/CMSIS/Include/core_cm4.h ****  */
1211:/opt/XMClib/XMC_Peripheral_Library_v2.1.16/CMSIS/Include/core_cm4.h **** 
1212:/opt/XMClib/XMC_Peripheral_Library_v2.1.16/CMSIS/Include/core_cm4.h **** /**
1213:/opt/XMClib/XMC_Peripheral_Library_v2.1.16/CMSIS/Include/core_cm4.h ****   \brief  Structure type to access the Memory Protection Unit (MPU).
1214:/opt/XMClib/XMC_Peripheral_Library_v2.1.16/CMSIS/Include/core_cm4.h ****  */
1215:/opt/XMClib/XMC_Peripheral_Library_v2.1.16/CMSIS/Include/core_cm4.h **** typedef struct
1216:/opt/XMClib/XMC_Peripheral_Library_v2.1.16/CMSIS/Include/core_cm4.h **** {
1217:/opt/XMClib/XMC_Peripheral_Library_v2.1.16/CMSIS/Include/core_cm4.h ****   __IM  uint32_t TYPE;                   /*!< Offset: 0x000 (R/ )  MPU Type Register */
1218:/opt/XMClib/XMC_Peripheral_Library_v2.1.16/CMSIS/Include/core_cm4.h ****   __IOM uint32_t CTRL;                   /*!< Offset: 0x004 (R/W)  MPU Control Register */
1219:/opt/XMClib/XMC_Peripheral_Library_v2.1.16/CMSIS/Include/core_cm4.h ****   __IOM uint32_t RNR;                    /*!< Offset: 0x008 (R/W)  MPU Region RNRber Register */
1220:/opt/XMClib/XMC_Peripheral_Library_v2.1.16/CMSIS/Include/core_cm4.h ****   __IOM uint32_t RBAR;                   /*!< Offset: 0x00C (R/W)  MPU Region Base Address Register
1221:/opt/XMClib/XMC_Peripheral_Library_v2.1.16/CMSIS/Include/core_cm4.h ****   __IOM uint32_t RASR;                   /*!< Offset: 0x010 (R/W)  MPU Region Attribute and Size Re
1222:/opt/XMClib/XMC_Peripheral_Library_v2.1.16/CMSIS/Include/core_cm4.h ****   __IOM uint32_t RBAR_A1;                /*!< Offset: 0x014 (R/W)  MPU Alias 1 Region Base Address 
1223:/opt/XMClib/XMC_Peripheral_Library_v2.1.16/CMSIS/Include/core_cm4.h ****   __IOM uint32_t RASR_A1;                /*!< Offset: 0x018 (R/W)  MPU Alias 1 Region Attribute and
1224:/opt/XMClib/XMC_Peripheral_Library_v2.1.16/CMSIS/Include/core_cm4.h ****   __IOM uint32_t RBAR_A2;                /*!< Offset: 0x01C (R/W)  MPU Alias 2 Region Base Address 
1225:/opt/XMClib/XMC_Peripheral_Library_v2.1.16/CMSIS/Include/core_cm4.h ****   __IOM uint32_t RASR_A2;                /*!< Offset: 0x020 (R/W)  MPU Alias 2 Region Attribute and
1226:/opt/XMClib/XMC_Peripheral_Library_v2.1.16/CMSIS/Include/core_cm4.h ****   __IOM uint32_t RBAR_A3;                /*!< Offset: 0x024 (R/W)  MPU Alias 3 Region Base Address 
1227:/opt/XMClib/XMC_Peripheral_Library_v2.1.16/CMSIS/Include/core_cm4.h ****   __IOM uint32_t RASR_A3;                /*!< Offset: 0x028 (R/W)  MPU Alias 3 Region Attribute and
1228:/opt/XMClib/XMC_Peripheral_Library_v2.1.16/CMSIS/Include/core_cm4.h **** } MPU_Type;
1229:/opt/XMClib/XMC_Peripheral_Library_v2.1.16/CMSIS/Include/core_cm4.h **** 
1230:/opt/XMClib/XMC_Peripheral_Library_v2.1.16/CMSIS/Include/core_cm4.h **** /* MPU Type Register Definitions */
1231:/opt/XMClib/XMC_Peripheral_Library_v2.1.16/CMSIS/Include/core_cm4.h **** #define MPU_TYPE_IREGION_Pos               16U                                            /*!< MPU 
1232:/opt/XMClib/XMC_Peripheral_Library_v2.1.16/CMSIS/Include/core_cm4.h **** #define MPU_TYPE_IREGION_Msk               (0xFFUL << MPU_TYPE_IREGION_Pos)               /*!< MPU 
1233:/opt/XMClib/XMC_Peripheral_Library_v2.1.16/CMSIS/Include/core_cm4.h **** 
1234:/opt/XMClib/XMC_Peripheral_Library_v2.1.16/CMSIS/Include/core_cm4.h **** #define MPU_TYPE_DREGION_Pos                8U                                            /*!< MPU 
1235:/opt/XMClib/XMC_Peripheral_Library_v2.1.16/CMSIS/Include/core_cm4.h **** #define MPU_TYPE_DREGION_Msk               (0xFFUL << MPU_TYPE_DREGION_Pos)               /*!< MPU 
1236:/opt/XMClib/XMC_Peripheral_Library_v2.1.16/CMSIS/Include/core_cm4.h **** 
1237:/opt/XMClib/XMC_Peripheral_Library_v2.1.16/CMSIS/Include/core_cm4.h **** #define MPU_TYPE_SEPARATE_Pos               0U                                            /*!< MPU 
1238:/opt/XMClib/XMC_Peripheral_Library_v2.1.16/CMSIS/Include/core_cm4.h **** #define MPU_TYPE_SEPARATE_Msk              (1UL /*<< MPU_TYPE_SEPARATE_Pos*/)             /*!< MPU 
1239:/opt/XMClib/XMC_Peripheral_Library_v2.1.16/CMSIS/Include/core_cm4.h **** 
1240:/opt/XMClib/XMC_Peripheral_Library_v2.1.16/CMSIS/Include/core_cm4.h **** /* MPU Control Register Definitions */
1241:/opt/XMClib/XMC_Peripheral_Library_v2.1.16/CMSIS/Include/core_cm4.h **** #define MPU_CTRL_PRIVDEFENA_Pos             2U                                            /*!< MPU 
1242:/opt/XMClib/XMC_Peripheral_Library_v2.1.16/CMSIS/Include/core_cm4.h **** #define MPU_CTRL_PRIVDEFENA_Msk            (1UL << MPU_CTRL_PRIVDEFENA_Pos)               /*!< MPU 
1243:/opt/XMClib/XMC_Peripheral_Library_v2.1.16/CMSIS/Include/core_cm4.h **** 
1244:/opt/XMClib/XMC_Peripheral_Library_v2.1.16/CMSIS/Include/core_cm4.h **** #define MPU_CTRL_HFNMIENA_Pos               1U                                            /*!< MPU 
1245:/opt/XMClib/XMC_Peripheral_Library_v2.1.16/CMSIS/Include/core_cm4.h **** #define MPU_CTRL_HFNMIENA_Msk              (1UL << MPU_CTRL_HFNMIENA_Pos)                 /*!< MPU 
1246:/opt/XMClib/XMC_Peripheral_Library_v2.1.16/CMSIS/Include/core_cm4.h **** 
1247:/opt/XMClib/XMC_Peripheral_Library_v2.1.16/CMSIS/Include/core_cm4.h **** #define MPU_CTRL_ENABLE_Pos                 0U                                            /*!< MPU 
1248:/opt/XMClib/XMC_Peripheral_Library_v2.1.16/CMSIS/Include/core_cm4.h **** #define MPU_CTRL_ENABLE_Msk                (1UL /*<< MPU_CTRL_ENABLE_Pos*/)               /*!< MPU 
1249:/opt/XMClib/XMC_Peripheral_Library_v2.1.16/CMSIS/Include/core_cm4.h **** 
1250:/opt/XMClib/XMC_Peripheral_Library_v2.1.16/CMSIS/Include/core_cm4.h **** /* MPU Region Number Register Definitions */
1251:/opt/XMClib/XMC_Peripheral_Library_v2.1.16/CMSIS/Include/core_cm4.h **** #define MPU_RNR_REGION_Pos                  0U                                            /*!< MPU 
1252:/opt/XMClib/XMC_Peripheral_Library_v2.1.16/CMSIS/Include/core_cm4.h **** #define MPU_RNR_REGION_Msk                 (0xFFUL /*<< MPU_RNR_REGION_Pos*/)             /*!< MPU 
1253:/opt/XMClib/XMC_Peripheral_Library_v2.1.16/CMSIS/Include/core_cm4.h **** 
1254:/opt/XMClib/XMC_Peripheral_Library_v2.1.16/CMSIS/Include/core_cm4.h **** /* MPU Region Base Address Register Definitions */
1255:/opt/XMClib/XMC_Peripheral_Library_v2.1.16/CMSIS/Include/core_cm4.h **** #define MPU_RBAR_ADDR_Pos                   5U                                            /*!< MPU 
1256:/opt/XMClib/XMC_Peripheral_Library_v2.1.16/CMSIS/Include/core_cm4.h **** #define MPU_RBAR_ADDR_Msk                  (0x7FFFFFFUL << MPU_RBAR_ADDR_Pos)             /*!< MPU 
1257:/opt/XMClib/XMC_Peripheral_Library_v2.1.16/CMSIS/Include/core_cm4.h **** 
1258:/opt/XMClib/XMC_Peripheral_Library_v2.1.16/CMSIS/Include/core_cm4.h **** #define MPU_RBAR_VALID_Pos                  4U                                            /*!< MPU 
1259:/opt/XMClib/XMC_Peripheral_Library_v2.1.16/CMSIS/Include/core_cm4.h **** #define MPU_RBAR_VALID_Msk                 (1UL << MPU_RBAR_VALID_Pos)                    /*!< MPU 
1260:/opt/XMClib/XMC_Peripheral_Library_v2.1.16/CMSIS/Include/core_cm4.h **** 
1261:/opt/XMClib/XMC_Peripheral_Library_v2.1.16/CMSIS/Include/core_cm4.h **** #define MPU_RBAR_REGION_Pos                 0U                                            /*!< MPU 
1262:/opt/XMClib/XMC_Peripheral_Library_v2.1.16/CMSIS/Include/core_cm4.h **** #define MPU_RBAR_REGION_Msk                (0xFUL /*<< MPU_RBAR_REGION_Pos*/)             /*!< MPU 
1263:/opt/XMClib/XMC_Peripheral_Library_v2.1.16/CMSIS/Include/core_cm4.h **** 
1264:/opt/XMClib/XMC_Peripheral_Library_v2.1.16/CMSIS/Include/core_cm4.h **** /* MPU Region Attribute and Size Register Definitions */
1265:/opt/XMClib/XMC_Peripheral_Library_v2.1.16/CMSIS/Include/core_cm4.h **** #define MPU_RASR_ATTRS_Pos                 16U                                            /*!< MPU 
1266:/opt/XMClib/XMC_Peripheral_Library_v2.1.16/CMSIS/Include/core_cm4.h **** #define MPU_RASR_ATTRS_Msk                 (0xFFFFUL << MPU_RASR_ATTRS_Pos)               /*!< MPU 
1267:/opt/XMClib/XMC_Peripheral_Library_v2.1.16/CMSIS/Include/core_cm4.h **** 
1268:/opt/XMClib/XMC_Peripheral_Library_v2.1.16/CMSIS/Include/core_cm4.h **** #define MPU_RASR_XN_Pos                    28U                                            /*!< MPU 
1269:/opt/XMClib/XMC_Peripheral_Library_v2.1.16/CMSIS/Include/core_cm4.h **** #define MPU_RASR_XN_Msk                    (1UL << MPU_RASR_XN_Pos)                       /*!< MPU 
1270:/opt/XMClib/XMC_Peripheral_Library_v2.1.16/CMSIS/Include/core_cm4.h **** 
1271:/opt/XMClib/XMC_Peripheral_Library_v2.1.16/CMSIS/Include/core_cm4.h **** #define MPU_RASR_AP_Pos                    24U                                            /*!< MPU 
1272:/opt/XMClib/XMC_Peripheral_Library_v2.1.16/CMSIS/Include/core_cm4.h **** #define MPU_RASR_AP_Msk                    (0x7UL << MPU_RASR_AP_Pos)                     /*!< MPU 
1273:/opt/XMClib/XMC_Peripheral_Library_v2.1.16/CMSIS/Include/core_cm4.h **** 
1274:/opt/XMClib/XMC_Peripheral_Library_v2.1.16/CMSIS/Include/core_cm4.h **** #define MPU_RASR_TEX_Pos                   19U                                            /*!< MPU 
1275:/opt/XMClib/XMC_Peripheral_Library_v2.1.16/CMSIS/Include/core_cm4.h **** #define MPU_RASR_TEX_Msk                   (0x7UL << MPU_RASR_TEX_Pos)                    /*!< MPU 
1276:/opt/XMClib/XMC_Peripheral_Library_v2.1.16/CMSIS/Include/core_cm4.h **** 
1277:/opt/XMClib/XMC_Peripheral_Library_v2.1.16/CMSIS/Include/core_cm4.h **** #define MPU_RASR_S_Pos                     18U                                            /*!< MPU 
1278:/opt/XMClib/XMC_Peripheral_Library_v2.1.16/CMSIS/Include/core_cm4.h **** #define MPU_RASR_S_Msk                     (1UL << MPU_RASR_S_Pos)                        /*!< MPU 
1279:/opt/XMClib/XMC_Peripheral_Library_v2.1.16/CMSIS/Include/core_cm4.h **** 
1280:/opt/XMClib/XMC_Peripheral_Library_v2.1.16/CMSIS/Include/core_cm4.h **** #define MPU_RASR_C_Pos                     17U                                            /*!< MPU 
1281:/opt/XMClib/XMC_Peripheral_Library_v2.1.16/CMSIS/Include/core_cm4.h **** #define MPU_RASR_C_Msk                     (1UL << MPU_RASR_C_Pos)                        /*!< MPU 
1282:/opt/XMClib/XMC_Peripheral_Library_v2.1.16/CMSIS/Include/core_cm4.h **** 
1283:/opt/XMClib/XMC_Peripheral_Library_v2.1.16/CMSIS/Include/core_cm4.h **** #define MPU_RASR_B_Pos                     16U                                            /*!< MPU 
1284:/opt/XMClib/XMC_Peripheral_Library_v2.1.16/CMSIS/Include/core_cm4.h **** #define MPU_RASR_B_Msk                     (1UL << MPU_RASR_B_Pos)                        /*!< MPU 
1285:/opt/XMClib/XMC_Peripheral_Library_v2.1.16/CMSIS/Include/core_cm4.h **** 
1286:/opt/XMClib/XMC_Peripheral_Library_v2.1.16/CMSIS/Include/core_cm4.h **** #define MPU_RASR_SRD_Pos                    8U                                            /*!< MPU 
1287:/opt/XMClib/XMC_Peripheral_Library_v2.1.16/CMSIS/Include/core_cm4.h **** #define MPU_RASR_SRD_Msk                   (0xFFUL << MPU_RASR_SRD_Pos)                   /*!< MPU 
1288:/opt/XMClib/XMC_Peripheral_Library_v2.1.16/CMSIS/Include/core_cm4.h **** 
1289:/opt/XMClib/XMC_Peripheral_Library_v2.1.16/CMSIS/Include/core_cm4.h **** #define MPU_RASR_SIZE_Pos                   1U                                            /*!< MPU 
1290:/opt/XMClib/XMC_Peripheral_Library_v2.1.16/CMSIS/Include/core_cm4.h **** #define MPU_RASR_SIZE_Msk                  (0x1FUL << MPU_RASR_SIZE_Pos)                  /*!< MPU 
1291:/opt/XMClib/XMC_Peripheral_Library_v2.1.16/CMSIS/Include/core_cm4.h **** 
1292:/opt/XMClib/XMC_Peripheral_Library_v2.1.16/CMSIS/Include/core_cm4.h **** #define MPU_RASR_ENABLE_Pos                 0U                                            /*!< MPU 
1293:/opt/XMClib/XMC_Peripheral_Library_v2.1.16/CMSIS/Include/core_cm4.h **** #define MPU_RASR_ENABLE_Msk                (1UL /*<< MPU_RASR_ENABLE_Pos*/)               /*!< MPU 
1294:/opt/XMClib/XMC_Peripheral_Library_v2.1.16/CMSIS/Include/core_cm4.h **** 
1295:/opt/XMClib/XMC_Peripheral_Library_v2.1.16/CMSIS/Include/core_cm4.h **** /*@} end of group CMSIS_MPU */
1296:/opt/XMClib/XMC_Peripheral_Library_v2.1.16/CMSIS/Include/core_cm4.h **** #endif /* defined (__MPU_PRESENT) && (__MPU_PRESENT == 1U) */
1297:/opt/XMClib/XMC_Peripheral_Library_v2.1.16/CMSIS/Include/core_cm4.h **** 
1298:/opt/XMClib/XMC_Peripheral_Library_v2.1.16/CMSIS/Include/core_cm4.h **** 
1299:/opt/XMClib/XMC_Peripheral_Library_v2.1.16/CMSIS/Include/core_cm4.h **** /**
1300:/opt/XMClib/XMC_Peripheral_Library_v2.1.16/CMSIS/Include/core_cm4.h ****   \ingroup  CMSIS_core_register
1301:/opt/XMClib/XMC_Peripheral_Library_v2.1.16/CMSIS/Include/core_cm4.h ****   \defgroup CMSIS_FPU     Floating Point Unit (FPU)
1302:/opt/XMClib/XMC_Peripheral_Library_v2.1.16/CMSIS/Include/core_cm4.h ****   \brief    Type definitions for the Floating Point Unit (FPU)
1303:/opt/XMClib/XMC_Peripheral_Library_v2.1.16/CMSIS/Include/core_cm4.h ****   @{
1304:/opt/XMClib/XMC_Peripheral_Library_v2.1.16/CMSIS/Include/core_cm4.h ****  */
1305:/opt/XMClib/XMC_Peripheral_Library_v2.1.16/CMSIS/Include/core_cm4.h **** 
1306:/opt/XMClib/XMC_Peripheral_Library_v2.1.16/CMSIS/Include/core_cm4.h **** /**
1307:/opt/XMClib/XMC_Peripheral_Library_v2.1.16/CMSIS/Include/core_cm4.h ****   \brief  Structure type to access the Floating Point Unit (FPU).
1308:/opt/XMClib/XMC_Peripheral_Library_v2.1.16/CMSIS/Include/core_cm4.h ****  */
1309:/opt/XMClib/XMC_Peripheral_Library_v2.1.16/CMSIS/Include/core_cm4.h **** typedef struct
1310:/opt/XMClib/XMC_Peripheral_Library_v2.1.16/CMSIS/Include/core_cm4.h **** {
1311:/opt/XMClib/XMC_Peripheral_Library_v2.1.16/CMSIS/Include/core_cm4.h ****         uint32_t RESERVED0[1U];
1312:/opt/XMClib/XMC_Peripheral_Library_v2.1.16/CMSIS/Include/core_cm4.h ****   __IOM uint32_t FPCCR;                  /*!< Offset: 0x004 (R/W)  Floating-Point Context Control R
1313:/opt/XMClib/XMC_Peripheral_Library_v2.1.16/CMSIS/Include/core_cm4.h ****   __IOM uint32_t FPCAR;                  /*!< Offset: 0x008 (R/W)  Floating-Point Context Address R
1314:/opt/XMClib/XMC_Peripheral_Library_v2.1.16/CMSIS/Include/core_cm4.h ****   __IOM uint32_t FPDSCR;                 /*!< Offset: 0x00C (R/W)  Floating-Point Default Status Co
1315:/opt/XMClib/XMC_Peripheral_Library_v2.1.16/CMSIS/Include/core_cm4.h ****   __IM  uint32_t MVFR0;                  /*!< Offset: 0x010 (R/ )  Media and FP Feature Register 0 
1316:/opt/XMClib/XMC_Peripheral_Library_v2.1.16/CMSIS/Include/core_cm4.h ****   __IM  uint32_t MVFR1;                  /*!< Offset: 0x014 (R/ )  Media and FP Feature Register 1 
1317:/opt/XMClib/XMC_Peripheral_Library_v2.1.16/CMSIS/Include/core_cm4.h **** } FPU_Type;
1318:/opt/XMClib/XMC_Peripheral_Library_v2.1.16/CMSIS/Include/core_cm4.h **** 
1319:/opt/XMClib/XMC_Peripheral_Library_v2.1.16/CMSIS/Include/core_cm4.h **** /* Floating-Point Context Control Register Definitions */
1320:/opt/XMClib/XMC_Peripheral_Library_v2.1.16/CMSIS/Include/core_cm4.h **** #define FPU_FPCCR_ASPEN_Pos                31U                                            /*!< FPCC
1321:/opt/XMClib/XMC_Peripheral_Library_v2.1.16/CMSIS/Include/core_cm4.h **** #define FPU_FPCCR_ASPEN_Msk                (1UL << FPU_FPCCR_ASPEN_Pos)                   /*!< FPCC
1322:/opt/XMClib/XMC_Peripheral_Library_v2.1.16/CMSIS/Include/core_cm4.h **** 
1323:/opt/XMClib/XMC_Peripheral_Library_v2.1.16/CMSIS/Include/core_cm4.h **** #define FPU_FPCCR_LSPEN_Pos                30U                                            /*!< FPCC
1324:/opt/XMClib/XMC_Peripheral_Library_v2.1.16/CMSIS/Include/core_cm4.h **** #define FPU_FPCCR_LSPEN_Msk                (1UL << FPU_FPCCR_LSPEN_Pos)                   /*!< FPCC
1325:/opt/XMClib/XMC_Peripheral_Library_v2.1.16/CMSIS/Include/core_cm4.h **** 
1326:/opt/XMClib/XMC_Peripheral_Library_v2.1.16/CMSIS/Include/core_cm4.h **** #define FPU_FPCCR_MONRDY_Pos                8U                                            /*!< FPCC
1327:/opt/XMClib/XMC_Peripheral_Library_v2.1.16/CMSIS/Include/core_cm4.h **** #define FPU_FPCCR_MONRDY_Msk               (1UL << FPU_FPCCR_MONRDY_Pos)                  /*!< FPCC
1328:/opt/XMClib/XMC_Peripheral_Library_v2.1.16/CMSIS/Include/core_cm4.h **** 
1329:/opt/XMClib/XMC_Peripheral_Library_v2.1.16/CMSIS/Include/core_cm4.h **** #define FPU_FPCCR_BFRDY_Pos                 6U                                            /*!< FPCC
1330:/opt/XMClib/XMC_Peripheral_Library_v2.1.16/CMSIS/Include/core_cm4.h **** #define FPU_FPCCR_BFRDY_Msk                (1UL << FPU_FPCCR_BFRDY_Pos)                   /*!< FPCC
1331:/opt/XMClib/XMC_Peripheral_Library_v2.1.16/CMSIS/Include/core_cm4.h **** 
1332:/opt/XMClib/XMC_Peripheral_Library_v2.1.16/CMSIS/Include/core_cm4.h **** #define FPU_FPCCR_MMRDY_Pos                 5U                                            /*!< FPCC
1333:/opt/XMClib/XMC_Peripheral_Library_v2.1.16/CMSIS/Include/core_cm4.h **** #define FPU_FPCCR_MMRDY_Msk                (1UL << FPU_FPCCR_MMRDY_Pos)                   /*!< FPCC
1334:/opt/XMClib/XMC_Peripheral_Library_v2.1.16/CMSIS/Include/core_cm4.h **** 
1335:/opt/XMClib/XMC_Peripheral_Library_v2.1.16/CMSIS/Include/core_cm4.h **** #define FPU_FPCCR_HFRDY_Pos                 4U                                            /*!< FPCC
1336:/opt/XMClib/XMC_Peripheral_Library_v2.1.16/CMSIS/Include/core_cm4.h **** #define FPU_FPCCR_HFRDY_Msk                (1UL << FPU_FPCCR_HFRDY_Pos)                   /*!< FPCC
1337:/opt/XMClib/XMC_Peripheral_Library_v2.1.16/CMSIS/Include/core_cm4.h **** 
1338:/opt/XMClib/XMC_Peripheral_Library_v2.1.16/CMSIS/Include/core_cm4.h **** #define FPU_FPCCR_THREAD_Pos                3U                                            /*!< FPCC
1339:/opt/XMClib/XMC_Peripheral_Library_v2.1.16/CMSIS/Include/core_cm4.h **** #define FPU_FPCCR_THREAD_Msk               (1UL << FPU_FPCCR_THREAD_Pos)                  /*!< FPCC
1340:/opt/XMClib/XMC_Peripheral_Library_v2.1.16/CMSIS/Include/core_cm4.h **** 
1341:/opt/XMClib/XMC_Peripheral_Library_v2.1.16/CMSIS/Include/core_cm4.h **** #define FPU_FPCCR_USER_Pos                  1U                                            /*!< FPCC
1342:/opt/XMClib/XMC_Peripheral_Library_v2.1.16/CMSIS/Include/core_cm4.h **** #define FPU_FPCCR_USER_Msk                 (1UL << FPU_FPCCR_USER_Pos)                    /*!< FPCC
1343:/opt/XMClib/XMC_Peripheral_Library_v2.1.16/CMSIS/Include/core_cm4.h **** 
1344:/opt/XMClib/XMC_Peripheral_Library_v2.1.16/CMSIS/Include/core_cm4.h **** #define FPU_FPCCR_LSPACT_Pos                0U                                            /*!< FPCC
1345:/opt/XMClib/XMC_Peripheral_Library_v2.1.16/CMSIS/Include/core_cm4.h **** #define FPU_FPCCR_LSPACT_Msk               (1UL /*<< FPU_FPCCR_LSPACT_Pos*/)              /*!< FPCC
1346:/opt/XMClib/XMC_Peripheral_Library_v2.1.16/CMSIS/Include/core_cm4.h **** 
1347:/opt/XMClib/XMC_Peripheral_Library_v2.1.16/CMSIS/Include/core_cm4.h **** /* Floating-Point Context Address Register Definitions */
1348:/opt/XMClib/XMC_Peripheral_Library_v2.1.16/CMSIS/Include/core_cm4.h **** #define FPU_FPCAR_ADDRESS_Pos               3U                                            /*!< FPCA
1349:/opt/XMClib/XMC_Peripheral_Library_v2.1.16/CMSIS/Include/core_cm4.h **** #define FPU_FPCAR_ADDRESS_Msk              (0x1FFFFFFFUL << FPU_FPCAR_ADDRESS_Pos)        /*!< FPCA
1350:/opt/XMClib/XMC_Peripheral_Library_v2.1.16/CMSIS/Include/core_cm4.h **** 
1351:/opt/XMClib/XMC_Peripheral_Library_v2.1.16/CMSIS/Include/core_cm4.h **** /* Floating-Point Default Status Control Register Definitions */
1352:/opt/XMClib/XMC_Peripheral_Library_v2.1.16/CMSIS/Include/core_cm4.h **** #define FPU_FPDSCR_AHP_Pos                 26U                                            /*!< FPDS
1353:/opt/XMClib/XMC_Peripheral_Library_v2.1.16/CMSIS/Include/core_cm4.h **** #define FPU_FPDSCR_AHP_Msk                 (1UL << FPU_FPDSCR_AHP_Pos)                    /*!< FPDS
1354:/opt/XMClib/XMC_Peripheral_Library_v2.1.16/CMSIS/Include/core_cm4.h **** 
1355:/opt/XMClib/XMC_Peripheral_Library_v2.1.16/CMSIS/Include/core_cm4.h **** #define FPU_FPDSCR_DN_Pos                  25U                                            /*!< FPDS
1356:/opt/XMClib/XMC_Peripheral_Library_v2.1.16/CMSIS/Include/core_cm4.h **** #define FPU_FPDSCR_DN_Msk                  (1UL << FPU_FPDSCR_DN_Pos)                     /*!< FPDS
1357:/opt/XMClib/XMC_Peripheral_Library_v2.1.16/CMSIS/Include/core_cm4.h **** 
1358:/opt/XMClib/XMC_Peripheral_Library_v2.1.16/CMSIS/Include/core_cm4.h **** #define FPU_FPDSCR_FZ_Pos                  24U                                            /*!< FPDS
1359:/opt/XMClib/XMC_Peripheral_Library_v2.1.16/CMSIS/Include/core_cm4.h **** #define FPU_FPDSCR_FZ_Msk                  (1UL << FPU_FPDSCR_FZ_Pos)                     /*!< FPDS
1360:/opt/XMClib/XMC_Peripheral_Library_v2.1.16/CMSIS/Include/core_cm4.h **** 
1361:/opt/XMClib/XMC_Peripheral_Library_v2.1.16/CMSIS/Include/core_cm4.h **** #define FPU_FPDSCR_RMode_Pos               22U                                            /*!< FPDS
1362:/opt/XMClib/XMC_Peripheral_Library_v2.1.16/CMSIS/Include/core_cm4.h **** #define FPU_FPDSCR_RMode_Msk               (3UL << FPU_FPDSCR_RMode_Pos)                  /*!< FPDS
1363:/opt/XMClib/XMC_Peripheral_Library_v2.1.16/CMSIS/Include/core_cm4.h **** 
1364:/opt/XMClib/XMC_Peripheral_Library_v2.1.16/CMSIS/Include/core_cm4.h **** /* Media and FP Feature Register 0 Definitions */
1365:/opt/XMClib/XMC_Peripheral_Library_v2.1.16/CMSIS/Include/core_cm4.h **** #define FPU_MVFR0_FP_rounding_modes_Pos    28U                                            /*!< MVFR
1366:/opt/XMClib/XMC_Peripheral_Library_v2.1.16/CMSIS/Include/core_cm4.h **** #define FPU_MVFR0_FP_rounding_modes_Msk    (0xFUL << FPU_MVFR0_FP_rounding_modes_Pos)     /*!< MVFR
1367:/opt/XMClib/XMC_Peripheral_Library_v2.1.16/CMSIS/Include/core_cm4.h **** 
1368:/opt/XMClib/XMC_Peripheral_Library_v2.1.16/CMSIS/Include/core_cm4.h **** #define FPU_MVFR0_Short_vectors_Pos        24U                                            /*!< MVFR
1369:/opt/XMClib/XMC_Peripheral_Library_v2.1.16/CMSIS/Include/core_cm4.h **** #define FPU_MVFR0_Short_vectors_Msk        (0xFUL << FPU_MVFR0_Short_vectors_Pos)         /*!< MVFR
1370:/opt/XMClib/XMC_Peripheral_Library_v2.1.16/CMSIS/Include/core_cm4.h **** 
1371:/opt/XMClib/XMC_Peripheral_Library_v2.1.16/CMSIS/Include/core_cm4.h **** #define FPU_MVFR0_Square_root_Pos          20U                                            /*!< MVFR
1372:/opt/XMClib/XMC_Peripheral_Library_v2.1.16/CMSIS/Include/core_cm4.h **** #define FPU_MVFR0_Square_root_Msk          (0xFUL << FPU_MVFR0_Square_root_Pos)           /*!< MVFR
1373:/opt/XMClib/XMC_Peripheral_Library_v2.1.16/CMSIS/Include/core_cm4.h **** 
1374:/opt/XMClib/XMC_Peripheral_Library_v2.1.16/CMSIS/Include/core_cm4.h **** #define FPU_MVFR0_Divide_Pos               16U                                            /*!< MVFR
1375:/opt/XMClib/XMC_Peripheral_Library_v2.1.16/CMSIS/Include/core_cm4.h **** #define FPU_MVFR0_Divide_Msk               (0xFUL << FPU_MVFR0_Divide_Pos)                /*!< MVFR
1376:/opt/XMClib/XMC_Peripheral_Library_v2.1.16/CMSIS/Include/core_cm4.h **** 
1377:/opt/XMClib/XMC_Peripheral_Library_v2.1.16/CMSIS/Include/core_cm4.h **** #define FPU_MVFR0_FP_excep_trapping_Pos    12U                                            /*!< MVFR
1378:/opt/XMClib/XMC_Peripheral_Library_v2.1.16/CMSIS/Include/core_cm4.h **** #define FPU_MVFR0_FP_excep_trapping_Msk    (0xFUL << FPU_MVFR0_FP_excep_trapping_Pos)     /*!< MVFR
1379:/opt/XMClib/XMC_Peripheral_Library_v2.1.16/CMSIS/Include/core_cm4.h **** 
1380:/opt/XMClib/XMC_Peripheral_Library_v2.1.16/CMSIS/Include/core_cm4.h **** #define FPU_MVFR0_Double_precision_Pos      8U                                            /*!< MVFR
1381:/opt/XMClib/XMC_Peripheral_Library_v2.1.16/CMSIS/Include/core_cm4.h **** #define FPU_MVFR0_Double_precision_Msk     (0xFUL << FPU_MVFR0_Double_precision_Pos)      /*!< MVFR
1382:/opt/XMClib/XMC_Peripheral_Library_v2.1.16/CMSIS/Include/core_cm4.h **** 
1383:/opt/XMClib/XMC_Peripheral_Library_v2.1.16/CMSIS/Include/core_cm4.h **** #define FPU_MVFR0_Single_precision_Pos      4U                                            /*!< MVFR
1384:/opt/XMClib/XMC_Peripheral_Library_v2.1.16/CMSIS/Include/core_cm4.h **** #define FPU_MVFR0_Single_precision_Msk     (0xFUL << FPU_MVFR0_Single_precision_Pos)      /*!< MVFR
1385:/opt/XMClib/XMC_Peripheral_Library_v2.1.16/CMSIS/Include/core_cm4.h **** 
1386:/opt/XMClib/XMC_Peripheral_Library_v2.1.16/CMSIS/Include/core_cm4.h **** #define FPU_MVFR0_A_SIMD_registers_Pos      0U                                            /*!< MVFR
1387:/opt/XMClib/XMC_Peripheral_Library_v2.1.16/CMSIS/Include/core_cm4.h **** #define FPU_MVFR0_A_SIMD_registers_Msk     (0xFUL /*<< FPU_MVFR0_A_SIMD_registers_Pos*/)  /*!< MVFR
1388:/opt/XMClib/XMC_Peripheral_Library_v2.1.16/CMSIS/Include/core_cm4.h **** 
1389:/opt/XMClib/XMC_Peripheral_Library_v2.1.16/CMSIS/Include/core_cm4.h **** /* Media and FP Feature Register 1 Definitions */
1390:/opt/XMClib/XMC_Peripheral_Library_v2.1.16/CMSIS/Include/core_cm4.h **** #define FPU_MVFR1_FP_fused_MAC_Pos         28U                                            /*!< MVFR
1391:/opt/XMClib/XMC_Peripheral_Library_v2.1.16/CMSIS/Include/core_cm4.h **** #define FPU_MVFR1_FP_fused_MAC_Msk         (0xFUL << FPU_MVFR1_FP_fused_MAC_Pos)          /*!< MVFR
1392:/opt/XMClib/XMC_Peripheral_Library_v2.1.16/CMSIS/Include/core_cm4.h **** 
1393:/opt/XMClib/XMC_Peripheral_Library_v2.1.16/CMSIS/Include/core_cm4.h **** #define FPU_MVFR1_FP_HPFP_Pos              24U                                            /*!< MVFR
1394:/opt/XMClib/XMC_Peripheral_Library_v2.1.16/CMSIS/Include/core_cm4.h **** #define FPU_MVFR1_FP_HPFP_Msk              (0xFUL << FPU_MVFR1_FP_HPFP_Pos)               /*!< MVFR
1395:/opt/XMClib/XMC_Peripheral_Library_v2.1.16/CMSIS/Include/core_cm4.h **** 
1396:/opt/XMClib/XMC_Peripheral_Library_v2.1.16/CMSIS/Include/core_cm4.h **** #define FPU_MVFR1_D_NaN_mode_Pos            4U                                            /*!< MVFR
1397:/opt/XMClib/XMC_Peripheral_Library_v2.1.16/CMSIS/Include/core_cm4.h **** #define FPU_MVFR1_D_NaN_mode_Msk           (0xFUL << FPU_MVFR1_D_NaN_mode_Pos)            /*!< MVFR
1398:/opt/XMClib/XMC_Peripheral_Library_v2.1.16/CMSIS/Include/core_cm4.h **** 
1399:/opt/XMClib/XMC_Peripheral_Library_v2.1.16/CMSIS/Include/core_cm4.h **** #define FPU_MVFR1_FtZ_mode_Pos              0U                                            /*!< MVFR
1400:/opt/XMClib/XMC_Peripheral_Library_v2.1.16/CMSIS/Include/core_cm4.h **** #define FPU_MVFR1_FtZ_mode_Msk             (0xFUL /*<< FPU_MVFR1_FtZ_mode_Pos*/)          /*!< MVFR
1401:/opt/XMClib/XMC_Peripheral_Library_v2.1.16/CMSIS/Include/core_cm4.h **** 
1402:/opt/XMClib/XMC_Peripheral_Library_v2.1.16/CMSIS/Include/core_cm4.h **** /*@} end of group CMSIS_FPU */
1403:/opt/XMClib/XMC_Peripheral_Library_v2.1.16/CMSIS/Include/core_cm4.h **** 
1404:/opt/XMClib/XMC_Peripheral_Library_v2.1.16/CMSIS/Include/core_cm4.h **** 
1405:/opt/XMClib/XMC_Peripheral_Library_v2.1.16/CMSIS/Include/core_cm4.h **** /**
1406:/opt/XMClib/XMC_Peripheral_Library_v2.1.16/CMSIS/Include/core_cm4.h ****   \ingroup  CMSIS_core_register
1407:/opt/XMClib/XMC_Peripheral_Library_v2.1.16/CMSIS/Include/core_cm4.h ****   \defgroup CMSIS_CoreDebug       Core Debug Registers (CoreDebug)
1408:/opt/XMClib/XMC_Peripheral_Library_v2.1.16/CMSIS/Include/core_cm4.h ****   \brief    Type definitions for the Core Debug Registers
1409:/opt/XMClib/XMC_Peripheral_Library_v2.1.16/CMSIS/Include/core_cm4.h ****   @{
1410:/opt/XMClib/XMC_Peripheral_Library_v2.1.16/CMSIS/Include/core_cm4.h ****  */
1411:/opt/XMClib/XMC_Peripheral_Library_v2.1.16/CMSIS/Include/core_cm4.h **** 
1412:/opt/XMClib/XMC_Peripheral_Library_v2.1.16/CMSIS/Include/core_cm4.h **** /**
1413:/opt/XMClib/XMC_Peripheral_Library_v2.1.16/CMSIS/Include/core_cm4.h ****   \brief  Structure type to access the Core Debug Register (CoreDebug).
1414:/opt/XMClib/XMC_Peripheral_Library_v2.1.16/CMSIS/Include/core_cm4.h ****  */
1415:/opt/XMClib/XMC_Peripheral_Library_v2.1.16/CMSIS/Include/core_cm4.h **** typedef struct
1416:/opt/XMClib/XMC_Peripheral_Library_v2.1.16/CMSIS/Include/core_cm4.h **** {
1417:/opt/XMClib/XMC_Peripheral_Library_v2.1.16/CMSIS/Include/core_cm4.h ****   __IOM uint32_t DHCSR;                  /*!< Offset: 0x000 (R/W)  Debug Halting Control and Status
1418:/opt/XMClib/XMC_Peripheral_Library_v2.1.16/CMSIS/Include/core_cm4.h ****   __OM  uint32_t DCRSR;                  /*!< Offset: 0x004 ( /W)  Debug Core Register Selector Reg
1419:/opt/XMClib/XMC_Peripheral_Library_v2.1.16/CMSIS/Include/core_cm4.h ****   __IOM uint32_t DCRDR;                  /*!< Offset: 0x008 (R/W)  Debug Core Register Data Registe
1420:/opt/XMClib/XMC_Peripheral_Library_v2.1.16/CMSIS/Include/core_cm4.h ****   __IOM uint32_t DEMCR;                  /*!< Offset: 0x00C (R/W)  Debug Exception and Monitor Cont
1421:/opt/XMClib/XMC_Peripheral_Library_v2.1.16/CMSIS/Include/core_cm4.h **** } CoreDebug_Type;
1422:/opt/XMClib/XMC_Peripheral_Library_v2.1.16/CMSIS/Include/core_cm4.h **** 
1423:/opt/XMClib/XMC_Peripheral_Library_v2.1.16/CMSIS/Include/core_cm4.h **** /* Debug Halting Control and Status Register Definitions */
1424:/opt/XMClib/XMC_Peripheral_Library_v2.1.16/CMSIS/Include/core_cm4.h **** #define CoreDebug_DHCSR_DBGKEY_Pos         16U                                            /*!< Core
1425:/opt/XMClib/XMC_Peripheral_Library_v2.1.16/CMSIS/Include/core_cm4.h **** #define CoreDebug_DHCSR_DBGKEY_Msk         (0xFFFFUL << CoreDebug_DHCSR_DBGKEY_Pos)       /*!< Core
1426:/opt/XMClib/XMC_Peripheral_Library_v2.1.16/CMSIS/Include/core_cm4.h **** 
1427:/opt/XMClib/XMC_Peripheral_Library_v2.1.16/CMSIS/Include/core_cm4.h **** #define CoreDebug_DHCSR_S_RESET_ST_Pos     25U                                            /*!< Core
1428:/opt/XMClib/XMC_Peripheral_Library_v2.1.16/CMSIS/Include/core_cm4.h **** #define CoreDebug_DHCSR_S_RESET_ST_Msk     (1UL << CoreDebug_DHCSR_S_RESET_ST_Pos)        /*!< Core
1429:/opt/XMClib/XMC_Peripheral_Library_v2.1.16/CMSIS/Include/core_cm4.h **** 
1430:/opt/XMClib/XMC_Peripheral_Library_v2.1.16/CMSIS/Include/core_cm4.h **** #define CoreDebug_DHCSR_S_RETIRE_ST_Pos    24U                                            /*!< Core
1431:/opt/XMClib/XMC_Peripheral_Library_v2.1.16/CMSIS/Include/core_cm4.h **** #define CoreDebug_DHCSR_S_RETIRE_ST_Msk    (1UL << CoreDebug_DHCSR_S_RETIRE_ST_Pos)       /*!< Core
1432:/opt/XMClib/XMC_Peripheral_Library_v2.1.16/CMSIS/Include/core_cm4.h **** 
1433:/opt/XMClib/XMC_Peripheral_Library_v2.1.16/CMSIS/Include/core_cm4.h **** #define CoreDebug_DHCSR_S_LOCKUP_Pos       19U                                            /*!< Core
1434:/opt/XMClib/XMC_Peripheral_Library_v2.1.16/CMSIS/Include/core_cm4.h **** #define CoreDebug_DHCSR_S_LOCKUP_Msk       (1UL << CoreDebug_DHCSR_S_LOCKUP_Pos)          /*!< Core
1435:/opt/XMClib/XMC_Peripheral_Library_v2.1.16/CMSIS/Include/core_cm4.h **** 
1436:/opt/XMClib/XMC_Peripheral_Library_v2.1.16/CMSIS/Include/core_cm4.h **** #define CoreDebug_DHCSR_S_SLEEP_Pos        18U                                            /*!< Core
1437:/opt/XMClib/XMC_Peripheral_Library_v2.1.16/CMSIS/Include/core_cm4.h **** #define CoreDebug_DHCSR_S_SLEEP_Msk        (1UL << CoreDebug_DHCSR_S_SLEEP_Pos)           /*!< Core
1438:/opt/XMClib/XMC_Peripheral_Library_v2.1.16/CMSIS/Include/core_cm4.h **** 
1439:/opt/XMClib/XMC_Peripheral_Library_v2.1.16/CMSIS/Include/core_cm4.h **** #define CoreDebug_DHCSR_S_HALT_Pos         17U                                            /*!< Core
1440:/opt/XMClib/XMC_Peripheral_Library_v2.1.16/CMSIS/Include/core_cm4.h **** #define CoreDebug_DHCSR_S_HALT_Msk         (1UL << CoreDebug_DHCSR_S_HALT_Pos)            /*!< Core
1441:/opt/XMClib/XMC_Peripheral_Library_v2.1.16/CMSIS/Include/core_cm4.h **** 
1442:/opt/XMClib/XMC_Peripheral_Library_v2.1.16/CMSIS/Include/core_cm4.h **** #define CoreDebug_DHCSR_S_REGRDY_Pos       16U                                            /*!< Core
1443:/opt/XMClib/XMC_Peripheral_Library_v2.1.16/CMSIS/Include/core_cm4.h **** #define CoreDebug_DHCSR_S_REGRDY_Msk       (1UL << CoreDebug_DHCSR_S_REGRDY_Pos)          /*!< Core
1444:/opt/XMClib/XMC_Peripheral_Library_v2.1.16/CMSIS/Include/core_cm4.h **** 
1445:/opt/XMClib/XMC_Peripheral_Library_v2.1.16/CMSIS/Include/core_cm4.h **** #define CoreDebug_DHCSR_C_SNAPSTALL_Pos     5U                                            /*!< Core
1446:/opt/XMClib/XMC_Peripheral_Library_v2.1.16/CMSIS/Include/core_cm4.h **** #define CoreDebug_DHCSR_C_SNAPSTALL_Msk    (1UL << CoreDebug_DHCSR_C_SNAPSTALL_Pos)       /*!< Core
1447:/opt/XMClib/XMC_Peripheral_Library_v2.1.16/CMSIS/Include/core_cm4.h **** 
1448:/opt/XMClib/XMC_Peripheral_Library_v2.1.16/CMSIS/Include/core_cm4.h **** #define CoreDebug_DHCSR_C_MASKINTS_Pos      3U                                            /*!< Core
1449:/opt/XMClib/XMC_Peripheral_Library_v2.1.16/CMSIS/Include/core_cm4.h **** #define CoreDebug_DHCSR_C_MASKINTS_Msk     (1UL << CoreDebug_DHCSR_C_MASKINTS_Pos)        /*!< Core
1450:/opt/XMClib/XMC_Peripheral_Library_v2.1.16/CMSIS/Include/core_cm4.h **** 
1451:/opt/XMClib/XMC_Peripheral_Library_v2.1.16/CMSIS/Include/core_cm4.h **** #define CoreDebug_DHCSR_C_STEP_Pos          2U                                            /*!< Core
1452:/opt/XMClib/XMC_Peripheral_Library_v2.1.16/CMSIS/Include/core_cm4.h **** #define CoreDebug_DHCSR_C_STEP_Msk         (1UL << CoreDebug_DHCSR_C_STEP_Pos)            /*!< Core
1453:/opt/XMClib/XMC_Peripheral_Library_v2.1.16/CMSIS/Include/core_cm4.h **** 
1454:/opt/XMClib/XMC_Peripheral_Library_v2.1.16/CMSIS/Include/core_cm4.h **** #define CoreDebug_DHCSR_C_HALT_Pos          1U                                            /*!< Core
1455:/opt/XMClib/XMC_Peripheral_Library_v2.1.16/CMSIS/Include/core_cm4.h **** #define CoreDebug_DHCSR_C_HALT_Msk         (1UL << CoreDebug_DHCSR_C_HALT_Pos)            /*!< Core
1456:/opt/XMClib/XMC_Peripheral_Library_v2.1.16/CMSIS/Include/core_cm4.h **** 
1457:/opt/XMClib/XMC_Peripheral_Library_v2.1.16/CMSIS/Include/core_cm4.h **** #define CoreDebug_DHCSR_C_DEBUGEN_Pos       0U                                            /*!< Core
1458:/opt/XMClib/XMC_Peripheral_Library_v2.1.16/CMSIS/Include/core_cm4.h **** #define CoreDebug_DHCSR_C_DEBUGEN_Msk      (1UL /*<< CoreDebug_DHCSR_C_DEBUGEN_Pos*/)     /*!< Core
1459:/opt/XMClib/XMC_Peripheral_Library_v2.1.16/CMSIS/Include/core_cm4.h **** 
1460:/opt/XMClib/XMC_Peripheral_Library_v2.1.16/CMSIS/Include/core_cm4.h **** /* Debug Core Register Selector Register Definitions */
1461:/opt/XMClib/XMC_Peripheral_Library_v2.1.16/CMSIS/Include/core_cm4.h **** #define CoreDebug_DCRSR_REGWnR_Pos         16U                                            /*!< Core
1462:/opt/XMClib/XMC_Peripheral_Library_v2.1.16/CMSIS/Include/core_cm4.h **** #define CoreDebug_DCRSR_REGWnR_Msk         (1UL << CoreDebug_DCRSR_REGWnR_Pos)            /*!< Core
1463:/opt/XMClib/XMC_Peripheral_Library_v2.1.16/CMSIS/Include/core_cm4.h **** 
1464:/opt/XMClib/XMC_Peripheral_Library_v2.1.16/CMSIS/Include/core_cm4.h **** #define CoreDebug_DCRSR_REGSEL_Pos          0U                                            /*!< Core
1465:/opt/XMClib/XMC_Peripheral_Library_v2.1.16/CMSIS/Include/core_cm4.h **** #define CoreDebug_DCRSR_REGSEL_Msk         (0x1FUL /*<< CoreDebug_DCRSR_REGSEL_Pos*/)     /*!< Core
1466:/opt/XMClib/XMC_Peripheral_Library_v2.1.16/CMSIS/Include/core_cm4.h **** 
1467:/opt/XMClib/XMC_Peripheral_Library_v2.1.16/CMSIS/Include/core_cm4.h **** /* Debug Exception and Monitor Control Register Definitions */
1468:/opt/XMClib/XMC_Peripheral_Library_v2.1.16/CMSIS/Include/core_cm4.h **** #define CoreDebug_DEMCR_TRCENA_Pos         24U                                            /*!< Core
1469:/opt/XMClib/XMC_Peripheral_Library_v2.1.16/CMSIS/Include/core_cm4.h **** #define CoreDebug_DEMCR_TRCENA_Msk         (1UL << CoreDebug_DEMCR_TRCENA_Pos)            /*!< Core
1470:/opt/XMClib/XMC_Peripheral_Library_v2.1.16/CMSIS/Include/core_cm4.h **** 
1471:/opt/XMClib/XMC_Peripheral_Library_v2.1.16/CMSIS/Include/core_cm4.h **** #define CoreDebug_DEMCR_MON_REQ_Pos        19U                                            /*!< Core
1472:/opt/XMClib/XMC_Peripheral_Library_v2.1.16/CMSIS/Include/core_cm4.h **** #define CoreDebug_DEMCR_MON_REQ_Msk        (1UL << CoreDebug_DEMCR_MON_REQ_Pos)           /*!< Core
1473:/opt/XMClib/XMC_Peripheral_Library_v2.1.16/CMSIS/Include/core_cm4.h **** 
1474:/opt/XMClib/XMC_Peripheral_Library_v2.1.16/CMSIS/Include/core_cm4.h **** #define CoreDebug_DEMCR_MON_STEP_Pos       18U                                            /*!< Core
1475:/opt/XMClib/XMC_Peripheral_Library_v2.1.16/CMSIS/Include/core_cm4.h **** #define CoreDebug_DEMCR_MON_STEP_Msk       (1UL << CoreDebug_DEMCR_MON_STEP_Pos)          /*!< Core
1476:/opt/XMClib/XMC_Peripheral_Library_v2.1.16/CMSIS/Include/core_cm4.h **** 
1477:/opt/XMClib/XMC_Peripheral_Library_v2.1.16/CMSIS/Include/core_cm4.h **** #define CoreDebug_DEMCR_MON_PEND_Pos       17U                                            /*!< Core
1478:/opt/XMClib/XMC_Peripheral_Library_v2.1.16/CMSIS/Include/core_cm4.h **** #define CoreDebug_DEMCR_MON_PEND_Msk       (1UL << CoreDebug_DEMCR_MON_PEND_Pos)          /*!< Core
1479:/opt/XMClib/XMC_Peripheral_Library_v2.1.16/CMSIS/Include/core_cm4.h **** 
1480:/opt/XMClib/XMC_Peripheral_Library_v2.1.16/CMSIS/Include/core_cm4.h **** #define CoreDebug_DEMCR_MON_EN_Pos         16U                                            /*!< Core
1481:/opt/XMClib/XMC_Peripheral_Library_v2.1.16/CMSIS/Include/core_cm4.h **** #define CoreDebug_DEMCR_MON_EN_Msk         (1UL << CoreDebug_DEMCR_MON_EN_Pos)            /*!< Core
1482:/opt/XMClib/XMC_Peripheral_Library_v2.1.16/CMSIS/Include/core_cm4.h **** 
1483:/opt/XMClib/XMC_Peripheral_Library_v2.1.16/CMSIS/Include/core_cm4.h **** #define CoreDebug_DEMCR_VC_HARDERR_Pos     10U                                            /*!< Core
1484:/opt/XMClib/XMC_Peripheral_Library_v2.1.16/CMSIS/Include/core_cm4.h **** #define CoreDebug_DEMCR_VC_HARDERR_Msk     (1UL << CoreDebug_DEMCR_VC_HARDERR_Pos)        /*!< Core
1485:/opt/XMClib/XMC_Peripheral_Library_v2.1.16/CMSIS/Include/core_cm4.h **** 
1486:/opt/XMClib/XMC_Peripheral_Library_v2.1.16/CMSIS/Include/core_cm4.h **** #define CoreDebug_DEMCR_VC_INTERR_Pos       9U                                            /*!< Core
1487:/opt/XMClib/XMC_Peripheral_Library_v2.1.16/CMSIS/Include/core_cm4.h **** #define CoreDebug_DEMCR_VC_INTERR_Msk      (1UL << CoreDebug_DEMCR_VC_INTERR_Pos)         /*!< Core
1488:/opt/XMClib/XMC_Peripheral_Library_v2.1.16/CMSIS/Include/core_cm4.h **** 
1489:/opt/XMClib/XMC_Peripheral_Library_v2.1.16/CMSIS/Include/core_cm4.h **** #define CoreDebug_DEMCR_VC_BUSERR_Pos       8U                                            /*!< Core
1490:/opt/XMClib/XMC_Peripheral_Library_v2.1.16/CMSIS/Include/core_cm4.h **** #define CoreDebug_DEMCR_VC_BUSERR_Msk      (1UL << CoreDebug_DEMCR_VC_BUSERR_Pos)         /*!< Core
1491:/opt/XMClib/XMC_Peripheral_Library_v2.1.16/CMSIS/Include/core_cm4.h **** 
1492:/opt/XMClib/XMC_Peripheral_Library_v2.1.16/CMSIS/Include/core_cm4.h **** #define CoreDebug_DEMCR_VC_STATERR_Pos      7U                                            /*!< Core
1493:/opt/XMClib/XMC_Peripheral_Library_v2.1.16/CMSIS/Include/core_cm4.h **** #define CoreDebug_DEMCR_VC_STATERR_Msk     (1UL << CoreDebug_DEMCR_VC_STATERR_Pos)        /*!< Core
1494:/opt/XMClib/XMC_Peripheral_Library_v2.1.16/CMSIS/Include/core_cm4.h **** 
1495:/opt/XMClib/XMC_Peripheral_Library_v2.1.16/CMSIS/Include/core_cm4.h **** #define CoreDebug_DEMCR_VC_CHKERR_Pos       6U                                            /*!< Core
1496:/opt/XMClib/XMC_Peripheral_Library_v2.1.16/CMSIS/Include/core_cm4.h **** #define CoreDebug_DEMCR_VC_CHKERR_Msk      (1UL << CoreDebug_DEMCR_VC_CHKERR_Pos)         /*!< Core
1497:/opt/XMClib/XMC_Peripheral_Library_v2.1.16/CMSIS/Include/core_cm4.h **** 
1498:/opt/XMClib/XMC_Peripheral_Library_v2.1.16/CMSIS/Include/core_cm4.h **** #define CoreDebug_DEMCR_VC_NOCPERR_Pos      5U                                            /*!< Core
1499:/opt/XMClib/XMC_Peripheral_Library_v2.1.16/CMSIS/Include/core_cm4.h **** #define CoreDebug_DEMCR_VC_NOCPERR_Msk     (1UL << CoreDebug_DEMCR_VC_NOCPERR_Pos)        /*!< Core
1500:/opt/XMClib/XMC_Peripheral_Library_v2.1.16/CMSIS/Include/core_cm4.h **** 
1501:/opt/XMClib/XMC_Peripheral_Library_v2.1.16/CMSIS/Include/core_cm4.h **** #define CoreDebug_DEMCR_VC_MMERR_Pos        4U                                            /*!< Core
1502:/opt/XMClib/XMC_Peripheral_Library_v2.1.16/CMSIS/Include/core_cm4.h **** #define CoreDebug_DEMCR_VC_MMERR_Msk       (1UL << CoreDebug_DEMCR_VC_MMERR_Pos)          /*!< Core
1503:/opt/XMClib/XMC_Peripheral_Library_v2.1.16/CMSIS/Include/core_cm4.h **** 
1504:/opt/XMClib/XMC_Peripheral_Library_v2.1.16/CMSIS/Include/core_cm4.h **** #define CoreDebug_DEMCR_VC_CORERESET_Pos    0U                                            /*!< Core
1505:/opt/XMClib/XMC_Peripheral_Library_v2.1.16/CMSIS/Include/core_cm4.h **** #define CoreDebug_DEMCR_VC_CORERESET_Msk   (1UL /*<< CoreDebug_DEMCR_VC_CORERESET_Pos*/)  /*!< Core
1506:/opt/XMClib/XMC_Peripheral_Library_v2.1.16/CMSIS/Include/core_cm4.h **** 
1507:/opt/XMClib/XMC_Peripheral_Library_v2.1.16/CMSIS/Include/core_cm4.h **** /*@} end of group CMSIS_CoreDebug */
1508:/opt/XMClib/XMC_Peripheral_Library_v2.1.16/CMSIS/Include/core_cm4.h **** 
1509:/opt/XMClib/XMC_Peripheral_Library_v2.1.16/CMSIS/Include/core_cm4.h **** 
1510:/opt/XMClib/XMC_Peripheral_Library_v2.1.16/CMSIS/Include/core_cm4.h **** /**
1511:/opt/XMClib/XMC_Peripheral_Library_v2.1.16/CMSIS/Include/core_cm4.h ****   \ingroup    CMSIS_core_register
1512:/opt/XMClib/XMC_Peripheral_Library_v2.1.16/CMSIS/Include/core_cm4.h ****   \defgroup   CMSIS_core_bitfield     Core register bit field macros
1513:/opt/XMClib/XMC_Peripheral_Library_v2.1.16/CMSIS/Include/core_cm4.h ****   \brief      Macros for use with bit field definitions (xxx_Pos, xxx_Msk).
1514:/opt/XMClib/XMC_Peripheral_Library_v2.1.16/CMSIS/Include/core_cm4.h ****   @{
1515:/opt/XMClib/XMC_Peripheral_Library_v2.1.16/CMSIS/Include/core_cm4.h ****  */
1516:/opt/XMClib/XMC_Peripheral_Library_v2.1.16/CMSIS/Include/core_cm4.h **** 
1517:/opt/XMClib/XMC_Peripheral_Library_v2.1.16/CMSIS/Include/core_cm4.h **** /**
1518:/opt/XMClib/XMC_Peripheral_Library_v2.1.16/CMSIS/Include/core_cm4.h ****   \brief   Mask and shift a bit field value for use in a register bit range.
1519:/opt/XMClib/XMC_Peripheral_Library_v2.1.16/CMSIS/Include/core_cm4.h ****   \param[in] field  Name of the register bit field.
1520:/opt/XMClib/XMC_Peripheral_Library_v2.1.16/CMSIS/Include/core_cm4.h ****   \param[in] value  Value of the bit field. This parameter is interpreted as an uint32_t type.
1521:/opt/XMClib/XMC_Peripheral_Library_v2.1.16/CMSIS/Include/core_cm4.h ****   \return           Masked and shifted value.
1522:/opt/XMClib/XMC_Peripheral_Library_v2.1.16/CMSIS/Include/core_cm4.h **** */
1523:/opt/XMClib/XMC_Peripheral_Library_v2.1.16/CMSIS/Include/core_cm4.h **** #define _VAL2FLD(field, value)    (((uint32_t)(value) << field ## _Pos) & field ## _Msk)
1524:/opt/XMClib/XMC_Peripheral_Library_v2.1.16/CMSIS/Include/core_cm4.h **** 
1525:/opt/XMClib/XMC_Peripheral_Library_v2.1.16/CMSIS/Include/core_cm4.h **** /**
1526:/opt/XMClib/XMC_Peripheral_Library_v2.1.16/CMSIS/Include/core_cm4.h ****   \brief     Mask and shift a register value to extract a bit filed value.
1527:/opt/XMClib/XMC_Peripheral_Library_v2.1.16/CMSIS/Include/core_cm4.h ****   \param[in] field  Name of the register bit field.
1528:/opt/XMClib/XMC_Peripheral_Library_v2.1.16/CMSIS/Include/core_cm4.h ****   \param[in] value  Value of register. This parameter is interpreted as an uint32_t type.
1529:/opt/XMClib/XMC_Peripheral_Library_v2.1.16/CMSIS/Include/core_cm4.h ****   \return           Masked and shifted bit field value.
1530:/opt/XMClib/XMC_Peripheral_Library_v2.1.16/CMSIS/Include/core_cm4.h **** */
1531:/opt/XMClib/XMC_Peripheral_Library_v2.1.16/CMSIS/Include/core_cm4.h **** #define _FLD2VAL(field, value)    (((uint32_t)(value) & field ## _Msk) >> field ## _Pos)
1532:/opt/XMClib/XMC_Peripheral_Library_v2.1.16/CMSIS/Include/core_cm4.h **** 
1533:/opt/XMClib/XMC_Peripheral_Library_v2.1.16/CMSIS/Include/core_cm4.h **** /*@} end of group CMSIS_core_bitfield */
1534:/opt/XMClib/XMC_Peripheral_Library_v2.1.16/CMSIS/Include/core_cm4.h **** 
1535:/opt/XMClib/XMC_Peripheral_Library_v2.1.16/CMSIS/Include/core_cm4.h **** 
1536:/opt/XMClib/XMC_Peripheral_Library_v2.1.16/CMSIS/Include/core_cm4.h **** /**
1537:/opt/XMClib/XMC_Peripheral_Library_v2.1.16/CMSIS/Include/core_cm4.h ****   \ingroup    CMSIS_core_register
1538:/opt/XMClib/XMC_Peripheral_Library_v2.1.16/CMSIS/Include/core_cm4.h ****   \defgroup   CMSIS_core_base     Core Definitions
1539:/opt/XMClib/XMC_Peripheral_Library_v2.1.16/CMSIS/Include/core_cm4.h ****   \brief      Definitions for base addresses, unions, and structures.
1540:/opt/XMClib/XMC_Peripheral_Library_v2.1.16/CMSIS/Include/core_cm4.h ****   @{
1541:/opt/XMClib/XMC_Peripheral_Library_v2.1.16/CMSIS/Include/core_cm4.h ****  */
1542:/opt/XMClib/XMC_Peripheral_Library_v2.1.16/CMSIS/Include/core_cm4.h **** 
1543:/opt/XMClib/XMC_Peripheral_Library_v2.1.16/CMSIS/Include/core_cm4.h **** /* Memory mapping of Core Hardware */
1544:/opt/XMClib/XMC_Peripheral_Library_v2.1.16/CMSIS/Include/core_cm4.h **** #define SCS_BASE            (0xE000E000UL)                            /*!< System Control Space Bas
1545:/opt/XMClib/XMC_Peripheral_Library_v2.1.16/CMSIS/Include/core_cm4.h **** #define ITM_BASE            (0xE0000000UL)                            /*!< ITM Base Address */
1546:/opt/XMClib/XMC_Peripheral_Library_v2.1.16/CMSIS/Include/core_cm4.h **** #define DWT_BASE            (0xE0001000UL)                            /*!< DWT Base Address */
1547:/opt/XMClib/XMC_Peripheral_Library_v2.1.16/CMSIS/Include/core_cm4.h **** #define TPI_BASE            (0xE0040000UL)                            /*!< TPI Base Address */
1548:/opt/XMClib/XMC_Peripheral_Library_v2.1.16/CMSIS/Include/core_cm4.h **** #define CoreDebug_BASE      (0xE000EDF0UL)                            /*!< Core Debug Base Address 
1549:/opt/XMClib/XMC_Peripheral_Library_v2.1.16/CMSIS/Include/core_cm4.h **** #define SysTick_BASE        (SCS_BASE +  0x0010UL)                    /*!< SysTick Base Address */
1550:/opt/XMClib/XMC_Peripheral_Library_v2.1.16/CMSIS/Include/core_cm4.h **** #define NVIC_BASE           (SCS_BASE +  0x0100UL)                    /*!< NVIC Base Address */
1551:/opt/XMClib/XMC_Peripheral_Library_v2.1.16/CMSIS/Include/core_cm4.h **** #define SCB_BASE            (SCS_BASE +  0x0D00UL)                    /*!< System Control Block Bas
1552:/opt/XMClib/XMC_Peripheral_Library_v2.1.16/CMSIS/Include/core_cm4.h **** 
1553:/opt/XMClib/XMC_Peripheral_Library_v2.1.16/CMSIS/Include/core_cm4.h **** #define SCnSCB              ((SCnSCB_Type    *)     SCS_BASE      )   /*!< System control Register 
1554:/opt/XMClib/XMC_Peripheral_Library_v2.1.16/CMSIS/Include/core_cm4.h **** #define SCB                 ((SCB_Type       *)     SCB_BASE      )   /*!< SCB configuration struct
1555:/opt/XMClib/XMC_Peripheral_Library_v2.1.16/CMSIS/Include/core_cm4.h **** #define SysTick             ((SysTick_Type   *)     SysTick_BASE  )   /*!< SysTick configuration st
1556:/opt/XMClib/XMC_Peripheral_Library_v2.1.16/CMSIS/Include/core_cm4.h **** #define NVIC                ((NVIC_Type      *)     NVIC_BASE     )   /*!< NVIC configuration struc
1557:/opt/XMClib/XMC_Peripheral_Library_v2.1.16/CMSIS/Include/core_cm4.h **** #define ITM                 ((ITM_Type       *)     ITM_BASE      )   /*!< ITM configuration struct
1558:/opt/XMClib/XMC_Peripheral_Library_v2.1.16/CMSIS/Include/core_cm4.h **** #define DWT                 ((DWT_Type       *)     DWT_BASE      )   /*!< DWT configuration struct
1559:/opt/XMClib/XMC_Peripheral_Library_v2.1.16/CMSIS/Include/core_cm4.h **** #define TPI                 ((TPI_Type       *)     TPI_BASE      )   /*!< TPI configuration struct
1560:/opt/XMClib/XMC_Peripheral_Library_v2.1.16/CMSIS/Include/core_cm4.h **** #define CoreDebug           ((CoreDebug_Type *)     CoreDebug_BASE)   /*!< Core Debug configuration
1561:/opt/XMClib/XMC_Peripheral_Library_v2.1.16/CMSIS/Include/core_cm4.h **** 
1562:/opt/XMClib/XMC_Peripheral_Library_v2.1.16/CMSIS/Include/core_cm4.h **** #if defined (__MPU_PRESENT) && (__MPU_PRESENT == 1U)
1563:/opt/XMClib/XMC_Peripheral_Library_v2.1.16/CMSIS/Include/core_cm4.h ****   #define MPU_BASE          (SCS_BASE +  0x0D90UL)                    /*!< Memory Protection Unit *
1564:/opt/XMClib/XMC_Peripheral_Library_v2.1.16/CMSIS/Include/core_cm4.h ****   #define MPU               ((MPU_Type       *)     MPU_BASE      )   /*!< Memory Protection Unit *
1565:/opt/XMClib/XMC_Peripheral_Library_v2.1.16/CMSIS/Include/core_cm4.h **** #endif
1566:/opt/XMClib/XMC_Peripheral_Library_v2.1.16/CMSIS/Include/core_cm4.h **** 
1567:/opt/XMClib/XMC_Peripheral_Library_v2.1.16/CMSIS/Include/core_cm4.h **** #define FPU_BASE            (SCS_BASE +  0x0F30UL)                    /*!< Floating Point Unit */
1568:/opt/XMClib/XMC_Peripheral_Library_v2.1.16/CMSIS/Include/core_cm4.h **** #define FPU                 ((FPU_Type       *)     FPU_BASE      )   /*!< Floating Point Unit */
1569:/opt/XMClib/XMC_Peripheral_Library_v2.1.16/CMSIS/Include/core_cm4.h **** 
1570:/opt/XMClib/XMC_Peripheral_Library_v2.1.16/CMSIS/Include/core_cm4.h **** /*@} */
1571:/opt/XMClib/XMC_Peripheral_Library_v2.1.16/CMSIS/Include/core_cm4.h **** 
1572:/opt/XMClib/XMC_Peripheral_Library_v2.1.16/CMSIS/Include/core_cm4.h **** 
1573:/opt/XMClib/XMC_Peripheral_Library_v2.1.16/CMSIS/Include/core_cm4.h **** 
1574:/opt/XMClib/XMC_Peripheral_Library_v2.1.16/CMSIS/Include/core_cm4.h **** /*******************************************************************************
1575:/opt/XMClib/XMC_Peripheral_Library_v2.1.16/CMSIS/Include/core_cm4.h ****  *                Hardware Abstraction Layer
1576:/opt/XMClib/XMC_Peripheral_Library_v2.1.16/CMSIS/Include/core_cm4.h ****   Core Function Interface contains:
1577:/opt/XMClib/XMC_Peripheral_Library_v2.1.16/CMSIS/Include/core_cm4.h ****   - Core NVIC Functions
1578:/opt/XMClib/XMC_Peripheral_Library_v2.1.16/CMSIS/Include/core_cm4.h ****   - Core SysTick Functions
1579:/opt/XMClib/XMC_Peripheral_Library_v2.1.16/CMSIS/Include/core_cm4.h ****   - Core Debug Functions
1580:/opt/XMClib/XMC_Peripheral_Library_v2.1.16/CMSIS/Include/core_cm4.h ****   - Core Register Access Functions
1581:/opt/XMClib/XMC_Peripheral_Library_v2.1.16/CMSIS/Include/core_cm4.h ****  ******************************************************************************/
1582:/opt/XMClib/XMC_Peripheral_Library_v2.1.16/CMSIS/Include/core_cm4.h **** /**
1583:/opt/XMClib/XMC_Peripheral_Library_v2.1.16/CMSIS/Include/core_cm4.h ****   \defgroup CMSIS_Core_FunctionInterface Functions and Instructions Reference
1584:/opt/XMClib/XMC_Peripheral_Library_v2.1.16/CMSIS/Include/core_cm4.h **** */
1585:/opt/XMClib/XMC_Peripheral_Library_v2.1.16/CMSIS/Include/core_cm4.h **** 
1586:/opt/XMClib/XMC_Peripheral_Library_v2.1.16/CMSIS/Include/core_cm4.h **** 
1587:/opt/XMClib/XMC_Peripheral_Library_v2.1.16/CMSIS/Include/core_cm4.h **** 
1588:/opt/XMClib/XMC_Peripheral_Library_v2.1.16/CMSIS/Include/core_cm4.h **** /* ##########################   NVIC functions  #################################### */
1589:/opt/XMClib/XMC_Peripheral_Library_v2.1.16/CMSIS/Include/core_cm4.h **** /**
1590:/opt/XMClib/XMC_Peripheral_Library_v2.1.16/CMSIS/Include/core_cm4.h ****   \ingroup  CMSIS_Core_FunctionInterface
1591:/opt/XMClib/XMC_Peripheral_Library_v2.1.16/CMSIS/Include/core_cm4.h ****   \defgroup CMSIS_Core_NVICFunctions NVIC Functions
1592:/opt/XMClib/XMC_Peripheral_Library_v2.1.16/CMSIS/Include/core_cm4.h ****   \brief    Functions that manage interrupts and exceptions via the NVIC.
1593:/opt/XMClib/XMC_Peripheral_Library_v2.1.16/CMSIS/Include/core_cm4.h ****   @{
1594:/opt/XMClib/XMC_Peripheral_Library_v2.1.16/CMSIS/Include/core_cm4.h ****  */
1595:/opt/XMClib/XMC_Peripheral_Library_v2.1.16/CMSIS/Include/core_cm4.h **** 
1596:/opt/XMClib/XMC_Peripheral_Library_v2.1.16/CMSIS/Include/core_cm4.h **** #ifdef CMSIS_NVIC_VIRTUAL
1597:/opt/XMClib/XMC_Peripheral_Library_v2.1.16/CMSIS/Include/core_cm4.h ****   #ifndef CMSIS_NVIC_VIRTUAL_HEADER_FILE
1598:/opt/XMClib/XMC_Peripheral_Library_v2.1.16/CMSIS/Include/core_cm4.h ****     #define CMSIS_NVIC_VIRTUAL_HEADER_FILE "cmsis_nvic_virtual.h"
1599:/opt/XMClib/XMC_Peripheral_Library_v2.1.16/CMSIS/Include/core_cm4.h ****   #endif
1600:/opt/XMClib/XMC_Peripheral_Library_v2.1.16/CMSIS/Include/core_cm4.h ****   #include CMSIS_NVIC_VIRTUAL_HEADER_FILE
1601:/opt/XMClib/XMC_Peripheral_Library_v2.1.16/CMSIS/Include/core_cm4.h **** #else
1602:/opt/XMClib/XMC_Peripheral_Library_v2.1.16/CMSIS/Include/core_cm4.h ****   #define NVIC_SetPriorityGrouping    __NVIC_SetPriorityGrouping
1603:/opt/XMClib/XMC_Peripheral_Library_v2.1.16/CMSIS/Include/core_cm4.h ****   #define NVIC_GetPriorityGrouping    __NVIC_GetPriorityGrouping
1604:/opt/XMClib/XMC_Peripheral_Library_v2.1.16/CMSIS/Include/core_cm4.h ****   #define NVIC_EnableIRQ              __NVIC_EnableIRQ
1605:/opt/XMClib/XMC_Peripheral_Library_v2.1.16/CMSIS/Include/core_cm4.h ****   #define NVIC_GetEnableIRQ           __NVIC_GetEnableIRQ
1606:/opt/XMClib/XMC_Peripheral_Library_v2.1.16/CMSIS/Include/core_cm4.h ****   #define NVIC_DisableIRQ             __NVIC_DisableIRQ
1607:/opt/XMClib/XMC_Peripheral_Library_v2.1.16/CMSIS/Include/core_cm4.h ****   #define NVIC_GetPendingIRQ          __NVIC_GetPendingIRQ
1608:/opt/XMClib/XMC_Peripheral_Library_v2.1.16/CMSIS/Include/core_cm4.h ****   #define NVIC_SetPendingIRQ          __NVIC_SetPendingIRQ
1609:/opt/XMClib/XMC_Peripheral_Library_v2.1.16/CMSIS/Include/core_cm4.h ****   #define NVIC_ClearPendingIRQ        __NVIC_ClearPendingIRQ
1610:/opt/XMClib/XMC_Peripheral_Library_v2.1.16/CMSIS/Include/core_cm4.h ****   #define NVIC_GetActive              __NVIC_GetActive
1611:/opt/XMClib/XMC_Peripheral_Library_v2.1.16/CMSIS/Include/core_cm4.h ****   #define NVIC_SetPriority            __NVIC_SetPriority
1612:/opt/XMClib/XMC_Peripheral_Library_v2.1.16/CMSIS/Include/core_cm4.h ****   #define NVIC_GetPriority            __NVIC_GetPriority
1613:/opt/XMClib/XMC_Peripheral_Library_v2.1.16/CMSIS/Include/core_cm4.h ****   #define NVIC_SystemReset            __NVIC_SystemReset
1614:/opt/XMClib/XMC_Peripheral_Library_v2.1.16/CMSIS/Include/core_cm4.h **** #endif /* CMSIS_NVIC_VIRTUAL */
1615:/opt/XMClib/XMC_Peripheral_Library_v2.1.16/CMSIS/Include/core_cm4.h **** 
1616:/opt/XMClib/XMC_Peripheral_Library_v2.1.16/CMSIS/Include/core_cm4.h **** #ifdef CMSIS_VECTAB_VIRTUAL
1617:/opt/XMClib/XMC_Peripheral_Library_v2.1.16/CMSIS/Include/core_cm4.h ****   #ifndef CMSIS_VECTAB_VIRTUAL_HEADER_FILE
1618:/opt/XMClib/XMC_Peripheral_Library_v2.1.16/CMSIS/Include/core_cm4.h ****    #define CMSIS_VECTAB_VIRTUAL_HEADER_FILE "cmsis_vectab_virtual.h"
1619:/opt/XMClib/XMC_Peripheral_Library_v2.1.16/CMSIS/Include/core_cm4.h ****   #endif
1620:/opt/XMClib/XMC_Peripheral_Library_v2.1.16/CMSIS/Include/core_cm4.h ****   #include CMSIS_VECTAB_VIRTUAL_HEADER_FILE
1621:/opt/XMClib/XMC_Peripheral_Library_v2.1.16/CMSIS/Include/core_cm4.h **** #else
1622:/opt/XMClib/XMC_Peripheral_Library_v2.1.16/CMSIS/Include/core_cm4.h ****   #define NVIC_SetVector              __NVIC_SetVector
1623:/opt/XMClib/XMC_Peripheral_Library_v2.1.16/CMSIS/Include/core_cm4.h ****   #define NVIC_GetVector              __NVIC_GetVector
1624:/opt/XMClib/XMC_Peripheral_Library_v2.1.16/CMSIS/Include/core_cm4.h **** #endif  /* (CMSIS_VECTAB_VIRTUAL) */
1625:/opt/XMClib/XMC_Peripheral_Library_v2.1.16/CMSIS/Include/core_cm4.h **** 
1626:/opt/XMClib/XMC_Peripheral_Library_v2.1.16/CMSIS/Include/core_cm4.h **** #define NVIC_USER_IRQ_OFFSET          16
1627:/opt/XMClib/XMC_Peripheral_Library_v2.1.16/CMSIS/Include/core_cm4.h **** 
1628:/opt/XMClib/XMC_Peripheral_Library_v2.1.16/CMSIS/Include/core_cm4.h **** 
1629:/opt/XMClib/XMC_Peripheral_Library_v2.1.16/CMSIS/Include/core_cm4.h **** 
1630:/opt/XMClib/XMC_Peripheral_Library_v2.1.16/CMSIS/Include/core_cm4.h **** /**
1631:/opt/XMClib/XMC_Peripheral_Library_v2.1.16/CMSIS/Include/core_cm4.h ****   \brief   Set Priority Grouping
1632:/opt/XMClib/XMC_Peripheral_Library_v2.1.16/CMSIS/Include/core_cm4.h ****   \details Sets the priority grouping field using the required unlock sequence.
1633:/opt/XMClib/XMC_Peripheral_Library_v2.1.16/CMSIS/Include/core_cm4.h ****            The parameter PriorityGroup is assigned to the field SCB->AIRCR [10:8] PRIGROUP field.
1634:/opt/XMClib/XMC_Peripheral_Library_v2.1.16/CMSIS/Include/core_cm4.h ****            Only values from 0..7 are used.
1635:/opt/XMClib/XMC_Peripheral_Library_v2.1.16/CMSIS/Include/core_cm4.h ****            In case of a conflict between priority grouping and available
1636:/opt/XMClib/XMC_Peripheral_Library_v2.1.16/CMSIS/Include/core_cm4.h ****            priority bits (__NVIC_PRIO_BITS), the smallest possible priority group is set.
1637:/opt/XMClib/XMC_Peripheral_Library_v2.1.16/CMSIS/Include/core_cm4.h ****   \param [in]      PriorityGroup  Priority grouping field.
1638:/opt/XMClib/XMC_Peripheral_Library_v2.1.16/CMSIS/Include/core_cm4.h ****  */
1639:/opt/XMClib/XMC_Peripheral_Library_v2.1.16/CMSIS/Include/core_cm4.h **** __STATIC_INLINE void __NVIC_SetPriorityGrouping(uint32_t PriorityGroup)
1640:/opt/XMClib/XMC_Peripheral_Library_v2.1.16/CMSIS/Include/core_cm4.h **** {
1641:/opt/XMClib/XMC_Peripheral_Library_v2.1.16/CMSIS/Include/core_cm4.h ****   uint32_t reg_value;
1642:/opt/XMClib/XMC_Peripheral_Library_v2.1.16/CMSIS/Include/core_cm4.h ****   uint32_t PriorityGroupTmp = (PriorityGroup & (uint32_t)0x07UL);             /* only values 0..7 a
1643:/opt/XMClib/XMC_Peripheral_Library_v2.1.16/CMSIS/Include/core_cm4.h **** 
1644:/opt/XMClib/XMC_Peripheral_Library_v2.1.16/CMSIS/Include/core_cm4.h ****   reg_value  =  SCB->AIRCR;                                                   /* read old register 
1645:/opt/XMClib/XMC_Peripheral_Library_v2.1.16/CMSIS/Include/core_cm4.h ****   reg_value &= ~((uint32_t)(SCB_AIRCR_VECTKEY_Msk | SCB_AIRCR_PRIGROUP_Msk)); /* clear bits to chan
1646:/opt/XMClib/XMC_Peripheral_Library_v2.1.16/CMSIS/Include/core_cm4.h ****   reg_value  =  (reg_value                                   |
1647:/opt/XMClib/XMC_Peripheral_Library_v2.1.16/CMSIS/Include/core_cm4.h ****                 ((uint32_t)0x5FAUL << SCB_AIRCR_VECTKEY_Pos) |
1648:/opt/XMClib/XMC_Peripheral_Library_v2.1.16/CMSIS/Include/core_cm4.h ****                 (PriorityGroupTmp << 8U)                      );              /* Insert write key a
1649:/opt/XMClib/XMC_Peripheral_Library_v2.1.16/CMSIS/Include/core_cm4.h ****   SCB->AIRCR =  reg_value;
1650:/opt/XMClib/XMC_Peripheral_Library_v2.1.16/CMSIS/Include/core_cm4.h **** }
1651:/opt/XMClib/XMC_Peripheral_Library_v2.1.16/CMSIS/Include/core_cm4.h **** 
1652:/opt/XMClib/XMC_Peripheral_Library_v2.1.16/CMSIS/Include/core_cm4.h **** 
1653:/opt/XMClib/XMC_Peripheral_Library_v2.1.16/CMSIS/Include/core_cm4.h **** /**
1654:/opt/XMClib/XMC_Peripheral_Library_v2.1.16/CMSIS/Include/core_cm4.h ****   \brief   Get Priority Grouping
1655:/opt/XMClib/XMC_Peripheral_Library_v2.1.16/CMSIS/Include/core_cm4.h ****   \details Reads the priority grouping field from the NVIC Interrupt Controller.
1656:/opt/XMClib/XMC_Peripheral_Library_v2.1.16/CMSIS/Include/core_cm4.h ****   \return                Priority grouping field (SCB->AIRCR [10:8] PRIGROUP field).
1657:/opt/XMClib/XMC_Peripheral_Library_v2.1.16/CMSIS/Include/core_cm4.h ****  */
1658:/opt/XMClib/XMC_Peripheral_Library_v2.1.16/CMSIS/Include/core_cm4.h **** __STATIC_INLINE uint32_t __NVIC_GetPriorityGrouping(void)
1659:/opt/XMClib/XMC_Peripheral_Library_v2.1.16/CMSIS/Include/core_cm4.h **** {
1660:/opt/XMClib/XMC_Peripheral_Library_v2.1.16/CMSIS/Include/core_cm4.h ****   return ((uint32_t)((SCB->AIRCR & SCB_AIRCR_PRIGROUP_Msk) >> SCB_AIRCR_PRIGROUP_Pos));
1661:/opt/XMClib/XMC_Peripheral_Library_v2.1.16/CMSIS/Include/core_cm4.h **** }
1662:/opt/XMClib/XMC_Peripheral_Library_v2.1.16/CMSIS/Include/core_cm4.h **** 
1663:/opt/XMClib/XMC_Peripheral_Library_v2.1.16/CMSIS/Include/core_cm4.h **** 
1664:/opt/XMClib/XMC_Peripheral_Library_v2.1.16/CMSIS/Include/core_cm4.h **** /**
1665:/opt/XMClib/XMC_Peripheral_Library_v2.1.16/CMSIS/Include/core_cm4.h ****   \brief   Enable Interrupt
1666:/opt/XMClib/XMC_Peripheral_Library_v2.1.16/CMSIS/Include/core_cm4.h ****   \details Enables a device specific interrupt in the NVIC interrupt controller.
1667:/opt/XMClib/XMC_Peripheral_Library_v2.1.16/CMSIS/Include/core_cm4.h ****   \param [in]      IRQn  Device specific interrupt number.
1668:/opt/XMClib/XMC_Peripheral_Library_v2.1.16/CMSIS/Include/core_cm4.h ****   \note    IRQn must not be negative.
1669:/opt/XMClib/XMC_Peripheral_Library_v2.1.16/CMSIS/Include/core_cm4.h ****  */
1670:/opt/XMClib/XMC_Peripheral_Library_v2.1.16/CMSIS/Include/core_cm4.h **** __STATIC_INLINE void __NVIC_EnableIRQ(IRQn_Type IRQn)
1671:/opt/XMClib/XMC_Peripheral_Library_v2.1.16/CMSIS/Include/core_cm4.h **** {
1672:/opt/XMClib/XMC_Peripheral_Library_v2.1.16/CMSIS/Include/core_cm4.h ****   if ((int32_t)(IRQn) >= 0)
1673:/opt/XMClib/XMC_Peripheral_Library_v2.1.16/CMSIS/Include/core_cm4.h ****   {
1674:/opt/XMClib/XMC_Peripheral_Library_v2.1.16/CMSIS/Include/core_cm4.h ****     NVIC->ISER[(((uint32_t)(int32_t)IRQn) >> 5UL)] = (uint32_t)(1UL << (((uint32_t)(int32_t)IRQn) &
1675:/opt/XMClib/XMC_Peripheral_Library_v2.1.16/CMSIS/Include/core_cm4.h ****   }
1676:/opt/XMClib/XMC_Peripheral_Library_v2.1.16/CMSIS/Include/core_cm4.h **** }
1677:/opt/XMClib/XMC_Peripheral_Library_v2.1.16/CMSIS/Include/core_cm4.h **** 
1678:/opt/XMClib/XMC_Peripheral_Library_v2.1.16/CMSIS/Include/core_cm4.h **** 
1679:/opt/XMClib/XMC_Peripheral_Library_v2.1.16/CMSIS/Include/core_cm4.h **** /**
1680:/opt/XMClib/XMC_Peripheral_Library_v2.1.16/CMSIS/Include/core_cm4.h ****   \brief   Get Interrupt Enable status
1681:/opt/XMClib/XMC_Peripheral_Library_v2.1.16/CMSIS/Include/core_cm4.h ****   \details Returns a device specific interrupt enable status from the NVIC interrupt controller.
1682:/opt/XMClib/XMC_Peripheral_Library_v2.1.16/CMSIS/Include/core_cm4.h ****   \param [in]      IRQn  Device specific interrupt number.
1683:/opt/XMClib/XMC_Peripheral_Library_v2.1.16/CMSIS/Include/core_cm4.h ****   \return             0  Interrupt is not enabled.
1684:/opt/XMClib/XMC_Peripheral_Library_v2.1.16/CMSIS/Include/core_cm4.h ****   \return             1  Interrupt is enabled.
1685:/opt/XMClib/XMC_Peripheral_Library_v2.1.16/CMSIS/Include/core_cm4.h ****   \note    IRQn must not be negative.
1686:/opt/XMClib/XMC_Peripheral_Library_v2.1.16/CMSIS/Include/core_cm4.h ****  */
1687:/opt/XMClib/XMC_Peripheral_Library_v2.1.16/CMSIS/Include/core_cm4.h **** __STATIC_INLINE uint32_t __NVIC_GetEnableIRQ(IRQn_Type IRQn)
1688:/opt/XMClib/XMC_Peripheral_Library_v2.1.16/CMSIS/Include/core_cm4.h **** {
1689:/opt/XMClib/XMC_Peripheral_Library_v2.1.16/CMSIS/Include/core_cm4.h ****   if ((int32_t)(IRQn) >= 0)
1690:/opt/XMClib/XMC_Peripheral_Library_v2.1.16/CMSIS/Include/core_cm4.h ****   {
1691:/opt/XMClib/XMC_Peripheral_Library_v2.1.16/CMSIS/Include/core_cm4.h ****     return((uint32_t)(((NVIC->ISER[(((uint32_t)(int32_t)IRQn) >> 5UL)] & (1UL << (((uint32_t)(int32
1692:/opt/XMClib/XMC_Peripheral_Library_v2.1.16/CMSIS/Include/core_cm4.h ****   }
1693:/opt/XMClib/XMC_Peripheral_Library_v2.1.16/CMSIS/Include/core_cm4.h ****   else
1694:/opt/XMClib/XMC_Peripheral_Library_v2.1.16/CMSIS/Include/core_cm4.h ****   {
1695:/opt/XMClib/XMC_Peripheral_Library_v2.1.16/CMSIS/Include/core_cm4.h ****     return(0U);
1696:/opt/XMClib/XMC_Peripheral_Library_v2.1.16/CMSIS/Include/core_cm4.h ****   }
1697:/opt/XMClib/XMC_Peripheral_Library_v2.1.16/CMSIS/Include/core_cm4.h **** }
1698:/opt/XMClib/XMC_Peripheral_Library_v2.1.16/CMSIS/Include/core_cm4.h **** 
1699:/opt/XMClib/XMC_Peripheral_Library_v2.1.16/CMSIS/Include/core_cm4.h **** 
1700:/opt/XMClib/XMC_Peripheral_Library_v2.1.16/CMSIS/Include/core_cm4.h **** /**
1701:/opt/XMClib/XMC_Peripheral_Library_v2.1.16/CMSIS/Include/core_cm4.h ****   \brief   Disable Interrupt
1702:/opt/XMClib/XMC_Peripheral_Library_v2.1.16/CMSIS/Include/core_cm4.h ****   \details Disables a device specific interrupt in the NVIC interrupt controller.
1703:/opt/XMClib/XMC_Peripheral_Library_v2.1.16/CMSIS/Include/core_cm4.h ****   \param [in]      IRQn  Device specific interrupt number.
1704:/opt/XMClib/XMC_Peripheral_Library_v2.1.16/CMSIS/Include/core_cm4.h ****   \note    IRQn must not be negative.
1705:/opt/XMClib/XMC_Peripheral_Library_v2.1.16/CMSIS/Include/core_cm4.h ****  */
1706:/opt/XMClib/XMC_Peripheral_Library_v2.1.16/CMSIS/Include/core_cm4.h **** __STATIC_INLINE void __NVIC_DisableIRQ(IRQn_Type IRQn)
1707:/opt/XMClib/XMC_Peripheral_Library_v2.1.16/CMSIS/Include/core_cm4.h **** {
1708:/opt/XMClib/XMC_Peripheral_Library_v2.1.16/CMSIS/Include/core_cm4.h ****   if ((int32_t)(IRQn) >= 0)
1709:/opt/XMClib/XMC_Peripheral_Library_v2.1.16/CMSIS/Include/core_cm4.h ****   {
1710:/opt/XMClib/XMC_Peripheral_Library_v2.1.16/CMSIS/Include/core_cm4.h ****     NVIC->ICER[(((uint32_t)(int32_t)IRQn) >> 5UL)] = (uint32_t)(1UL << (((uint32_t)(int32_t)IRQn) &
1711:/opt/XMClib/XMC_Peripheral_Library_v2.1.16/CMSIS/Include/core_cm4.h ****     __DSB();
1712:/opt/XMClib/XMC_Peripheral_Library_v2.1.16/CMSIS/Include/core_cm4.h ****     __ISB();
1713:/opt/XMClib/XMC_Peripheral_Library_v2.1.16/CMSIS/Include/core_cm4.h ****   }
1714:/opt/XMClib/XMC_Peripheral_Library_v2.1.16/CMSIS/Include/core_cm4.h **** }
1715:/opt/XMClib/XMC_Peripheral_Library_v2.1.16/CMSIS/Include/core_cm4.h **** 
1716:/opt/XMClib/XMC_Peripheral_Library_v2.1.16/CMSIS/Include/core_cm4.h **** 
1717:/opt/XMClib/XMC_Peripheral_Library_v2.1.16/CMSIS/Include/core_cm4.h **** /**
1718:/opt/XMClib/XMC_Peripheral_Library_v2.1.16/CMSIS/Include/core_cm4.h ****   \brief   Get Pending Interrupt
1719:/opt/XMClib/XMC_Peripheral_Library_v2.1.16/CMSIS/Include/core_cm4.h ****   \details Reads the NVIC pending register and returns the pending bit for the specified device spe
1720:/opt/XMClib/XMC_Peripheral_Library_v2.1.16/CMSIS/Include/core_cm4.h ****   \param [in]      IRQn  Device specific interrupt number.
1721:/opt/XMClib/XMC_Peripheral_Library_v2.1.16/CMSIS/Include/core_cm4.h ****   \return             0  Interrupt status is not pending.
1722:/opt/XMClib/XMC_Peripheral_Library_v2.1.16/CMSIS/Include/core_cm4.h ****   \return             1  Interrupt status is pending.
1723:/opt/XMClib/XMC_Peripheral_Library_v2.1.16/CMSIS/Include/core_cm4.h ****   \note    IRQn must not be negative.
1724:/opt/XMClib/XMC_Peripheral_Library_v2.1.16/CMSIS/Include/core_cm4.h ****  */
1725:/opt/XMClib/XMC_Peripheral_Library_v2.1.16/CMSIS/Include/core_cm4.h **** __STATIC_INLINE uint32_t __NVIC_GetPendingIRQ(IRQn_Type IRQn)
1726:/opt/XMClib/XMC_Peripheral_Library_v2.1.16/CMSIS/Include/core_cm4.h **** {
1727:/opt/XMClib/XMC_Peripheral_Library_v2.1.16/CMSIS/Include/core_cm4.h ****   if ((int32_t)(IRQn) >= 0)
1728:/opt/XMClib/XMC_Peripheral_Library_v2.1.16/CMSIS/Include/core_cm4.h ****   {
1729:/opt/XMClib/XMC_Peripheral_Library_v2.1.16/CMSIS/Include/core_cm4.h ****     return((uint32_t)(((NVIC->ISPR[(((uint32_t)(int32_t)IRQn) >> 5UL)] & (1UL << (((uint32_t)(int32
1730:/opt/XMClib/XMC_Peripheral_Library_v2.1.16/CMSIS/Include/core_cm4.h ****   }
1731:/opt/XMClib/XMC_Peripheral_Library_v2.1.16/CMSIS/Include/core_cm4.h ****   else
1732:/opt/XMClib/XMC_Peripheral_Library_v2.1.16/CMSIS/Include/core_cm4.h ****   {
1733:/opt/XMClib/XMC_Peripheral_Library_v2.1.16/CMSIS/Include/core_cm4.h ****     return(0U);
1734:/opt/XMClib/XMC_Peripheral_Library_v2.1.16/CMSIS/Include/core_cm4.h ****   }
1735:/opt/XMClib/XMC_Peripheral_Library_v2.1.16/CMSIS/Include/core_cm4.h **** }
1736:/opt/XMClib/XMC_Peripheral_Library_v2.1.16/CMSIS/Include/core_cm4.h **** 
1737:/opt/XMClib/XMC_Peripheral_Library_v2.1.16/CMSIS/Include/core_cm4.h **** 
1738:/opt/XMClib/XMC_Peripheral_Library_v2.1.16/CMSIS/Include/core_cm4.h **** /**
1739:/opt/XMClib/XMC_Peripheral_Library_v2.1.16/CMSIS/Include/core_cm4.h ****   \brief   Set Pending Interrupt
1740:/opt/XMClib/XMC_Peripheral_Library_v2.1.16/CMSIS/Include/core_cm4.h ****   \details Sets the pending bit of a device specific interrupt in the NVIC pending register.
1741:/opt/XMClib/XMC_Peripheral_Library_v2.1.16/CMSIS/Include/core_cm4.h ****   \param [in]      IRQn  Device specific interrupt number.
1742:/opt/XMClib/XMC_Peripheral_Library_v2.1.16/CMSIS/Include/core_cm4.h ****   \note    IRQn must not be negative.
1743:/opt/XMClib/XMC_Peripheral_Library_v2.1.16/CMSIS/Include/core_cm4.h ****  */
1744:/opt/XMClib/XMC_Peripheral_Library_v2.1.16/CMSIS/Include/core_cm4.h **** __STATIC_INLINE void __NVIC_SetPendingIRQ(IRQn_Type IRQn)
1745:/opt/XMClib/XMC_Peripheral_Library_v2.1.16/CMSIS/Include/core_cm4.h **** {
1746:/opt/XMClib/XMC_Peripheral_Library_v2.1.16/CMSIS/Include/core_cm4.h ****   if ((int32_t)(IRQn) >= 0)
1747:/opt/XMClib/XMC_Peripheral_Library_v2.1.16/CMSIS/Include/core_cm4.h ****   {
1748:/opt/XMClib/XMC_Peripheral_Library_v2.1.16/CMSIS/Include/core_cm4.h ****     NVIC->ISPR[(((uint32_t)(int32_t)IRQn) >> 5UL)] = (uint32_t)(1UL << (((uint32_t)(int32_t)IRQn) &
1749:/opt/XMClib/XMC_Peripheral_Library_v2.1.16/CMSIS/Include/core_cm4.h ****   }
1750:/opt/XMClib/XMC_Peripheral_Library_v2.1.16/CMSIS/Include/core_cm4.h **** }
1751:/opt/XMClib/XMC_Peripheral_Library_v2.1.16/CMSIS/Include/core_cm4.h **** 
1752:/opt/XMClib/XMC_Peripheral_Library_v2.1.16/CMSIS/Include/core_cm4.h **** 
1753:/opt/XMClib/XMC_Peripheral_Library_v2.1.16/CMSIS/Include/core_cm4.h **** /**
1754:/opt/XMClib/XMC_Peripheral_Library_v2.1.16/CMSIS/Include/core_cm4.h ****   \brief   Clear Pending Interrupt
1755:/opt/XMClib/XMC_Peripheral_Library_v2.1.16/CMSIS/Include/core_cm4.h ****   \details Clears the pending bit of a device specific interrupt in the NVIC pending register.
1756:/opt/XMClib/XMC_Peripheral_Library_v2.1.16/CMSIS/Include/core_cm4.h ****   \param [in]      IRQn  Device specific interrupt number.
1757:/opt/XMClib/XMC_Peripheral_Library_v2.1.16/CMSIS/Include/core_cm4.h ****   \note    IRQn must not be negative.
1758:/opt/XMClib/XMC_Peripheral_Library_v2.1.16/CMSIS/Include/core_cm4.h ****  */
1759:/opt/XMClib/XMC_Peripheral_Library_v2.1.16/CMSIS/Include/core_cm4.h **** __STATIC_INLINE void __NVIC_ClearPendingIRQ(IRQn_Type IRQn)
1760:/opt/XMClib/XMC_Peripheral_Library_v2.1.16/CMSIS/Include/core_cm4.h **** {
1761:/opt/XMClib/XMC_Peripheral_Library_v2.1.16/CMSIS/Include/core_cm4.h ****   if ((int32_t)(IRQn) >= 0)
1762:/opt/XMClib/XMC_Peripheral_Library_v2.1.16/CMSIS/Include/core_cm4.h ****   {
1763:/opt/XMClib/XMC_Peripheral_Library_v2.1.16/CMSIS/Include/core_cm4.h ****     NVIC->ICPR[(((uint32_t)(int32_t)IRQn) >> 5UL)] = (uint32_t)(1UL << (((uint32_t)(int32_t)IRQn) &
1764:/opt/XMClib/XMC_Peripheral_Library_v2.1.16/CMSIS/Include/core_cm4.h ****   }
1765:/opt/XMClib/XMC_Peripheral_Library_v2.1.16/CMSIS/Include/core_cm4.h **** }
1766:/opt/XMClib/XMC_Peripheral_Library_v2.1.16/CMSIS/Include/core_cm4.h **** 
1767:/opt/XMClib/XMC_Peripheral_Library_v2.1.16/CMSIS/Include/core_cm4.h **** 
1768:/opt/XMClib/XMC_Peripheral_Library_v2.1.16/CMSIS/Include/core_cm4.h **** /**
1769:/opt/XMClib/XMC_Peripheral_Library_v2.1.16/CMSIS/Include/core_cm4.h ****   \brief   Get Active Interrupt
1770:/opt/XMClib/XMC_Peripheral_Library_v2.1.16/CMSIS/Include/core_cm4.h ****   \details Reads the active register in the NVIC and returns the active bit for the device specific
1771:/opt/XMClib/XMC_Peripheral_Library_v2.1.16/CMSIS/Include/core_cm4.h ****   \param [in]      IRQn  Device specific interrupt number.
1772:/opt/XMClib/XMC_Peripheral_Library_v2.1.16/CMSIS/Include/core_cm4.h ****   \return             0  Interrupt status is not active.
1773:/opt/XMClib/XMC_Peripheral_Library_v2.1.16/CMSIS/Include/core_cm4.h ****   \return             1  Interrupt status is active.
1774:/opt/XMClib/XMC_Peripheral_Library_v2.1.16/CMSIS/Include/core_cm4.h ****   \note    IRQn must not be negative.
1775:/opt/XMClib/XMC_Peripheral_Library_v2.1.16/CMSIS/Include/core_cm4.h ****  */
1776:/opt/XMClib/XMC_Peripheral_Library_v2.1.16/CMSIS/Include/core_cm4.h **** __STATIC_INLINE uint32_t __NVIC_GetActive(IRQn_Type IRQn)
1777:/opt/XMClib/XMC_Peripheral_Library_v2.1.16/CMSIS/Include/core_cm4.h **** {
1778:/opt/XMClib/XMC_Peripheral_Library_v2.1.16/CMSIS/Include/core_cm4.h ****   if ((int32_t)(IRQn) >= 0)
1779:/opt/XMClib/XMC_Peripheral_Library_v2.1.16/CMSIS/Include/core_cm4.h ****   {
1780:/opt/XMClib/XMC_Peripheral_Library_v2.1.16/CMSIS/Include/core_cm4.h ****     return((uint32_t)(((NVIC->IABR[(((uint32_t)(int32_t)IRQn) >> 5UL)] & (1UL << (((uint32_t)(int32
1781:/opt/XMClib/XMC_Peripheral_Library_v2.1.16/CMSIS/Include/core_cm4.h ****   }
1782:/opt/XMClib/XMC_Peripheral_Library_v2.1.16/CMSIS/Include/core_cm4.h ****   else
1783:/opt/XMClib/XMC_Peripheral_Library_v2.1.16/CMSIS/Include/core_cm4.h ****   {
1784:/opt/XMClib/XMC_Peripheral_Library_v2.1.16/CMSIS/Include/core_cm4.h ****     return(0U);
1785:/opt/XMClib/XMC_Peripheral_Library_v2.1.16/CMSIS/Include/core_cm4.h ****   }
1786:/opt/XMClib/XMC_Peripheral_Library_v2.1.16/CMSIS/Include/core_cm4.h **** }
1787:/opt/XMClib/XMC_Peripheral_Library_v2.1.16/CMSIS/Include/core_cm4.h **** 
1788:/opt/XMClib/XMC_Peripheral_Library_v2.1.16/CMSIS/Include/core_cm4.h **** 
1789:/opt/XMClib/XMC_Peripheral_Library_v2.1.16/CMSIS/Include/core_cm4.h **** /**
1790:/opt/XMClib/XMC_Peripheral_Library_v2.1.16/CMSIS/Include/core_cm4.h ****   \brief   Set Interrupt Priority
1791:/opt/XMClib/XMC_Peripheral_Library_v2.1.16/CMSIS/Include/core_cm4.h ****   \details Sets the priority of a device specific interrupt or a processor exception.
1792:/opt/XMClib/XMC_Peripheral_Library_v2.1.16/CMSIS/Include/core_cm4.h ****            The interrupt number can be positive to specify a device specific interrupt,
1793:/opt/XMClib/XMC_Peripheral_Library_v2.1.16/CMSIS/Include/core_cm4.h ****            or negative to specify a processor exception.
1794:/opt/XMClib/XMC_Peripheral_Library_v2.1.16/CMSIS/Include/core_cm4.h ****   \param [in]      IRQn  Interrupt number.
1795:/opt/XMClib/XMC_Peripheral_Library_v2.1.16/CMSIS/Include/core_cm4.h ****   \param [in]  priority  Priority to set.
1796:/opt/XMClib/XMC_Peripheral_Library_v2.1.16/CMSIS/Include/core_cm4.h ****   \note    The priority cannot be set for every processor exception.
1797:/opt/XMClib/XMC_Peripheral_Library_v2.1.16/CMSIS/Include/core_cm4.h ****  */
1798:/opt/XMClib/XMC_Peripheral_Library_v2.1.16/CMSIS/Include/core_cm4.h **** __STATIC_INLINE void __NVIC_SetPriority(IRQn_Type IRQn, uint32_t priority)
1799:/opt/XMClib/XMC_Peripheral_Library_v2.1.16/CMSIS/Include/core_cm4.h **** {
  28              		.loc 2 1799 1
  29              		.cfi_startproc
  30              		@ args = 0, pretend = 0, frame = 8
  31              		@ frame_needed = 1, uses_anonymous_args = 0
  32              		@ link register save eliminated.
  33 0000 80B4     		push	{r7}
  34              	.LCFI0:
  35              		.cfi_def_cfa_offset 4
  36              		.cfi_offset 7, -4
  37 0002 83B0     		sub	sp, sp, #12
  38              	.LCFI1:
  39              		.cfi_def_cfa_offset 16
  40 0004 00AF     		add	r7, sp, #0
  41              	.LCFI2:
  42              		.cfi_def_cfa_register 7
  43 0006 0346     		mov	r3, r0
  44 0008 3960     		str	r1, [r7]
  45 000a FB71     		strb	r3, [r7, #7]
1800:/opt/XMClib/XMC_Peripheral_Library_v2.1.16/CMSIS/Include/core_cm4.h ****   if ((int32_t)(IRQn) >= 0)
  46              		.loc 2 1800 6
  47 000c 97F90730 		ldrsb	r3, [r7, #7]
  48 0010 002B     		cmp	r3, #0
  49 0012 0ADB     		blt	.L2
1801:/opt/XMClib/XMC_Peripheral_Library_v2.1.16/CMSIS/Include/core_cm4.h ****   {
1802:/opt/XMClib/XMC_Peripheral_Library_v2.1.16/CMSIS/Include/core_cm4.h ****     NVIC->IP[((uint32_t)(int32_t)IRQn)]               = (uint8_t)((priority << (8U - __NVIC_PRIO_BI
  50              		.loc 2 1802 57
  51 0014 3B68     		ldr	r3, [r7]
  52 0016 DAB2     		uxtb	r2, r3
  53              		.loc 2 1802 9
  54 0018 0C49     		ldr	r1, .L5
  55              		.loc 2 1802 15
  56 001a 97F90730 		ldrsb	r3, [r7, #7]
  57              		.loc 2 1802 57
  58 001e 9200     		lsls	r2, r2, #2
  59 0020 D2B2     		uxtb	r2, r2
  60              		.loc 2 1802 55
  61 0022 0B44     		add	r3, r3, r1
  62 0024 83F80023 		strb	r2, [r3, #768]
1803:/opt/XMClib/XMC_Peripheral_Library_v2.1.16/CMSIS/Include/core_cm4.h ****   }
1804:/opt/XMClib/XMC_Peripheral_Library_v2.1.16/CMSIS/Include/core_cm4.h ****   else
1805:/opt/XMClib/XMC_Peripheral_Library_v2.1.16/CMSIS/Include/core_cm4.h ****   {
1806:/opt/XMClib/XMC_Peripheral_Library_v2.1.16/CMSIS/Include/core_cm4.h ****     SCB->SHP[(((uint32_t)(int32_t)IRQn) & 0xFUL)-4UL] = (uint8_t)((priority << (8U - __NVIC_PRIO_BI
1807:/opt/XMClib/XMC_Peripheral_Library_v2.1.16/CMSIS/Include/core_cm4.h ****   }
1808:/opt/XMClib/XMC_Peripheral_Library_v2.1.16/CMSIS/Include/core_cm4.h **** }
  63              		.loc 2 1808 1
  64 0028 0AE0     		b	.L4
  65              	.L2:
1806:/opt/XMClib/XMC_Peripheral_Library_v2.1.16/CMSIS/Include/core_cm4.h ****   }
  66              		.loc 2 1806 57
  67 002a 3B68     		ldr	r3, [r7]
  68 002c DAB2     		uxtb	r2, r3
1806:/opt/XMClib/XMC_Peripheral_Library_v2.1.16/CMSIS/Include/core_cm4.h ****   }
  69              		.loc 2 1806 8
  70 002e 0849     		ldr	r1, .L5+4
1806:/opt/XMClib/XMC_Peripheral_Library_v2.1.16/CMSIS/Include/core_cm4.h ****   }
  71              		.loc 2 1806 41
  72 0030 FB79     		ldrb	r3, [r7, #7]	@ zero_extendqisi2
  73 0032 03F00F03 		and	r3, r3, #15
1806:/opt/XMClib/XMC_Peripheral_Library_v2.1.16/CMSIS/Include/core_cm4.h ****   }
  74              		.loc 2 1806 49
  75 0036 043B     		subs	r3, r3, #4
1806:/opt/XMClib/XMC_Peripheral_Library_v2.1.16/CMSIS/Include/core_cm4.h ****   }
  76              		.loc 2 1806 57
  77 0038 9200     		lsls	r2, r2, #2
  78 003a D2B2     		uxtb	r2, r2
1806:/opt/XMClib/XMC_Peripheral_Library_v2.1.16/CMSIS/Include/core_cm4.h ****   }
  79              		.loc 2 1806 55
  80 003c 0B44     		add	r3, r3, r1
  81 003e 1A76     		strb	r2, [r3, #24]
  82              	.L4:
  83              		.loc 2 1808 1
  84 0040 00BF     		nop
  85 0042 0C37     		adds	r7, r7, #12
  86              	.LCFI3:
  87              		.cfi_def_cfa_offset 4
  88 0044 BD46     		mov	sp, r7
  89              	.LCFI4:
  90              		.cfi_def_cfa_register 13
  91              		@ sp needed
  92 0046 5DF8047B 		ldr	r7, [sp], #4
  93              	.LCFI5:
  94              		.cfi_restore 7
  95              		.cfi_def_cfa_offset 0
  96 004a 7047     		bx	lr
  97              	.L6:
  98              		.align	2
  99              	.L5:
 100 004c 00E100E0 		.word	-536813312
 101 0050 00ED00E0 		.word	-536810240
 102              		.cfi_endproc
 103              	.LFE111:
 105              		.section	.text.SysTick_Config,"ax",%progbits
 106              		.align	1
 107              		.syntax unified
 108              		.thumb
 109              		.thumb_func
 111              	SysTick_Config:
 112              	.LFB119:
1809:/opt/XMClib/XMC_Peripheral_Library_v2.1.16/CMSIS/Include/core_cm4.h **** 
1810:/opt/XMClib/XMC_Peripheral_Library_v2.1.16/CMSIS/Include/core_cm4.h **** 
1811:/opt/XMClib/XMC_Peripheral_Library_v2.1.16/CMSIS/Include/core_cm4.h **** /**
1812:/opt/XMClib/XMC_Peripheral_Library_v2.1.16/CMSIS/Include/core_cm4.h ****   \brief   Get Interrupt Priority
1813:/opt/XMClib/XMC_Peripheral_Library_v2.1.16/CMSIS/Include/core_cm4.h ****   \details Reads the priority of a device specific interrupt or a processor exception.
1814:/opt/XMClib/XMC_Peripheral_Library_v2.1.16/CMSIS/Include/core_cm4.h ****            The interrupt number can be positive to specify a device specific interrupt,
1815:/opt/XMClib/XMC_Peripheral_Library_v2.1.16/CMSIS/Include/core_cm4.h ****            or negative to specify a processor exception.
1816:/opt/XMClib/XMC_Peripheral_Library_v2.1.16/CMSIS/Include/core_cm4.h ****   \param [in]   IRQn  Interrupt number.
1817:/opt/XMClib/XMC_Peripheral_Library_v2.1.16/CMSIS/Include/core_cm4.h ****   \return             Interrupt Priority.
1818:/opt/XMClib/XMC_Peripheral_Library_v2.1.16/CMSIS/Include/core_cm4.h ****                       Value is aligned automatically to the implemented priority bits of the microc
1819:/opt/XMClib/XMC_Peripheral_Library_v2.1.16/CMSIS/Include/core_cm4.h ****  */
1820:/opt/XMClib/XMC_Peripheral_Library_v2.1.16/CMSIS/Include/core_cm4.h **** __STATIC_INLINE uint32_t __NVIC_GetPriority(IRQn_Type IRQn)
1821:/opt/XMClib/XMC_Peripheral_Library_v2.1.16/CMSIS/Include/core_cm4.h **** {
1822:/opt/XMClib/XMC_Peripheral_Library_v2.1.16/CMSIS/Include/core_cm4.h **** 
1823:/opt/XMClib/XMC_Peripheral_Library_v2.1.16/CMSIS/Include/core_cm4.h ****   if ((int32_t)(IRQn) >= 0)
1824:/opt/XMClib/XMC_Peripheral_Library_v2.1.16/CMSIS/Include/core_cm4.h ****   {
1825:/opt/XMClib/XMC_Peripheral_Library_v2.1.16/CMSIS/Include/core_cm4.h ****     return(((uint32_t)NVIC->IP[((uint32_t)(int32_t)IRQn)]               >> (8U - __NVIC_PRIO_BITS))
1826:/opt/XMClib/XMC_Peripheral_Library_v2.1.16/CMSIS/Include/core_cm4.h ****   }
1827:/opt/XMClib/XMC_Peripheral_Library_v2.1.16/CMSIS/Include/core_cm4.h ****   else
1828:/opt/XMClib/XMC_Peripheral_Library_v2.1.16/CMSIS/Include/core_cm4.h ****   {
1829:/opt/XMClib/XMC_Peripheral_Library_v2.1.16/CMSIS/Include/core_cm4.h ****     return(((uint32_t)SCB->SHP[(((uint32_t)(int32_t)IRQn) & 0xFUL)-4UL] >> (8U - __NVIC_PRIO_BITS))
1830:/opt/XMClib/XMC_Peripheral_Library_v2.1.16/CMSIS/Include/core_cm4.h ****   }
1831:/opt/XMClib/XMC_Peripheral_Library_v2.1.16/CMSIS/Include/core_cm4.h **** }
1832:/opt/XMClib/XMC_Peripheral_Library_v2.1.16/CMSIS/Include/core_cm4.h **** 
1833:/opt/XMClib/XMC_Peripheral_Library_v2.1.16/CMSIS/Include/core_cm4.h **** 
1834:/opt/XMClib/XMC_Peripheral_Library_v2.1.16/CMSIS/Include/core_cm4.h **** /**
1835:/opt/XMClib/XMC_Peripheral_Library_v2.1.16/CMSIS/Include/core_cm4.h ****   \brief   Encode Priority
1836:/opt/XMClib/XMC_Peripheral_Library_v2.1.16/CMSIS/Include/core_cm4.h ****   \details Encodes the priority for an interrupt with the given priority group,
1837:/opt/XMClib/XMC_Peripheral_Library_v2.1.16/CMSIS/Include/core_cm4.h ****            preemptive priority value, and subpriority value.
1838:/opt/XMClib/XMC_Peripheral_Library_v2.1.16/CMSIS/Include/core_cm4.h ****            In case of a conflict between priority grouping and available
1839:/opt/XMClib/XMC_Peripheral_Library_v2.1.16/CMSIS/Include/core_cm4.h ****            priority bits (__NVIC_PRIO_BITS), the smallest possible priority group is set.
1840:/opt/XMClib/XMC_Peripheral_Library_v2.1.16/CMSIS/Include/core_cm4.h ****   \param [in]     PriorityGroup  Used priority group.
1841:/opt/XMClib/XMC_Peripheral_Library_v2.1.16/CMSIS/Include/core_cm4.h ****   \param [in]   PreemptPriority  Preemptive priority value (starting from 0).
1842:/opt/XMClib/XMC_Peripheral_Library_v2.1.16/CMSIS/Include/core_cm4.h ****   \param [in]       SubPriority  Subpriority value (starting from 0).
1843:/opt/XMClib/XMC_Peripheral_Library_v2.1.16/CMSIS/Include/core_cm4.h ****   \return                        Encoded priority. Value can be used in the function \ref NVIC_SetP
1844:/opt/XMClib/XMC_Peripheral_Library_v2.1.16/CMSIS/Include/core_cm4.h ****  */
1845:/opt/XMClib/XMC_Peripheral_Library_v2.1.16/CMSIS/Include/core_cm4.h **** __STATIC_INLINE uint32_t NVIC_EncodePriority (uint32_t PriorityGroup, uint32_t PreemptPriority, uin
1846:/opt/XMClib/XMC_Peripheral_Library_v2.1.16/CMSIS/Include/core_cm4.h **** {
1847:/opt/XMClib/XMC_Peripheral_Library_v2.1.16/CMSIS/Include/core_cm4.h ****   uint32_t PriorityGroupTmp = (PriorityGroup & (uint32_t)0x07UL);   /* only values 0..7 are used   
1848:/opt/XMClib/XMC_Peripheral_Library_v2.1.16/CMSIS/Include/core_cm4.h ****   uint32_t PreemptPriorityBits;
1849:/opt/XMClib/XMC_Peripheral_Library_v2.1.16/CMSIS/Include/core_cm4.h ****   uint32_t SubPriorityBits;
1850:/opt/XMClib/XMC_Peripheral_Library_v2.1.16/CMSIS/Include/core_cm4.h **** 
1851:/opt/XMClib/XMC_Peripheral_Library_v2.1.16/CMSIS/Include/core_cm4.h ****   PreemptPriorityBits = ((7UL - PriorityGroupTmp) > (uint32_t)(__NVIC_PRIO_BITS)) ? (uint32_t)(__NV
1852:/opt/XMClib/XMC_Peripheral_Library_v2.1.16/CMSIS/Include/core_cm4.h ****   SubPriorityBits     = ((PriorityGroupTmp + (uint32_t)(__NVIC_PRIO_BITS)) < (uint32_t)7UL) ? (uint
1853:/opt/XMClib/XMC_Peripheral_Library_v2.1.16/CMSIS/Include/core_cm4.h **** 
1854:/opt/XMClib/XMC_Peripheral_Library_v2.1.16/CMSIS/Include/core_cm4.h ****   return (
1855:/opt/XMClib/XMC_Peripheral_Library_v2.1.16/CMSIS/Include/core_cm4.h ****            ((PreemptPriority & (uint32_t)((1UL << (PreemptPriorityBits)) - 1UL)) << SubPriorityBits
1856:/opt/XMClib/XMC_Peripheral_Library_v2.1.16/CMSIS/Include/core_cm4.h ****            ((SubPriority     & (uint32_t)((1UL << (SubPriorityBits    )) - 1UL)))
1857:/opt/XMClib/XMC_Peripheral_Library_v2.1.16/CMSIS/Include/core_cm4.h ****          );
1858:/opt/XMClib/XMC_Peripheral_Library_v2.1.16/CMSIS/Include/core_cm4.h **** }
1859:/opt/XMClib/XMC_Peripheral_Library_v2.1.16/CMSIS/Include/core_cm4.h **** 
1860:/opt/XMClib/XMC_Peripheral_Library_v2.1.16/CMSIS/Include/core_cm4.h **** 
1861:/opt/XMClib/XMC_Peripheral_Library_v2.1.16/CMSIS/Include/core_cm4.h **** /**
1862:/opt/XMClib/XMC_Peripheral_Library_v2.1.16/CMSIS/Include/core_cm4.h ****   \brief   Decode Priority
1863:/opt/XMClib/XMC_Peripheral_Library_v2.1.16/CMSIS/Include/core_cm4.h ****   \details Decodes an interrupt priority value with a given priority group to
1864:/opt/XMClib/XMC_Peripheral_Library_v2.1.16/CMSIS/Include/core_cm4.h ****            preemptive priority value and subpriority value.
1865:/opt/XMClib/XMC_Peripheral_Library_v2.1.16/CMSIS/Include/core_cm4.h ****            In case of a conflict between priority grouping and available
1866:/opt/XMClib/XMC_Peripheral_Library_v2.1.16/CMSIS/Include/core_cm4.h ****            priority bits (__NVIC_PRIO_BITS) the smallest possible priority group is set.
1867:/opt/XMClib/XMC_Peripheral_Library_v2.1.16/CMSIS/Include/core_cm4.h ****   \param [in]         Priority   Priority value, which can be retrieved with the function \ref NVIC
1868:/opt/XMClib/XMC_Peripheral_Library_v2.1.16/CMSIS/Include/core_cm4.h ****   \param [in]     PriorityGroup  Used priority group.
1869:/opt/XMClib/XMC_Peripheral_Library_v2.1.16/CMSIS/Include/core_cm4.h ****   \param [out] pPreemptPriority  Preemptive priority value (starting from 0).
1870:/opt/XMClib/XMC_Peripheral_Library_v2.1.16/CMSIS/Include/core_cm4.h ****   \param [out]     pSubPriority  Subpriority value (starting from 0).
1871:/opt/XMClib/XMC_Peripheral_Library_v2.1.16/CMSIS/Include/core_cm4.h ****  */
1872:/opt/XMClib/XMC_Peripheral_Library_v2.1.16/CMSIS/Include/core_cm4.h **** __STATIC_INLINE void NVIC_DecodePriority (uint32_t Priority, uint32_t PriorityGroup, uint32_t* cons
1873:/opt/XMClib/XMC_Peripheral_Library_v2.1.16/CMSIS/Include/core_cm4.h **** {
1874:/opt/XMClib/XMC_Peripheral_Library_v2.1.16/CMSIS/Include/core_cm4.h ****   uint32_t PriorityGroupTmp = (PriorityGroup & (uint32_t)0x07UL);   /* only values 0..7 are used   
1875:/opt/XMClib/XMC_Peripheral_Library_v2.1.16/CMSIS/Include/core_cm4.h ****   uint32_t PreemptPriorityBits;
1876:/opt/XMClib/XMC_Peripheral_Library_v2.1.16/CMSIS/Include/core_cm4.h ****   uint32_t SubPriorityBits;
1877:/opt/XMClib/XMC_Peripheral_Library_v2.1.16/CMSIS/Include/core_cm4.h **** 
1878:/opt/XMClib/XMC_Peripheral_Library_v2.1.16/CMSIS/Include/core_cm4.h ****   PreemptPriorityBits = ((7UL - PriorityGroupTmp) > (uint32_t)(__NVIC_PRIO_BITS)) ? (uint32_t)(__NV
1879:/opt/XMClib/XMC_Peripheral_Library_v2.1.16/CMSIS/Include/core_cm4.h ****   SubPriorityBits     = ((PriorityGroupTmp + (uint32_t)(__NVIC_PRIO_BITS)) < (uint32_t)7UL) ? (uint
1880:/opt/XMClib/XMC_Peripheral_Library_v2.1.16/CMSIS/Include/core_cm4.h **** 
1881:/opt/XMClib/XMC_Peripheral_Library_v2.1.16/CMSIS/Include/core_cm4.h ****   *pPreemptPriority = (Priority >> SubPriorityBits) & (uint32_t)((1UL << (PreemptPriorityBits)) - 1
1882:/opt/XMClib/XMC_Peripheral_Library_v2.1.16/CMSIS/Include/core_cm4.h ****   *pSubPriority     = (Priority                   ) & (uint32_t)((1UL << (SubPriorityBits    )) - 1
1883:/opt/XMClib/XMC_Peripheral_Library_v2.1.16/CMSIS/Include/core_cm4.h **** }
1884:/opt/XMClib/XMC_Peripheral_Library_v2.1.16/CMSIS/Include/core_cm4.h **** 
1885:/opt/XMClib/XMC_Peripheral_Library_v2.1.16/CMSIS/Include/core_cm4.h **** 
1886:/opt/XMClib/XMC_Peripheral_Library_v2.1.16/CMSIS/Include/core_cm4.h **** /**
1887:/opt/XMClib/XMC_Peripheral_Library_v2.1.16/CMSIS/Include/core_cm4.h ****   \brief   Set Interrupt Vector
1888:/opt/XMClib/XMC_Peripheral_Library_v2.1.16/CMSIS/Include/core_cm4.h ****   \details Sets an interrupt vector in SRAM based interrupt vector table.
1889:/opt/XMClib/XMC_Peripheral_Library_v2.1.16/CMSIS/Include/core_cm4.h ****            The interrupt number can be positive to specify a device specific interrupt,
1890:/opt/XMClib/XMC_Peripheral_Library_v2.1.16/CMSIS/Include/core_cm4.h ****            or negative to specify a processor exception.
1891:/opt/XMClib/XMC_Peripheral_Library_v2.1.16/CMSIS/Include/core_cm4.h ****            VTOR must been relocated to SRAM before.
1892:/opt/XMClib/XMC_Peripheral_Library_v2.1.16/CMSIS/Include/core_cm4.h ****   \param [in]   IRQn      Interrupt number
1893:/opt/XMClib/XMC_Peripheral_Library_v2.1.16/CMSIS/Include/core_cm4.h ****   \param [in]   vector    Address of interrupt handler function
1894:/opt/XMClib/XMC_Peripheral_Library_v2.1.16/CMSIS/Include/core_cm4.h ****  */
1895:/opt/XMClib/XMC_Peripheral_Library_v2.1.16/CMSIS/Include/core_cm4.h **** __STATIC_INLINE void __NVIC_SetVector(IRQn_Type IRQn, uint32_t vector)
1896:/opt/XMClib/XMC_Peripheral_Library_v2.1.16/CMSIS/Include/core_cm4.h **** {
1897:/opt/XMClib/XMC_Peripheral_Library_v2.1.16/CMSIS/Include/core_cm4.h ****   uint32_t *vectors = (uint32_t *)SCB->VTOR;
1898:/opt/XMClib/XMC_Peripheral_Library_v2.1.16/CMSIS/Include/core_cm4.h ****   vectors[(int32_t)IRQn + NVIC_USER_IRQ_OFFSET] = vector;
1899:/opt/XMClib/XMC_Peripheral_Library_v2.1.16/CMSIS/Include/core_cm4.h **** }
1900:/opt/XMClib/XMC_Peripheral_Library_v2.1.16/CMSIS/Include/core_cm4.h **** 
1901:/opt/XMClib/XMC_Peripheral_Library_v2.1.16/CMSIS/Include/core_cm4.h **** 
1902:/opt/XMClib/XMC_Peripheral_Library_v2.1.16/CMSIS/Include/core_cm4.h **** /**
1903:/opt/XMClib/XMC_Peripheral_Library_v2.1.16/CMSIS/Include/core_cm4.h ****   \brief   Get Interrupt Vector
1904:/opt/XMClib/XMC_Peripheral_Library_v2.1.16/CMSIS/Include/core_cm4.h ****   \details Reads an interrupt vector from interrupt vector table.
1905:/opt/XMClib/XMC_Peripheral_Library_v2.1.16/CMSIS/Include/core_cm4.h ****            The interrupt number can be positive to specify a device specific interrupt,
1906:/opt/XMClib/XMC_Peripheral_Library_v2.1.16/CMSIS/Include/core_cm4.h ****            or negative to specify a processor exception.
1907:/opt/XMClib/XMC_Peripheral_Library_v2.1.16/CMSIS/Include/core_cm4.h ****   \param [in]   IRQn      Interrupt number.
1908:/opt/XMClib/XMC_Peripheral_Library_v2.1.16/CMSIS/Include/core_cm4.h ****   \return                 Address of interrupt handler function
1909:/opt/XMClib/XMC_Peripheral_Library_v2.1.16/CMSIS/Include/core_cm4.h ****  */
1910:/opt/XMClib/XMC_Peripheral_Library_v2.1.16/CMSIS/Include/core_cm4.h **** __STATIC_INLINE uint32_t __NVIC_GetVector(IRQn_Type IRQn)
1911:/opt/XMClib/XMC_Peripheral_Library_v2.1.16/CMSIS/Include/core_cm4.h **** {
1912:/opt/XMClib/XMC_Peripheral_Library_v2.1.16/CMSIS/Include/core_cm4.h ****   uint32_t *vectors = (uint32_t *)SCB->VTOR;
1913:/opt/XMClib/XMC_Peripheral_Library_v2.1.16/CMSIS/Include/core_cm4.h ****   return vectors[(int32_t)IRQn + NVIC_USER_IRQ_OFFSET];
1914:/opt/XMClib/XMC_Peripheral_Library_v2.1.16/CMSIS/Include/core_cm4.h **** }
1915:/opt/XMClib/XMC_Peripheral_Library_v2.1.16/CMSIS/Include/core_cm4.h **** 
1916:/opt/XMClib/XMC_Peripheral_Library_v2.1.16/CMSIS/Include/core_cm4.h **** 
1917:/opt/XMClib/XMC_Peripheral_Library_v2.1.16/CMSIS/Include/core_cm4.h **** /**
1918:/opt/XMClib/XMC_Peripheral_Library_v2.1.16/CMSIS/Include/core_cm4.h ****   \brief   System Reset
1919:/opt/XMClib/XMC_Peripheral_Library_v2.1.16/CMSIS/Include/core_cm4.h ****   \details Initiates a system reset request to reset the MCU.
1920:/opt/XMClib/XMC_Peripheral_Library_v2.1.16/CMSIS/Include/core_cm4.h ****  */
1921:/opt/XMClib/XMC_Peripheral_Library_v2.1.16/CMSIS/Include/core_cm4.h **** __STATIC_INLINE void __NVIC_SystemReset(void)
1922:/opt/XMClib/XMC_Peripheral_Library_v2.1.16/CMSIS/Include/core_cm4.h **** {
1923:/opt/XMClib/XMC_Peripheral_Library_v2.1.16/CMSIS/Include/core_cm4.h ****   __DSB();                                                          /* Ensure all outstanding memor
1924:/opt/XMClib/XMC_Peripheral_Library_v2.1.16/CMSIS/Include/core_cm4.h ****                                                                        buffered write are completed
1925:/opt/XMClib/XMC_Peripheral_Library_v2.1.16/CMSIS/Include/core_cm4.h ****   SCB->AIRCR  = (uint32_t)((0x5FAUL << SCB_AIRCR_VECTKEY_Pos)    |
1926:/opt/XMClib/XMC_Peripheral_Library_v2.1.16/CMSIS/Include/core_cm4.h ****                            (SCB->AIRCR & SCB_AIRCR_PRIGROUP_Msk) |
1927:/opt/XMClib/XMC_Peripheral_Library_v2.1.16/CMSIS/Include/core_cm4.h ****                             SCB_AIRCR_SYSRESETREQ_Msk    );         /* Keep priority group unchange
1928:/opt/XMClib/XMC_Peripheral_Library_v2.1.16/CMSIS/Include/core_cm4.h ****   __DSB();                                                          /* Ensure completion of memory 
1929:/opt/XMClib/XMC_Peripheral_Library_v2.1.16/CMSIS/Include/core_cm4.h **** 
1930:/opt/XMClib/XMC_Peripheral_Library_v2.1.16/CMSIS/Include/core_cm4.h ****   for(;;)                                                           /* wait until reset */
1931:/opt/XMClib/XMC_Peripheral_Library_v2.1.16/CMSIS/Include/core_cm4.h ****   {
1932:/opt/XMClib/XMC_Peripheral_Library_v2.1.16/CMSIS/Include/core_cm4.h ****     __NOP();
1933:/opt/XMClib/XMC_Peripheral_Library_v2.1.16/CMSIS/Include/core_cm4.h ****   }
1934:/opt/XMClib/XMC_Peripheral_Library_v2.1.16/CMSIS/Include/core_cm4.h **** }
1935:/opt/XMClib/XMC_Peripheral_Library_v2.1.16/CMSIS/Include/core_cm4.h **** 
1936:/opt/XMClib/XMC_Peripheral_Library_v2.1.16/CMSIS/Include/core_cm4.h **** /*@} end of CMSIS_Core_NVICFunctions */
1937:/opt/XMClib/XMC_Peripheral_Library_v2.1.16/CMSIS/Include/core_cm4.h **** 
1938:/opt/XMClib/XMC_Peripheral_Library_v2.1.16/CMSIS/Include/core_cm4.h **** 
1939:/opt/XMClib/XMC_Peripheral_Library_v2.1.16/CMSIS/Include/core_cm4.h **** /* ##########################  FPU functions  #################################### */
1940:/opt/XMClib/XMC_Peripheral_Library_v2.1.16/CMSIS/Include/core_cm4.h **** /**
1941:/opt/XMClib/XMC_Peripheral_Library_v2.1.16/CMSIS/Include/core_cm4.h ****   \ingroup  CMSIS_Core_FunctionInterface
1942:/opt/XMClib/XMC_Peripheral_Library_v2.1.16/CMSIS/Include/core_cm4.h ****   \defgroup CMSIS_Core_FpuFunctions FPU Functions
1943:/opt/XMClib/XMC_Peripheral_Library_v2.1.16/CMSIS/Include/core_cm4.h ****   \brief    Function that provides FPU type.
1944:/opt/XMClib/XMC_Peripheral_Library_v2.1.16/CMSIS/Include/core_cm4.h ****   @{
1945:/opt/XMClib/XMC_Peripheral_Library_v2.1.16/CMSIS/Include/core_cm4.h ****  */
1946:/opt/XMClib/XMC_Peripheral_Library_v2.1.16/CMSIS/Include/core_cm4.h **** 
1947:/opt/XMClib/XMC_Peripheral_Library_v2.1.16/CMSIS/Include/core_cm4.h **** /**
1948:/opt/XMClib/XMC_Peripheral_Library_v2.1.16/CMSIS/Include/core_cm4.h ****   \brief   get FPU type
1949:/opt/XMClib/XMC_Peripheral_Library_v2.1.16/CMSIS/Include/core_cm4.h ****   \details returns the FPU type
1950:/opt/XMClib/XMC_Peripheral_Library_v2.1.16/CMSIS/Include/core_cm4.h ****   \returns
1951:/opt/XMClib/XMC_Peripheral_Library_v2.1.16/CMSIS/Include/core_cm4.h ****    - \b  0: No FPU
1952:/opt/XMClib/XMC_Peripheral_Library_v2.1.16/CMSIS/Include/core_cm4.h ****    - \b  1: Single precision FPU
1953:/opt/XMClib/XMC_Peripheral_Library_v2.1.16/CMSIS/Include/core_cm4.h ****    - \b  2: Double + Single precision FPU
1954:/opt/XMClib/XMC_Peripheral_Library_v2.1.16/CMSIS/Include/core_cm4.h ****  */
1955:/opt/XMClib/XMC_Peripheral_Library_v2.1.16/CMSIS/Include/core_cm4.h **** __STATIC_INLINE uint32_t SCB_GetFPUType(void)
1956:/opt/XMClib/XMC_Peripheral_Library_v2.1.16/CMSIS/Include/core_cm4.h **** {
1957:/opt/XMClib/XMC_Peripheral_Library_v2.1.16/CMSIS/Include/core_cm4.h ****   uint32_t mvfr0;
1958:/opt/XMClib/XMC_Peripheral_Library_v2.1.16/CMSIS/Include/core_cm4.h **** 
1959:/opt/XMClib/XMC_Peripheral_Library_v2.1.16/CMSIS/Include/core_cm4.h ****   mvfr0 = FPU->MVFR0;
1960:/opt/XMClib/XMC_Peripheral_Library_v2.1.16/CMSIS/Include/core_cm4.h ****   if      ((mvfr0 & (FPU_MVFR0_Single_precision_Msk | FPU_MVFR0_Double_precision_Msk)) == 0x020U)
1961:/opt/XMClib/XMC_Peripheral_Library_v2.1.16/CMSIS/Include/core_cm4.h ****   {
1962:/opt/XMClib/XMC_Peripheral_Library_v2.1.16/CMSIS/Include/core_cm4.h ****     return 1U;           /* Single precision FPU */
1963:/opt/XMClib/XMC_Peripheral_Library_v2.1.16/CMSIS/Include/core_cm4.h ****   }
1964:/opt/XMClib/XMC_Peripheral_Library_v2.1.16/CMSIS/Include/core_cm4.h ****   else
1965:/opt/XMClib/XMC_Peripheral_Library_v2.1.16/CMSIS/Include/core_cm4.h ****   {
1966:/opt/XMClib/XMC_Peripheral_Library_v2.1.16/CMSIS/Include/core_cm4.h ****     return 0U;           /* No FPU */
1967:/opt/XMClib/XMC_Peripheral_Library_v2.1.16/CMSIS/Include/core_cm4.h ****   }
1968:/opt/XMClib/XMC_Peripheral_Library_v2.1.16/CMSIS/Include/core_cm4.h **** }
1969:/opt/XMClib/XMC_Peripheral_Library_v2.1.16/CMSIS/Include/core_cm4.h **** 
1970:/opt/XMClib/XMC_Peripheral_Library_v2.1.16/CMSIS/Include/core_cm4.h **** 
1971:/opt/XMClib/XMC_Peripheral_Library_v2.1.16/CMSIS/Include/core_cm4.h **** /*@} end of CMSIS_Core_FpuFunctions */
1972:/opt/XMClib/XMC_Peripheral_Library_v2.1.16/CMSIS/Include/core_cm4.h **** 
1973:/opt/XMClib/XMC_Peripheral_Library_v2.1.16/CMSIS/Include/core_cm4.h **** 
1974:/opt/XMClib/XMC_Peripheral_Library_v2.1.16/CMSIS/Include/core_cm4.h **** 
1975:/opt/XMClib/XMC_Peripheral_Library_v2.1.16/CMSIS/Include/core_cm4.h **** /* ##################################    SysTick function  ########################################
1976:/opt/XMClib/XMC_Peripheral_Library_v2.1.16/CMSIS/Include/core_cm4.h **** /**
1977:/opt/XMClib/XMC_Peripheral_Library_v2.1.16/CMSIS/Include/core_cm4.h ****   \ingroup  CMSIS_Core_FunctionInterface
1978:/opt/XMClib/XMC_Peripheral_Library_v2.1.16/CMSIS/Include/core_cm4.h ****   \defgroup CMSIS_Core_SysTickFunctions SysTick Functions
1979:/opt/XMClib/XMC_Peripheral_Library_v2.1.16/CMSIS/Include/core_cm4.h ****   \brief    Functions that configure the System.
1980:/opt/XMClib/XMC_Peripheral_Library_v2.1.16/CMSIS/Include/core_cm4.h ****   @{
1981:/opt/XMClib/XMC_Peripheral_Library_v2.1.16/CMSIS/Include/core_cm4.h ****  */
1982:/opt/XMClib/XMC_Peripheral_Library_v2.1.16/CMSIS/Include/core_cm4.h **** 
1983:/opt/XMClib/XMC_Peripheral_Library_v2.1.16/CMSIS/Include/core_cm4.h **** #if defined (__Vendor_SysTickConfig) && (__Vendor_SysTickConfig == 0U)
1984:/opt/XMClib/XMC_Peripheral_Library_v2.1.16/CMSIS/Include/core_cm4.h **** 
1985:/opt/XMClib/XMC_Peripheral_Library_v2.1.16/CMSIS/Include/core_cm4.h **** /**
1986:/opt/XMClib/XMC_Peripheral_Library_v2.1.16/CMSIS/Include/core_cm4.h ****   \brief   System Tick Configuration
1987:/opt/XMClib/XMC_Peripheral_Library_v2.1.16/CMSIS/Include/core_cm4.h ****   \details Initializes the System Timer and its interrupt, and starts the System Tick Timer.
1988:/opt/XMClib/XMC_Peripheral_Library_v2.1.16/CMSIS/Include/core_cm4.h ****            Counter is in free running mode to generate periodic interrupts.
1989:/opt/XMClib/XMC_Peripheral_Library_v2.1.16/CMSIS/Include/core_cm4.h ****   \param [in]  ticks  Number of ticks between two interrupts.
1990:/opt/XMClib/XMC_Peripheral_Library_v2.1.16/CMSIS/Include/core_cm4.h ****   \return          0  Function succeeded.
1991:/opt/XMClib/XMC_Peripheral_Library_v2.1.16/CMSIS/Include/core_cm4.h ****   \return          1  Function failed.
1992:/opt/XMClib/XMC_Peripheral_Library_v2.1.16/CMSIS/Include/core_cm4.h ****   \note    When the variable <b>__Vendor_SysTickConfig</b> is set to 1, then the
1993:/opt/XMClib/XMC_Peripheral_Library_v2.1.16/CMSIS/Include/core_cm4.h ****            function <b>SysTick_Config</b> is not included. In this case, the file <b><i>device</i>.
1994:/opt/XMClib/XMC_Peripheral_Library_v2.1.16/CMSIS/Include/core_cm4.h ****            must contain a vendor-specific implementation of this function.
1995:/opt/XMClib/XMC_Peripheral_Library_v2.1.16/CMSIS/Include/core_cm4.h ****  */
1996:/opt/XMClib/XMC_Peripheral_Library_v2.1.16/CMSIS/Include/core_cm4.h **** __STATIC_INLINE uint32_t SysTick_Config(uint32_t ticks)
1997:/opt/XMClib/XMC_Peripheral_Library_v2.1.16/CMSIS/Include/core_cm4.h **** {
 113              		.loc 2 1997 1
 114              		.cfi_startproc
 115              		@ args = 0, pretend = 0, frame = 8
 116              		@ frame_needed = 1, uses_anonymous_args = 0
 117 0000 80B5     		push	{r7, lr}
 118              	.LCFI6:
 119              		.cfi_def_cfa_offset 8
 120              		.cfi_offset 7, -8
 121              		.cfi_offset 14, -4
 122 0002 82B0     		sub	sp, sp, #8
 123              	.LCFI7:
 124              		.cfi_def_cfa_offset 16
 125 0004 00AF     		add	r7, sp, #0
 126              	.LCFI8:
 127              		.cfi_def_cfa_register 7
 128 0006 7860     		str	r0, [r7, #4]
1998:/opt/XMClib/XMC_Peripheral_Library_v2.1.16/CMSIS/Include/core_cm4.h ****   if ((ticks - 1UL) > SysTick_LOAD_RELOAD_Msk)
 129              		.loc 2 1998 14
 130 0008 7B68     		ldr	r3, [r7, #4]
 131 000a 013B     		subs	r3, r3, #1
 132              		.loc 2 1998 6
 133 000c B3F1807F 		cmp	r3, #16777216
 134 0010 01D3     		bcc	.L8
1999:/opt/XMClib/XMC_Peripheral_Library_v2.1.16/CMSIS/Include/core_cm4.h ****   {
2000:/opt/XMClib/XMC_Peripheral_Library_v2.1.16/CMSIS/Include/core_cm4.h ****     return (1UL);                                                   /* Reload value impossible */
 135              		.loc 2 2000 12
 136 0012 0123     		movs	r3, #1
 137 0014 0FE0     		b	.L9
 138              	.L8:
2001:/opt/XMClib/XMC_Peripheral_Library_v2.1.16/CMSIS/Include/core_cm4.h ****   }
2002:/opt/XMClib/XMC_Peripheral_Library_v2.1.16/CMSIS/Include/core_cm4.h **** 
2003:/opt/XMClib/XMC_Peripheral_Library_v2.1.16/CMSIS/Include/core_cm4.h ****   SysTick->LOAD  = (uint32_t)(ticks - 1UL);                         /* set reload register */
 139              		.loc 2 2003 10
 140 0016 0A4A     		ldr	r2, .L10
 141              		.loc 2 2003 20
 142 0018 7B68     		ldr	r3, [r7, #4]
 143 001a 013B     		subs	r3, r3, #1
 144              		.loc 2 2003 18
 145 001c 5360     		str	r3, [r2, #4]
2004:/opt/XMClib/XMC_Peripheral_Library_v2.1.16/CMSIS/Include/core_cm4.h ****   NVIC_SetPriority (SysTick_IRQn, (1UL << __NVIC_PRIO_BITS) - 1UL); /* set Priority for Systick Int
 146              		.loc 2 2004 3
 147 001e 3F21     		movs	r1, #63
 148 0020 4FF0FF30 		mov	r0, #-1
 149 0024 FFF7FEFF 		bl	__NVIC_SetPriority
2005:/opt/XMClib/XMC_Peripheral_Library_v2.1.16/CMSIS/Include/core_cm4.h ****   SysTick->VAL   = 0UL;                                             /* Load the SysTick Counter Val
 150              		.loc 2 2005 10
 151 0028 054B     		ldr	r3, .L10
 152              		.loc 2 2005 18
 153 002a 0022     		movs	r2, #0
 154 002c 9A60     		str	r2, [r3, #8]
2006:/opt/XMClib/XMC_Peripheral_Library_v2.1.16/CMSIS/Include/core_cm4.h ****   SysTick->CTRL  = SysTick_CTRL_CLKSOURCE_Msk |
 155              		.loc 2 2006 10
 156 002e 044B     		ldr	r3, .L10
 157              		.loc 2 2006 18
 158 0030 0722     		movs	r2, #7
 159 0032 1A60     		str	r2, [r3]
2007:/opt/XMClib/XMC_Peripheral_Library_v2.1.16/CMSIS/Include/core_cm4.h ****                    SysTick_CTRL_TICKINT_Msk   |
2008:/opt/XMClib/XMC_Peripheral_Library_v2.1.16/CMSIS/Include/core_cm4.h ****                    SysTick_CTRL_ENABLE_Msk;                         /* Enable SysTick IRQ and SysTi
2009:/opt/XMClib/XMC_Peripheral_Library_v2.1.16/CMSIS/Include/core_cm4.h ****   return (0UL);                                                     /* Function successful */
 160              		.loc 2 2009 10
 161 0034 0023     		movs	r3, #0
 162              	.L9:
2010:/opt/XMClib/XMC_Peripheral_Library_v2.1.16/CMSIS/Include/core_cm4.h **** }
 163              		.loc 2 2010 1
 164 0036 1846     		mov	r0, r3
 165 0038 0837     		adds	r7, r7, #8
 166              	.LCFI9:
 167              		.cfi_def_cfa_offset 8
 168 003a BD46     		mov	sp, r7
 169              	.LCFI10:
 170              		.cfi_def_cfa_register 13
 171              		@ sp needed
 172 003c 80BD     		pop	{r7, pc}
 173              	.L11:
 174 003e 00BF     		.align	2
 175              	.L10:
 176 0040 10E000E0 		.word	-536813552
 177              		.cfi_endproc
 178              	.LFE119:
 180              		.section	.text.XMC_GPIO_SetOutputHigh,"ax",%progbits
 181              		.align	1
 182              		.syntax unified
 183              		.thumb
 184              		.thumb_func
 186              	XMC_GPIO_SetOutputHigh:
 187              	.LFB130:
 188              		.file 3 "/opt/XMClib/XMC_Peripheral_Library_v2.1.16/XMCLib/inc/xmc_gpio.h"
   1:/opt/XMClib/XMC_Peripheral_Library_v2.1.16/XMCLib/inc/xmc_gpio.h **** /**
   2:/opt/XMClib/XMC_Peripheral_Library_v2.1.16/XMCLib/inc/xmc_gpio.h ****  * @file xmc_gpio.h
   3:/opt/XMClib/XMC_Peripheral_Library_v2.1.16/XMCLib/inc/xmc_gpio.h ****  * @date 2015-06-20
   4:/opt/XMClib/XMC_Peripheral_Library_v2.1.16/XMCLib/inc/xmc_gpio.h ****  *
   5:/opt/XMClib/XMC_Peripheral_Library_v2.1.16/XMCLib/inc/xmc_gpio.h ****  * @cond
   6:/opt/XMClib/XMC_Peripheral_Library_v2.1.16/XMCLib/inc/xmc_gpio.h ****  **************************************************************************************************
   7:/opt/XMClib/XMC_Peripheral_Library_v2.1.16/XMCLib/inc/xmc_gpio.h ****  * XMClib v2.1.16 - XMC Peripheral Driver Library 
   8:/opt/XMClib/XMC_Peripheral_Library_v2.1.16/XMCLib/inc/xmc_gpio.h ****  *
   9:/opt/XMClib/XMC_Peripheral_Library_v2.1.16/XMCLib/inc/xmc_gpio.h ****  * Copyright (c) 2015-2017, Infineon Technologies AG
  10:/opt/XMClib/XMC_Peripheral_Library_v2.1.16/XMCLib/inc/xmc_gpio.h ****  * All rights reserved.                        
  11:/opt/XMClib/XMC_Peripheral_Library_v2.1.16/XMCLib/inc/xmc_gpio.h ****  *                                             
  12:/opt/XMClib/XMC_Peripheral_Library_v2.1.16/XMCLib/inc/xmc_gpio.h ****  * Redistribution and use in source and binary forms, with or without modification,are permitted pr
  13:/opt/XMClib/XMC_Peripheral_Library_v2.1.16/XMCLib/inc/xmc_gpio.h ****  * following conditions are met:   
  14:/opt/XMClib/XMC_Peripheral_Library_v2.1.16/XMCLib/inc/xmc_gpio.h ****  *                                                                              
  15:/opt/XMClib/XMC_Peripheral_Library_v2.1.16/XMCLib/inc/xmc_gpio.h ****  * Redistributions of source code must retain the above copyright notice, this list of conditions a
  16:/opt/XMClib/XMC_Peripheral_Library_v2.1.16/XMCLib/inc/xmc_gpio.h ****  * disclaimer.                        
  17:/opt/XMClib/XMC_Peripheral_Library_v2.1.16/XMCLib/inc/xmc_gpio.h ****  * 
  18:/opt/XMClib/XMC_Peripheral_Library_v2.1.16/XMCLib/inc/xmc_gpio.h ****  * Redistributions in binary form must reproduce the above copyright notice, this list of condition
  19:/opt/XMClib/XMC_Peripheral_Library_v2.1.16/XMCLib/inc/xmc_gpio.h ****  * disclaimer in the documentation and/or other materials provided with the distribution.          
  20:/opt/XMClib/XMC_Peripheral_Library_v2.1.16/XMCLib/inc/xmc_gpio.h ****  * 
  21:/opt/XMClib/XMC_Peripheral_Library_v2.1.16/XMCLib/inc/xmc_gpio.h ****  * Neither the name of the copyright holders nor the names of its contributors may be used to endor
  22:/opt/XMClib/XMC_Peripheral_Library_v2.1.16/XMCLib/inc/xmc_gpio.h ****  * products derived from this software without specific prior written permission.                  
  23:/opt/XMClib/XMC_Peripheral_Library_v2.1.16/XMCLib/inc/xmc_gpio.h ****  *                                                                              
  24:/opt/XMClib/XMC_Peripheral_Library_v2.1.16/XMCLib/inc/xmc_gpio.h ****  * THIS SOFTWARE IS PROVIDED BY THE COPYRIGHT HOLDERS AND CONTRIBUTORS "AS IS" AND ANY EXPRESS OR I
  25:/opt/XMClib/XMC_Peripheral_Library_v2.1.16/XMCLib/inc/xmc_gpio.h ****  * INCLUDING, BUT NOT LIMITED TO, THE IMPLIED WARRANTIES OF MERCHANTABILITY AND FITNESS FOR A PARTI
  26:/opt/XMClib/XMC_Peripheral_Library_v2.1.16/XMCLib/inc/xmc_gpio.h ****  * DISCLAIMED. IN NO EVENT SHALL THE COPYRIGHT HOLDER OR CONTRIBUTORS BE LIABLE  FOR ANY DIRECT, IN
  27:/opt/XMClib/XMC_Peripheral_Library_v2.1.16/XMCLib/inc/xmc_gpio.h ****  * SPECIAL, EXEMPLARY, OR CONSEQUENTIAL DAMAGES (INCLUDING, BUT NOT LIMITED TO, PROCUREMENT OF SUBS
  28:/opt/XMClib/XMC_Peripheral_Library_v2.1.16/XMCLib/inc/xmc_gpio.h ****  * SERVICES; LOSS OF USE, DATA, OR PROFITS; OR BUSINESS INTERRUPTION) HOWEVER CAUSED AND ON ANY THE
  29:/opt/XMClib/XMC_Peripheral_Library_v2.1.16/XMCLib/inc/xmc_gpio.h ****  * WHETHER IN CONTRACT, STRICT LIABILITY,OR TORT (INCLUDING NEGLIGENCE OR OTHERWISE) ARISING IN ANY
  30:/opt/XMClib/XMC_Peripheral_Library_v2.1.16/XMCLib/inc/xmc_gpio.h ****  * OF THIS SOFTWARE, EVEN IF ADVISED OF THE POSSIBILITY OF SUCH DAMAGE.                            
  31:/opt/XMClib/XMC_Peripheral_Library_v2.1.16/XMCLib/inc/xmc_gpio.h ****  *                                                                              
  32:/opt/XMClib/XMC_Peripheral_Library_v2.1.16/XMCLib/inc/xmc_gpio.h ****  * To improve the quality of the software, users are encouraged to share modifications, enhancement
  33:/opt/XMClib/XMC_Peripheral_Library_v2.1.16/XMCLib/inc/xmc_gpio.h ****  * Infineon Technologies AG dave@infineon.com).                                                    
  34:/opt/XMClib/XMC_Peripheral_Library_v2.1.16/XMCLib/inc/xmc_gpio.h ****  **************************************************************************************************
  35:/opt/XMClib/XMC_Peripheral_Library_v2.1.16/XMCLib/inc/xmc_gpio.h ****  *
  36:/opt/XMClib/XMC_Peripheral_Library_v2.1.16/XMCLib/inc/xmc_gpio.h ****  * Change History
  37:/opt/XMClib/XMC_Peripheral_Library_v2.1.16/XMCLib/inc/xmc_gpio.h ****  * --------------
  38:/opt/XMClib/XMC_Peripheral_Library_v2.1.16/XMCLib/inc/xmc_gpio.h ****  *
  39:/opt/XMClib/XMC_Peripheral_Library_v2.1.16/XMCLib/inc/xmc_gpio.h ****  * 2015-02-20:
  40:/opt/XMClib/XMC_Peripheral_Library_v2.1.16/XMCLib/inc/xmc_gpio.h ****  *     - Initial draft<br>
  41:/opt/XMClib/XMC_Peripheral_Library_v2.1.16/XMCLib/inc/xmc_gpio.h ****  *     - Documentation improved <br>
  42:/opt/XMClib/XMC_Peripheral_Library_v2.1.16/XMCLib/inc/xmc_gpio.h ****  *      
  43:/opt/XMClib/XMC_Peripheral_Library_v2.1.16/XMCLib/inc/xmc_gpio.h ****  * 2015-06-20:
  44:/opt/XMClib/XMC_Peripheral_Library_v2.1.16/XMCLib/inc/xmc_gpio.h ****  *     - Removed version macros and declaration of GetDriverVersion API
  45:/opt/XMClib/XMC_Peripheral_Library_v2.1.16/XMCLib/inc/xmc_gpio.h ****  *
  46:/opt/XMClib/XMC_Peripheral_Library_v2.1.16/XMCLib/inc/xmc_gpio.h ****  * @endcond
  47:/opt/XMClib/XMC_Peripheral_Library_v2.1.16/XMCLib/inc/xmc_gpio.h ****  *
  48:/opt/XMClib/XMC_Peripheral_Library_v2.1.16/XMCLib/inc/xmc_gpio.h ****  */
  49:/opt/XMClib/XMC_Peripheral_Library_v2.1.16/XMCLib/inc/xmc_gpio.h **** 
  50:/opt/XMClib/XMC_Peripheral_Library_v2.1.16/XMCLib/inc/xmc_gpio.h **** #ifndef XMC_GPIO_H
  51:/opt/XMClib/XMC_Peripheral_Library_v2.1.16/XMCLib/inc/xmc_gpio.h **** #define XMC_GPIO_H
  52:/opt/XMClib/XMC_Peripheral_Library_v2.1.16/XMCLib/inc/xmc_gpio.h **** 
  53:/opt/XMClib/XMC_Peripheral_Library_v2.1.16/XMCLib/inc/xmc_gpio.h **** /**************************************************************************************************
  54:/opt/XMClib/XMC_Peripheral_Library_v2.1.16/XMCLib/inc/xmc_gpio.h ****  * HEADER FILES
  55:/opt/XMClib/XMC_Peripheral_Library_v2.1.16/XMCLib/inc/xmc_gpio.h ****  **************************************************************************************************
  56:/opt/XMClib/XMC_Peripheral_Library_v2.1.16/XMCLib/inc/xmc_gpio.h **** 
  57:/opt/XMClib/XMC_Peripheral_Library_v2.1.16/XMCLib/inc/xmc_gpio.h **** #include "xmc_common.h"
  58:/opt/XMClib/XMC_Peripheral_Library_v2.1.16/XMCLib/inc/xmc_gpio.h **** 
  59:/opt/XMClib/XMC_Peripheral_Library_v2.1.16/XMCLib/inc/xmc_gpio.h **** /**
  60:/opt/XMClib/XMC_Peripheral_Library_v2.1.16/XMCLib/inc/xmc_gpio.h ****  * @addtogroup XMClib XMC Peripheral Library
  61:/opt/XMClib/XMC_Peripheral_Library_v2.1.16/XMCLib/inc/xmc_gpio.h ****  * @{
  62:/opt/XMClib/XMC_Peripheral_Library_v2.1.16/XMCLib/inc/xmc_gpio.h ****  */
  63:/opt/XMClib/XMC_Peripheral_Library_v2.1.16/XMCLib/inc/xmc_gpio.h **** 
  64:/opt/XMClib/XMC_Peripheral_Library_v2.1.16/XMCLib/inc/xmc_gpio.h **** /**
  65:/opt/XMClib/XMC_Peripheral_Library_v2.1.16/XMCLib/inc/xmc_gpio.h ****  * @addtogroup GPIO
  66:/opt/XMClib/XMC_Peripheral_Library_v2.1.16/XMCLib/inc/xmc_gpio.h ****  * @brief General Purpose Input Output (GPIO) driver for the XMC microcontroller family.
  67:/opt/XMClib/XMC_Peripheral_Library_v2.1.16/XMCLib/inc/xmc_gpio.h ****  *
  68:/opt/XMClib/XMC_Peripheral_Library_v2.1.16/XMCLib/inc/xmc_gpio.h ****  * GPIO driver provide a generic and very flexible software interface for all standard digital I/O 
  69:/opt/XMClib/XMC_Peripheral_Library_v2.1.16/XMCLib/inc/xmc_gpio.h ****  * Each port slice has individual interfaces for the operation as General Purpose I/O and it furthe
  70:/opt/XMClib/XMC_Peripheral_Library_v2.1.16/XMCLib/inc/xmc_gpio.h ****  * connectivity to the on-chip periphery and the control for the pad characteristics. 
  71:/opt/XMClib/XMC_Peripheral_Library_v2.1.16/XMCLib/inc/xmc_gpio.h ****  *
  72:/opt/XMClib/XMC_Peripheral_Library_v2.1.16/XMCLib/inc/xmc_gpio.h ****  * The driver is divided into Input and Output mode.
  73:/opt/XMClib/XMC_Peripheral_Library_v2.1.16/XMCLib/inc/xmc_gpio.h ****  *
  74:/opt/XMClib/XMC_Peripheral_Library_v2.1.16/XMCLib/inc/xmc_gpio.h ****  * Input mode features:
  75:/opt/XMClib/XMC_Peripheral_Library_v2.1.16/XMCLib/inc/xmc_gpio.h ****  * -# Configuration structure XMC_GPIO_CONFIG_t and initialization function XMC_GPIO_Init()
  76:/opt/XMClib/XMC_Peripheral_Library_v2.1.16/XMCLib/inc/xmc_gpio.h ****  * -# Allows the selection of weak pull-up or pull-down device. Configuration structure XMC_GPIO_MO
  77:/opt/XMClib/XMC_Peripheral_Library_v2.1.16/XMCLib/inc/xmc_gpio.h ****  * \if XMC1
  78:/opt/XMClib/XMC_Peripheral_Library_v2.1.16/XMCLib/inc/xmc_gpio.h ****  * -# Allows the selection of input hysteresis. XMC_GPIO_SetInputHysteresis()
  79:/opt/XMClib/XMC_Peripheral_Library_v2.1.16/XMCLib/inc/xmc_gpio.h ****  * \endif
  80:/opt/XMClib/XMC_Peripheral_Library_v2.1.16/XMCLib/inc/xmc_gpio.h ****  *
  81:/opt/XMClib/XMC_Peripheral_Library_v2.1.16/XMCLib/inc/xmc_gpio.h ****  * 
  82:/opt/XMClib/XMC_Peripheral_Library_v2.1.16/XMCLib/inc/xmc_gpio.h ****  * Output mode features:
  83:/opt/XMClib/XMC_Peripheral_Library_v2.1.16/XMCLib/inc/xmc_gpio.h ****  * -# Allows the selection of push pull/open drain and Alternate output. Configuration structure XM
  84:/opt/XMClib/XMC_Peripheral_Library_v2.1.16/XMCLib/inc/xmc_gpio.h ****  * \if XMC4
  85:/opt/XMClib/XMC_Peripheral_Library_v2.1.16/XMCLib/inc/xmc_gpio.h ****  * -# Allows the selection of pad driver strength. Configuration structure XMC_GPIO_OUTPUT_STRENGTH
  86:/opt/XMClib/XMC_Peripheral_Library_v2.1.16/XMCLib/inc/xmc_gpio.h ****  * \endif
  87:/opt/XMClib/XMC_Peripheral_Library_v2.1.16/XMCLib/inc/xmc_gpio.h ****  *
  88:/opt/XMClib/XMC_Peripheral_Library_v2.1.16/XMCLib/inc/xmc_gpio.h ****  * -# Allows the selection of initial output level. Configuration structure XMC_GPIO_OUTPUT_LEVEL_t
  89:/opt/XMClib/XMC_Peripheral_Library_v2.1.16/XMCLib/inc/xmc_gpio.h ****  *
  90:/opt/XMClib/XMC_Peripheral_Library_v2.1.16/XMCLib/inc/xmc_gpio.h ****  *@{
  91:/opt/XMClib/XMC_Peripheral_Library_v2.1.16/XMCLib/inc/xmc_gpio.h ****  */
  92:/opt/XMClib/XMC_Peripheral_Library_v2.1.16/XMCLib/inc/xmc_gpio.h ****  
  93:/opt/XMClib/XMC_Peripheral_Library_v2.1.16/XMCLib/inc/xmc_gpio.h **** /**************************************************************************************************
  94:/opt/XMClib/XMC_Peripheral_Library_v2.1.16/XMCLib/inc/xmc_gpio.h ****  * MACROS
  95:/opt/XMClib/XMC_Peripheral_Library_v2.1.16/XMCLib/inc/xmc_gpio.h ****  **************************************************************************************************
  96:/opt/XMClib/XMC_Peripheral_Library_v2.1.16/XMCLib/inc/xmc_gpio.h **** 
  97:/opt/XMClib/XMC_Peripheral_Library_v2.1.16/XMCLib/inc/xmc_gpio.h **** #define PORT_IOCR_PC_Pos PORT0_IOCR0_PC0_Pos
  98:/opt/XMClib/XMC_Peripheral_Library_v2.1.16/XMCLib/inc/xmc_gpio.h **** #define PORT_IOCR_PC_Msk PORT0_IOCR0_PC0_Msk
  99:/opt/XMClib/XMC_Peripheral_Library_v2.1.16/XMCLib/inc/xmc_gpio.h **** 
 100:/opt/XMClib/XMC_Peripheral_Library_v2.1.16/XMCLib/inc/xmc_gpio.h **** #define PORT_IOCR_PC_Size 				(8U)
 101:/opt/XMClib/XMC_Peripheral_Library_v2.1.16/XMCLib/inc/xmc_gpio.h **** 											
 102:/opt/XMClib/XMC_Peripheral_Library_v2.1.16/XMCLib/inc/xmc_gpio.h **** 
 103:/opt/XMClib/XMC_Peripheral_Library_v2.1.16/XMCLib/inc/xmc_gpio.h **** #define XMC_GPIO_CHECK_OUTPUT_LEVEL(level) ((level == XMC_GPIO_OUTPUT_LEVEL_LOW) || \
 104:/opt/XMClib/XMC_Peripheral_Library_v2.1.16/XMCLib/inc/xmc_gpio.h ****                                             (level == XMC_GPIO_OUTPUT_LEVEL_HIGH))
 105:/opt/XMClib/XMC_Peripheral_Library_v2.1.16/XMCLib/inc/xmc_gpio.h ****                                             
 106:/opt/XMClib/XMC_Peripheral_Library_v2.1.16/XMCLib/inc/xmc_gpio.h **** #define XMC_GPIO_CHECK_HWCTRL(hwctrl) ((hwctrl == XMC_GPIO_HWCTRL_DISABLED) || \
 107:/opt/XMClib/XMC_Peripheral_Library_v2.1.16/XMCLib/inc/xmc_gpio.h ****                                        (hwctrl == XMC_GPIO_HWCTRL_PERIPHERAL1) || \
 108:/opt/XMClib/XMC_Peripheral_Library_v2.1.16/XMCLib/inc/xmc_gpio.h ****                                        (hwctrl == XMC_GPIO_HWCTRL_PERIPHERAL2))                    
 109:/opt/XMClib/XMC_Peripheral_Library_v2.1.16/XMCLib/inc/xmc_gpio.h ****                                             
 110:/opt/XMClib/XMC_Peripheral_Library_v2.1.16/XMCLib/inc/xmc_gpio.h **** /**************************************************************************************************
 111:/opt/XMClib/XMC_Peripheral_Library_v2.1.16/XMCLib/inc/xmc_gpio.h ****  * ENUMS
 112:/opt/XMClib/XMC_Peripheral_Library_v2.1.16/XMCLib/inc/xmc_gpio.h ****  **************************************************************************************************
 113:/opt/XMClib/XMC_Peripheral_Library_v2.1.16/XMCLib/inc/xmc_gpio.h **** 
 114:/opt/XMClib/XMC_Peripheral_Library_v2.1.16/XMCLib/inc/xmc_gpio.h **** 
 115:/opt/XMClib/XMC_Peripheral_Library_v2.1.16/XMCLib/inc/xmc_gpio.h **** /**
 116:/opt/XMClib/XMC_Peripheral_Library_v2.1.16/XMCLib/inc/xmc_gpio.h ****  * Defines output level of a pin. Use type \a XMC_GPIO_OUTPUT_LEVEL_t for this enum.
 117:/opt/XMClib/XMC_Peripheral_Library_v2.1.16/XMCLib/inc/xmc_gpio.h ****  */
 118:/opt/XMClib/XMC_Peripheral_Library_v2.1.16/XMCLib/inc/xmc_gpio.h **** typedef enum XMC_GPIO_OUTPUT_LEVEL
 119:/opt/XMClib/XMC_Peripheral_Library_v2.1.16/XMCLib/inc/xmc_gpio.h **** {
 120:/opt/XMClib/XMC_Peripheral_Library_v2.1.16/XMCLib/inc/xmc_gpio.h ****   XMC_GPIO_OUTPUT_LEVEL_LOW  = 0x10000U, /**<  Reset bit */
 121:/opt/XMClib/XMC_Peripheral_Library_v2.1.16/XMCLib/inc/xmc_gpio.h ****   XMC_GPIO_OUTPUT_LEVEL_HIGH = 0x1U, 	/**< Set bit  */
 122:/opt/XMClib/XMC_Peripheral_Library_v2.1.16/XMCLib/inc/xmc_gpio.h **** } XMC_GPIO_OUTPUT_LEVEL_t;
 123:/opt/XMClib/XMC_Peripheral_Library_v2.1.16/XMCLib/inc/xmc_gpio.h **** 
 124:/opt/XMClib/XMC_Peripheral_Library_v2.1.16/XMCLib/inc/xmc_gpio.h **** /**
 125:/opt/XMClib/XMC_Peripheral_Library_v2.1.16/XMCLib/inc/xmc_gpio.h ****  * Defines direct hardware control characteristics of the pin . Use type \a XMC_GPIO_HWCTRL_t for t
 126:/opt/XMClib/XMC_Peripheral_Library_v2.1.16/XMCLib/inc/xmc_gpio.h ****  */
 127:/opt/XMClib/XMC_Peripheral_Library_v2.1.16/XMCLib/inc/xmc_gpio.h **** typedef enum XMC_GPIO_HWCTRL
 128:/opt/XMClib/XMC_Peripheral_Library_v2.1.16/XMCLib/inc/xmc_gpio.h **** {
 129:/opt/XMClib/XMC_Peripheral_Library_v2.1.16/XMCLib/inc/xmc_gpio.h ****   XMC_GPIO_HWCTRL_DISABLED     = 0x0U, /**<  Software control only */
 130:/opt/XMClib/XMC_Peripheral_Library_v2.1.16/XMCLib/inc/xmc_gpio.h ****   XMC_GPIO_HWCTRL_PERIPHERAL1  = 0x1U, /**<  HWI0/HWO0 control path can override the software confi
 131:/opt/XMClib/XMC_Peripheral_Library_v2.1.16/XMCLib/inc/xmc_gpio.h ****   XMC_GPIO_HWCTRL_PERIPHERAL2  = 0x2U  /**<  HWI1/HWO1 control path can override the software confi
 132:/opt/XMClib/XMC_Peripheral_Library_v2.1.16/XMCLib/inc/xmc_gpio.h **** } XMC_GPIO_HWCTRL_t;
 133:/opt/XMClib/XMC_Peripheral_Library_v2.1.16/XMCLib/inc/xmc_gpio.h **** 
 134:/opt/XMClib/XMC_Peripheral_Library_v2.1.16/XMCLib/inc/xmc_gpio.h **** /**************************************************************************************************
 135:/opt/XMClib/XMC_Peripheral_Library_v2.1.16/XMCLib/inc/xmc_gpio.h ****  * DEVICE FAMILY EXTENSIONS
 136:/opt/XMClib/XMC_Peripheral_Library_v2.1.16/XMCLib/inc/xmc_gpio.h ****  **************************************************************************************************
 137:/opt/XMClib/XMC_Peripheral_Library_v2.1.16/XMCLib/inc/xmc_gpio.h **** 
 138:/opt/XMClib/XMC_Peripheral_Library_v2.1.16/XMCLib/inc/xmc_gpio.h ****  #if UC_FAMILY == XMC1
 139:/opt/XMClib/XMC_Peripheral_Library_v2.1.16/XMCLib/inc/xmc_gpio.h **** #include "xmc1_gpio.h"
 140:/opt/XMClib/XMC_Peripheral_Library_v2.1.16/XMCLib/inc/xmc_gpio.h **** #elif UC_FAMILY == XMC4
 141:/opt/XMClib/XMC_Peripheral_Library_v2.1.16/XMCLib/inc/xmc_gpio.h **** #include "xmc4_gpio.h"
 142:/opt/XMClib/XMC_Peripheral_Library_v2.1.16/XMCLib/inc/xmc_gpio.h **** #else
 143:/opt/XMClib/XMC_Peripheral_Library_v2.1.16/XMCLib/inc/xmc_gpio.h **** #error "xmc_gpio.h: family device not supported"
 144:/opt/XMClib/XMC_Peripheral_Library_v2.1.16/XMCLib/inc/xmc_gpio.h **** #endif
 145:/opt/XMClib/XMC_Peripheral_Library_v2.1.16/XMCLib/inc/xmc_gpio.h **** 
 146:/opt/XMClib/XMC_Peripheral_Library_v2.1.16/XMCLib/inc/xmc_gpio.h **** /**************************************************************************************************
 147:/opt/XMClib/XMC_Peripheral_Library_v2.1.16/XMCLib/inc/xmc_gpio.h ****  * API PROTOTYPES
 148:/opt/XMClib/XMC_Peripheral_Library_v2.1.16/XMCLib/inc/xmc_gpio.h ****  **************************************************************************************************
 149:/opt/XMClib/XMC_Peripheral_Library_v2.1.16/XMCLib/inc/xmc_gpio.h **** 
 150:/opt/XMClib/XMC_Peripheral_Library_v2.1.16/XMCLib/inc/xmc_gpio.h **** #ifdef __cplusplus
 151:/opt/XMClib/XMC_Peripheral_Library_v2.1.16/XMCLib/inc/xmc_gpio.h **** extern "C" {
 152:/opt/XMClib/XMC_Peripheral_Library_v2.1.16/XMCLib/inc/xmc_gpio.h **** #endif
 153:/opt/XMClib/XMC_Peripheral_Library_v2.1.16/XMCLib/inc/xmc_gpio.h **** 
 154:/opt/XMClib/XMC_Peripheral_Library_v2.1.16/XMCLib/inc/xmc_gpio.h **** 
 155:/opt/XMClib/XMC_Peripheral_Library_v2.1.16/XMCLib/inc/xmc_gpio.h **** /**
 156:/opt/XMClib/XMC_Peripheral_Library_v2.1.16/XMCLib/inc/xmc_gpio.h ****  * @param  port	  Constant pointer pointing to GPIO port, to access port registers like Pn_OUT,Pn_O
 157:/opt/XMClib/XMC_Peripheral_Library_v2.1.16/XMCLib/inc/xmc_gpio.h ****  * @param  pin	  Port pin number.
 158:/opt/XMClib/XMC_Peripheral_Library_v2.1.16/XMCLib/inc/xmc_gpio.h ****  * @param  config GPIO configuration data structure. Refer data structure @ref XMC_GPIO_CONFIG_t fo
 159:/opt/XMClib/XMC_Peripheral_Library_v2.1.16/XMCLib/inc/xmc_gpio.h ****  *
 160:/opt/XMClib/XMC_Peripheral_Library_v2.1.16/XMCLib/inc/xmc_gpio.h ****  * @return None
 161:/opt/XMClib/XMC_Peripheral_Library_v2.1.16/XMCLib/inc/xmc_gpio.h ****  *
 162:/opt/XMClib/XMC_Peripheral_Library_v2.1.16/XMCLib/inc/xmc_gpio.h ****  * \par<b>Description:</b><br>
 163:/opt/XMClib/XMC_Peripheral_Library_v2.1.16/XMCLib/inc/xmc_gpio.h ****  * \if XMC1
 164:/opt/XMClib/XMC_Peripheral_Library_v2.1.16/XMCLib/inc/xmc_gpio.h ****  * Initializes input / output mode settings like, pull up / pull down devices,hysteresis, push pull
 165:/opt/XMClib/XMC_Peripheral_Library_v2.1.16/XMCLib/inc/xmc_gpio.h ****  * Also configures alternate function outputs and clears hardware port control for a selected \a po
 166:/opt/XMClib/XMC_Peripheral_Library_v2.1.16/XMCLib/inc/xmc_gpio.h ****  * \a config provides selected I/O settings. It configures hardware registers Pn_IOCR,Pn_OUT, Pn_OM
 167:/opt/XMClib/XMC_Peripheral_Library_v2.1.16/XMCLib/inc/xmc_gpio.h ****  * \endif
 168:/opt/XMClib/XMC_Peripheral_Library_v2.1.16/XMCLib/inc/xmc_gpio.h ****  * \if XMC4
 169:/opt/XMClib/XMC_Peripheral_Library_v2.1.16/XMCLib/inc/xmc_gpio.h ****  * Initializes input / output mode settings like, pull up / pull down devices,push pull /open drain
 170:/opt/XMClib/XMC_Peripheral_Library_v2.1.16/XMCLib/inc/xmc_gpio.h ****  * Also configures alternate function outputs and clears hardware port control for selected \a port
 171:/opt/XMClib/XMC_Peripheral_Library_v2.1.16/XMCLib/inc/xmc_gpio.h ****  * It configures hardware registers Pn_IOCR,Pn_OUT,Pn_OMR,Pn_PDISC and Pn_PDR.\n
 172:/opt/XMClib/XMC_Peripheral_Library_v2.1.16/XMCLib/inc/xmc_gpio.h ****  * \endif
 173:/opt/XMClib/XMC_Peripheral_Library_v2.1.16/XMCLib/inc/xmc_gpio.h ****  *
 174:/opt/XMClib/XMC_Peripheral_Library_v2.1.16/XMCLib/inc/xmc_gpio.h ****  * \par<b>Related APIs:</b><BR>
 175:/opt/XMClib/XMC_Peripheral_Library_v2.1.16/XMCLib/inc/xmc_gpio.h ****  *  None
 176:/opt/XMClib/XMC_Peripheral_Library_v2.1.16/XMCLib/inc/xmc_gpio.h ****  *
 177:/opt/XMClib/XMC_Peripheral_Library_v2.1.16/XMCLib/inc/xmc_gpio.h ****  * \par<b>Note:</b><br>
 178:/opt/XMClib/XMC_Peripheral_Library_v2.1.16/XMCLib/inc/xmc_gpio.h ****  * This API is called in definition of DAVE_init by code generation and therefore should not be exp
 179:/opt/XMClib/XMC_Peripheral_Library_v2.1.16/XMCLib/inc/xmc_gpio.h ****  * for the normal operation. Use other APIs only after DAVE_init is called successfully (returns DA
 180:/opt/XMClib/XMC_Peripheral_Library_v2.1.16/XMCLib/inc/xmc_gpio.h ****  *
 181:/opt/XMClib/XMC_Peripheral_Library_v2.1.16/XMCLib/inc/xmc_gpio.h ****  *
 182:/opt/XMClib/XMC_Peripheral_Library_v2.1.16/XMCLib/inc/xmc_gpio.h ****  */
 183:/opt/XMClib/XMC_Peripheral_Library_v2.1.16/XMCLib/inc/xmc_gpio.h **** 
 184:/opt/XMClib/XMC_Peripheral_Library_v2.1.16/XMCLib/inc/xmc_gpio.h ****  
 185:/opt/XMClib/XMC_Peripheral_Library_v2.1.16/XMCLib/inc/xmc_gpio.h **** void XMC_GPIO_Init(XMC_GPIO_PORT_t *const port, const uint8_t pin, const XMC_GPIO_CONFIG_t *const c
 186:/opt/XMClib/XMC_Peripheral_Library_v2.1.16/XMCLib/inc/xmc_gpio.h ****  
 187:/opt/XMClib/XMC_Peripheral_Library_v2.1.16/XMCLib/inc/xmc_gpio.h **** /**
 188:/opt/XMClib/XMC_Peripheral_Library_v2.1.16/XMCLib/inc/xmc_gpio.h ****  *
 189:/opt/XMClib/XMC_Peripheral_Library_v2.1.16/XMCLib/inc/xmc_gpio.h ****  * @param  port	Constant pointer pointing to GPIO port, to access hardware register Pn_IOCR.
 190:/opt/XMClib/XMC_Peripheral_Library_v2.1.16/XMCLib/inc/xmc_gpio.h ****  * @param  pin	Port pin number.
 191:/opt/XMClib/XMC_Peripheral_Library_v2.1.16/XMCLib/inc/xmc_gpio.h ****  * @param  mode input / output functionality selection. Refer @ref XMC_GPIO_MODE_t for valid values
 192:/opt/XMClib/XMC_Peripheral_Library_v2.1.16/XMCLib/inc/xmc_gpio.h ****  *
 193:/opt/XMClib/XMC_Peripheral_Library_v2.1.16/XMCLib/inc/xmc_gpio.h ****  * @return None
 194:/opt/XMClib/XMC_Peripheral_Library_v2.1.16/XMCLib/inc/xmc_gpio.h ****  *
 195:/opt/XMClib/XMC_Peripheral_Library_v2.1.16/XMCLib/inc/xmc_gpio.h ****  * \par<b>Description:</b><br>
 196:/opt/XMClib/XMC_Peripheral_Library_v2.1.16/XMCLib/inc/xmc_gpio.h ****  * Sets digital input and output driver functionality and characteristics of a GPIO port pin. It co
 197:/opt/XMClib/XMC_Peripheral_Library_v2.1.16/XMCLib/inc/xmc_gpio.h ****  * registers Pn_IOCR. \a mode is initially configured during initialization in XMC_GPIO_Init(). Cal
 198:/opt/XMClib/XMC_Peripheral_Library_v2.1.16/XMCLib/inc/xmc_gpio.h ****  * the port direction functionality as needed later in the program.
 199:/opt/XMClib/XMC_Peripheral_Library_v2.1.16/XMCLib/inc/xmc_gpio.h ****  *
 200:/opt/XMClib/XMC_Peripheral_Library_v2.1.16/XMCLib/inc/xmc_gpio.h ****  * \par<b>Related APIs:</b><BR>
 201:/opt/XMClib/XMC_Peripheral_Library_v2.1.16/XMCLib/inc/xmc_gpio.h ****  *  None
 202:/opt/XMClib/XMC_Peripheral_Library_v2.1.16/XMCLib/inc/xmc_gpio.h ****  *
 203:/opt/XMClib/XMC_Peripheral_Library_v2.1.16/XMCLib/inc/xmc_gpio.h ****  */
 204:/opt/XMClib/XMC_Peripheral_Library_v2.1.16/XMCLib/inc/xmc_gpio.h **** 
 205:/opt/XMClib/XMC_Peripheral_Library_v2.1.16/XMCLib/inc/xmc_gpio.h **** void XMC_GPIO_SetMode(XMC_GPIO_PORT_t *const port, const uint8_t pin, const XMC_GPIO_MODE_t mode);
 206:/opt/XMClib/XMC_Peripheral_Library_v2.1.16/XMCLib/inc/xmc_gpio.h **** 
 207:/opt/XMClib/XMC_Peripheral_Library_v2.1.16/XMCLib/inc/xmc_gpio.h **** 
 208:/opt/XMClib/XMC_Peripheral_Library_v2.1.16/XMCLib/inc/xmc_gpio.h **** /**
 209:/opt/XMClib/XMC_Peripheral_Library_v2.1.16/XMCLib/inc/xmc_gpio.h ****  *
 210:/opt/XMClib/XMC_Peripheral_Library_v2.1.16/XMCLib/inc/xmc_gpio.h ****  * @param  port	 Constant pointer pointing to GPIO port, to access hardware register Pn_OMR.
 211:/opt/XMClib/XMC_Peripheral_Library_v2.1.16/XMCLib/inc/xmc_gpio.h ****  * @param  pin	 Port pin number.
 212:/opt/XMClib/XMC_Peripheral_Library_v2.1.16/XMCLib/inc/xmc_gpio.h ****  * @param  level output level selection. Refer @ref XMC_GPIO_OUTPUT_LEVEL_t for valid values.
 213:/opt/XMClib/XMC_Peripheral_Library_v2.1.16/XMCLib/inc/xmc_gpio.h ****  *
 214:/opt/XMClib/XMC_Peripheral_Library_v2.1.16/XMCLib/inc/xmc_gpio.h ****  * @return None
 215:/opt/XMClib/XMC_Peripheral_Library_v2.1.16/XMCLib/inc/xmc_gpio.h ****  *
 216:/opt/XMClib/XMC_Peripheral_Library_v2.1.16/XMCLib/inc/xmc_gpio.h ****  * \par<b>Description:</b><br>
 217:/opt/XMClib/XMC_Peripheral_Library_v2.1.16/XMCLib/inc/xmc_gpio.h ****  * Set port pin output level to high or low.It configures hardware registers Pn_OMR.\a level is ini
 218:/opt/XMClib/XMC_Peripheral_Library_v2.1.16/XMCLib/inc/xmc_gpio.h ****  * configured during initialization in XMC_GPIO_Init(). Call this API to alter output level as need
 219:/opt/XMClib/XMC_Peripheral_Library_v2.1.16/XMCLib/inc/xmc_gpio.h ****  *
 220:/opt/XMClib/XMC_Peripheral_Library_v2.1.16/XMCLib/inc/xmc_gpio.h ****  * \par<b>Related APIs:</b><BR>
 221:/opt/XMClib/XMC_Peripheral_Library_v2.1.16/XMCLib/inc/xmc_gpio.h ****  *  XMC_GPIO_SetOutputHigh(), XMC_GPIO_SetOutputLow().
 222:/opt/XMClib/XMC_Peripheral_Library_v2.1.16/XMCLib/inc/xmc_gpio.h ****  *
 223:/opt/XMClib/XMC_Peripheral_Library_v2.1.16/XMCLib/inc/xmc_gpio.h ****  * \par<b>Note:</b><br>
 224:/opt/XMClib/XMC_Peripheral_Library_v2.1.16/XMCLib/inc/xmc_gpio.h ****  * Prior to this api, user has to configure port pin to output mode using XMC_GPIO_SetMode().
 225:/opt/XMClib/XMC_Peripheral_Library_v2.1.16/XMCLib/inc/xmc_gpio.h ****  *
 226:/opt/XMClib/XMC_Peripheral_Library_v2.1.16/XMCLib/inc/xmc_gpio.h ****  */
 227:/opt/XMClib/XMC_Peripheral_Library_v2.1.16/XMCLib/inc/xmc_gpio.h **** 
 228:/opt/XMClib/XMC_Peripheral_Library_v2.1.16/XMCLib/inc/xmc_gpio.h **** 
 229:/opt/XMClib/XMC_Peripheral_Library_v2.1.16/XMCLib/inc/xmc_gpio.h **** __STATIC_INLINE void XMC_GPIO_SetOutputLevel(XMC_GPIO_PORT_t *const port, const uint8_t pin, const 
 230:/opt/XMClib/XMC_Peripheral_Library_v2.1.16/XMCLib/inc/xmc_gpio.h **** {
 231:/opt/XMClib/XMC_Peripheral_Library_v2.1.16/XMCLib/inc/xmc_gpio.h ****   XMC_ASSERT("XMC_GPIO_SetOutputLevel: Invalid port", XMC_GPIO_CHECK_OUTPUT_PORT(port));
 232:/opt/XMClib/XMC_Peripheral_Library_v2.1.16/XMCLib/inc/xmc_gpio.h ****   XMC_ASSERT("XMC_GPIO_SetOutputLevel: Invalid output level", XMC_GPIO_CHECK_OUTPUT_LEVEL(level));
 233:/opt/XMClib/XMC_Peripheral_Library_v2.1.16/XMCLib/inc/xmc_gpio.h ****   
 234:/opt/XMClib/XMC_Peripheral_Library_v2.1.16/XMCLib/inc/xmc_gpio.h ****   port->OMR = (uint32_t)level << pin;
 235:/opt/XMClib/XMC_Peripheral_Library_v2.1.16/XMCLib/inc/xmc_gpio.h **** }
 236:/opt/XMClib/XMC_Peripheral_Library_v2.1.16/XMCLib/inc/xmc_gpio.h **** 
 237:/opt/XMClib/XMC_Peripheral_Library_v2.1.16/XMCLib/inc/xmc_gpio.h **** 
 238:/opt/XMClib/XMC_Peripheral_Library_v2.1.16/XMCLib/inc/xmc_gpio.h **** /**
 239:/opt/XMClib/XMC_Peripheral_Library_v2.1.16/XMCLib/inc/xmc_gpio.h ****  * @param  port constant pointer pointing to GPIO port, to access hardware register Pn_OMR.
 240:/opt/XMClib/XMC_Peripheral_Library_v2.1.16/XMCLib/inc/xmc_gpio.h ****  * @param  pin	Port pin number.
 241:/opt/XMClib/XMC_Peripheral_Library_v2.1.16/XMCLib/inc/xmc_gpio.h ****  *
 242:/opt/XMClib/XMC_Peripheral_Library_v2.1.16/XMCLib/inc/xmc_gpio.h ****  * @return None
 243:/opt/XMClib/XMC_Peripheral_Library_v2.1.16/XMCLib/inc/xmc_gpio.h ****  *
 244:/opt/XMClib/XMC_Peripheral_Library_v2.1.16/XMCLib/inc/xmc_gpio.h ****  * \par<b>Description:</b><br>
 245:/opt/XMClib/XMC_Peripheral_Library_v2.1.16/XMCLib/inc/xmc_gpio.h ****  *  Sets port pin output to high. It configures hardware registers Pn_OMR.
 246:/opt/XMClib/XMC_Peripheral_Library_v2.1.16/XMCLib/inc/xmc_gpio.h ****  *
 247:/opt/XMClib/XMC_Peripheral_Library_v2.1.16/XMCLib/inc/xmc_gpio.h ****  *  \par<b>Related APIs:</b><BR>
 248:/opt/XMClib/XMC_Peripheral_Library_v2.1.16/XMCLib/inc/xmc_gpio.h ****  *  XMC_GPIO_SetOutputLow()
 249:/opt/XMClib/XMC_Peripheral_Library_v2.1.16/XMCLib/inc/xmc_gpio.h ****  *
 250:/opt/XMClib/XMC_Peripheral_Library_v2.1.16/XMCLib/inc/xmc_gpio.h ****  * \par<b>Note:</b><br>
 251:/opt/XMClib/XMC_Peripheral_Library_v2.1.16/XMCLib/inc/xmc_gpio.h ****  * Prior to this api, user has to configure port pin to output mode using XMC_GPIO_SetMode().\n
 252:/opt/XMClib/XMC_Peripheral_Library_v2.1.16/XMCLib/inc/xmc_gpio.h ****  * Register Pn_OMR is virtual and does not contain any flip-flop. A read action delivers the value 
 253:/opt/XMClib/XMC_Peripheral_Library_v2.1.16/XMCLib/inc/xmc_gpio.h ****  *
 254:/opt/XMClib/XMC_Peripheral_Library_v2.1.16/XMCLib/inc/xmc_gpio.h ****  */
 255:/opt/XMClib/XMC_Peripheral_Library_v2.1.16/XMCLib/inc/xmc_gpio.h **** 
 256:/opt/XMClib/XMC_Peripheral_Library_v2.1.16/XMCLib/inc/xmc_gpio.h **** __STATIC_INLINE void XMC_GPIO_SetOutputHigh(XMC_GPIO_PORT_t *const port, const uint8_t pin)
 257:/opt/XMClib/XMC_Peripheral_Library_v2.1.16/XMCLib/inc/xmc_gpio.h **** {
 189              		.loc 3 257 1
 190              		.cfi_startproc
 191              		@ args = 0, pretend = 0, frame = 8
 192              		@ frame_needed = 1, uses_anonymous_args = 0
 193              		@ link register save eliminated.
 194 0000 80B4     		push	{r7}
 195              	.LCFI11:
 196              		.cfi_def_cfa_offset 4
 197              		.cfi_offset 7, -4
 198 0002 83B0     		sub	sp, sp, #12
 199              	.LCFI12:
 200              		.cfi_def_cfa_offset 16
 201 0004 00AF     		add	r7, sp, #0
 202              	.LCFI13:
 203              		.cfi_def_cfa_register 7
 204 0006 7860     		str	r0, [r7, #4]
 205 0008 0B46     		mov	r3, r1
 206 000a FB70     		strb	r3, [r7, #3]
 258:/opt/XMClib/XMC_Peripheral_Library_v2.1.16/XMCLib/inc/xmc_gpio.h ****   XMC_ASSERT("XMC_GPIO_SetOutputHigh: Invalid port", XMC_GPIO_CHECK_OUTPUT_PORT(port));
 259:/opt/XMClib/XMC_Peripheral_Library_v2.1.16/XMCLib/inc/xmc_gpio.h **** 
 260:/opt/XMClib/XMC_Peripheral_Library_v2.1.16/XMCLib/inc/xmc_gpio.h ****   port->OMR = (uint32_t)0x1U << pin;
 207              		.loc 3 260 30
 208 000c FB78     		ldrb	r3, [r7, #3]	@ zero_extendqisi2
 209 000e 0122     		movs	r2, #1
 210 0010 9A40     		lsls	r2, r2, r3
 211              		.loc 3 260 13
 212 0012 7B68     		ldr	r3, [r7, #4]
 213 0014 5A60     		str	r2, [r3, #4]
 261:/opt/XMClib/XMC_Peripheral_Library_v2.1.16/XMCLib/inc/xmc_gpio.h **** }
 214              		.loc 3 261 1
 215 0016 00BF     		nop
 216 0018 0C37     		adds	r7, r7, #12
 217              	.LCFI14:
 218              		.cfi_def_cfa_offset 4
 219 001a BD46     		mov	sp, r7
 220              	.LCFI15:
 221              		.cfi_def_cfa_register 13
 222              		@ sp needed
 223 001c 5DF8047B 		ldr	r7, [sp], #4
 224              	.LCFI16:
 225              		.cfi_restore 7
 226              		.cfi_def_cfa_offset 0
 227 0020 7047     		bx	lr
 228              		.cfi_endproc
 229              	.LFE130:
 231              		.section	.text.XMC_GPIO_SetOutputLow,"ax",%progbits
 232              		.align	1
 233              		.syntax unified
 234              		.thumb
 235              		.thumb_func
 237              	XMC_GPIO_SetOutputLow:
 238              	.LFB131:
 262:/opt/XMClib/XMC_Peripheral_Library_v2.1.16/XMCLib/inc/xmc_gpio.h **** 
 263:/opt/XMClib/XMC_Peripheral_Library_v2.1.16/XMCLib/inc/xmc_gpio.h **** /**
 264:/opt/XMClib/XMC_Peripheral_Library_v2.1.16/XMCLib/inc/xmc_gpio.h ****  *
 265:/opt/XMClib/XMC_Peripheral_Library_v2.1.16/XMCLib/inc/xmc_gpio.h ****  * @param  port	constant pointer pointing to GPIO port, to access hardware register Pn_OMR.
 266:/opt/XMClib/XMC_Peripheral_Library_v2.1.16/XMCLib/inc/xmc_gpio.h ****  * @param  pin	port pin number.
 267:/opt/XMClib/XMC_Peripheral_Library_v2.1.16/XMCLib/inc/xmc_gpio.h ****  *
 268:/opt/XMClib/XMC_Peripheral_Library_v2.1.16/XMCLib/inc/xmc_gpio.h ****  * @return  None
 269:/opt/XMClib/XMC_Peripheral_Library_v2.1.16/XMCLib/inc/xmc_gpio.h ****  *
 270:/opt/XMClib/XMC_Peripheral_Library_v2.1.16/XMCLib/inc/xmc_gpio.h ****  *\par<b>Description:</b><br>
 271:/opt/XMClib/XMC_Peripheral_Library_v2.1.16/XMCLib/inc/xmc_gpio.h ****  * Sets port pin output to low. It configures hardware registers Pn_OMR.\n
 272:/opt/XMClib/XMC_Peripheral_Library_v2.1.16/XMCLib/inc/xmc_gpio.h ****  *
 273:/opt/XMClib/XMC_Peripheral_Library_v2.1.16/XMCLib/inc/xmc_gpio.h ****  * \par<b>Related APIs:</b><BR>>
 274:/opt/XMClib/XMC_Peripheral_Library_v2.1.16/XMCLib/inc/xmc_gpio.h ****  * XMC_GPIO_SetOutputHigh()
 275:/opt/XMClib/XMC_Peripheral_Library_v2.1.16/XMCLib/inc/xmc_gpio.h ****  *
 276:/opt/XMClib/XMC_Peripheral_Library_v2.1.16/XMCLib/inc/xmc_gpio.h ****  *\par<b>Note:</b><br>
 277:/opt/XMClib/XMC_Peripheral_Library_v2.1.16/XMCLib/inc/xmc_gpio.h ****  * Prior to this api, user has to configure port pin to output mode using XMC_GPIO_SetMode().
 278:/opt/XMClib/XMC_Peripheral_Library_v2.1.16/XMCLib/inc/xmc_gpio.h ****  * Register Pn_OMR is virtual and does not contain any flip-flop. A read action delivers the value 
 279:/opt/XMClib/XMC_Peripheral_Library_v2.1.16/XMCLib/inc/xmc_gpio.h ****  *
 280:/opt/XMClib/XMC_Peripheral_Library_v2.1.16/XMCLib/inc/xmc_gpio.h ****  */
 281:/opt/XMClib/XMC_Peripheral_Library_v2.1.16/XMCLib/inc/xmc_gpio.h **** 
 282:/opt/XMClib/XMC_Peripheral_Library_v2.1.16/XMCLib/inc/xmc_gpio.h **** __STATIC_INLINE void XMC_GPIO_SetOutputLow(XMC_GPIO_PORT_t *const port, const uint8_t pin)
 283:/opt/XMClib/XMC_Peripheral_Library_v2.1.16/XMCLib/inc/xmc_gpio.h **** {
 239              		.loc 3 283 1
 240              		.cfi_startproc
 241              		@ args = 0, pretend = 0, frame = 8
 242              		@ frame_needed = 1, uses_anonymous_args = 0
 243              		@ link register save eliminated.
 244 0000 80B4     		push	{r7}
 245              	.LCFI17:
 246              		.cfi_def_cfa_offset 4
 247              		.cfi_offset 7, -4
 248 0002 83B0     		sub	sp, sp, #12
 249              	.LCFI18:
 250              		.cfi_def_cfa_offset 16
 251 0004 00AF     		add	r7, sp, #0
 252              	.LCFI19:
 253              		.cfi_def_cfa_register 7
 254 0006 7860     		str	r0, [r7, #4]
 255 0008 0B46     		mov	r3, r1
 256 000a FB70     		strb	r3, [r7, #3]
 284:/opt/XMClib/XMC_Peripheral_Library_v2.1.16/XMCLib/inc/xmc_gpio.h ****   XMC_ASSERT("XMC_GPIO_SetOutputLow: Invalid port", XMC_GPIO_CHECK_OUTPUT_PORT(port));
 285:/opt/XMClib/XMC_Peripheral_Library_v2.1.16/XMCLib/inc/xmc_gpio.h **** 
 286:/opt/XMClib/XMC_Peripheral_Library_v2.1.16/XMCLib/inc/xmc_gpio.h ****   port->OMR = 0x10000U << pin;
 257              		.loc 3 286 24
 258 000c FB78     		ldrb	r3, [r7, #3]	@ zero_extendqisi2
 259 000e 4FF48032 		mov	r2, #65536
 260 0012 9A40     		lsls	r2, r2, r3
 261              		.loc 3 286 13
 262 0014 7B68     		ldr	r3, [r7, #4]
 263 0016 5A60     		str	r2, [r3, #4]
 287:/opt/XMClib/XMC_Peripheral_Library_v2.1.16/XMCLib/inc/xmc_gpio.h **** }
 264              		.loc 3 287 1
 265 0018 00BF     		nop
 266 001a 0C37     		adds	r7, r7, #12
 267              	.LCFI20:
 268              		.cfi_def_cfa_offset 4
 269 001c BD46     		mov	sp, r7
 270              	.LCFI21:
 271              		.cfi_def_cfa_register 13
 272              		@ sp needed
 273 001e 5DF8047B 		ldr	r7, [sp], #4
 274              	.LCFI22:
 275              		.cfi_restore 7
 276              		.cfi_def_cfa_offset 0
 277 0022 7047     		bx	lr
 278              		.cfi_endproc
 279              	.LFE131:
 281              		.global	i
 282              		.bss
 283              		.align	2
 286              	i:
 287 0000 00000000 		.space	4
 288              		.global	msg
 289              		.data
 290              		.align	2
 293              	msg:
 294 0000 04050607 		.ascii	"\004\005\006\007\010\011\012\013\014\015\016\017\020"
 294      08090A0B 
 294      0C0D0E0F 
 294      10
 295 000d 11121314 		.ascii	"\021\022\023\024\025\026\027\030\031\032\033\035\034"
 295      15161718 
 295      191A1B1D 
 295      1C
 296 001a 04050607 		.ascii	"\004\005\006\007\010\011\012\013\014\015\016\017\020"
 296      08090A0B 
 296      0C0D0E0F 
 296      10
 297 0027 11121314 		.ascii	"\021\022\023\024\025\026\027\030\031\032\033\035\034"
 297      15161718 
 297      191A1B1D 
 297      1C
 298 0034 1E1F2021 		.ascii	"\036\037 !\"#$%&'\036%&880'06767dd%&$'$-#!,(\000"
 298      22232425 
 298      26271E25 
 298      26383830 
 298      27303637 
 299 0057 000000   		.space	3
 300              		.global	string2send
 301 005a 0000     		.align	2
 304              	string2send:
 305 005c 0F2800   		.ascii	"\017(\000"
 306 005f 00000000 		.space	27
 306      00000000 
 306      00000000 
 306      00000000 
 306      00000000 
 307              		.global	maxtime
 308              		.bss
 309              		.align	2
 312              	maxtime:
 313 0004 00000000 		.space	4
 314              		.global	solution_array
 315              		.align	2
 318              	solution_array:
 319 0008 00000000 		.space	100
 319      00000000 
 319      00000000 
 319      00000000 
 319      00000000 
 320              		.global	global_string_to_send
 321              		.align	2
 324              	global_string_to_send:
 325 006c 00000000 		.space	4
 326              		.global	global_string_len
 327              		.data
 330              	global_string_len:
 331 007a A8       		.byte	-88
 332              		.global	global_index
 333              		.bss
 336              	global_index:
 337 0070 00       		.space	1
 338              		.global	led_toggle_distance
 339 0071 000000   		.align	2
 342              	led_toggle_distance:
 343 0074 00000000 		.space	4
 344              		.align	2
 345              	last_led_tick:
 346 0078 00000000 		.space	4
 348              		.global	public_distance
 349              		.align	2
 352              	public_distance:
 353 007c 00000000 		.space	4
 354              		.global	msTicks
 355              		.align	2
 358              	msTicks:
 359 0080 00000000 		.space	4
 360              		.section	.text.SysTick_Handler,"ax",%progbits
 361              		.align	1
 362              		.global	SysTick_Handler
 363              		.syntax unified
 364              		.thumb
 365              		.thumb_func
 367              	SysTick_Handler:
 368              	.LFB203:
   1:main.c        **** 
   2:main.c        **** #include "KeyboardHID.h"
   3:main.c        **** #include "german_keyboardCodes.h"
   4:main.c        **** 
   5:main.c        **** /* Macros: */
   6:main.c        **** #define LED1 P1_1
   7:main.c        **** #define LED2 P1_0
   8:main.c        **** #define MAX_MSG_BUFFER 500 // Define the physical limit of your array
   9:main.c        **** 
  10:main.c        **** int i = 0;
  11:main.c        **** uint8_t msg[90] = {
  12:main.c        ****     GERMAN_KEYBOARD_SC_A,
  13:main.c        ****     GERMAN_KEYBOARD_SC_B,
  14:main.c        ****     GERMAN_KEYBOARD_SC_C,
  15:main.c        ****     GERMAN_KEYBOARD_SC_D,
  16:main.c        ****     GERMAN_KEYBOARD_SC_E,
  17:main.c        ****     GERMAN_KEYBOARD_SC_F,
  18:main.c        ****     GERMAN_KEYBOARD_SC_G,
  19:main.c        ****     GERMAN_KEYBOARD_SC_H,
  20:main.c        ****     GERMAN_KEYBOARD_SC_I,
  21:main.c        ****     GERMAN_KEYBOARD_SC_J,
  22:main.c        ****     GERMAN_KEYBOARD_SC_K,
  23:main.c        ****     GERMAN_KEYBOARD_SC_L,
  24:main.c        ****     GERMAN_KEYBOARD_SC_M,
  25:main.c        ****     GERMAN_KEYBOARD_SC_N,
  26:main.c        ****     GERMAN_KEYBOARD_SC_O,
  27:main.c        ****     GERMAN_KEYBOARD_SC_P,
  28:main.c        ****     GERMAN_KEYBOARD_SC_Q,
  29:main.c        ****     GERMAN_KEYBOARD_SC_R,
  30:main.c        ****     GERMAN_KEYBOARD_SC_S,
  31:main.c        ****     GERMAN_KEYBOARD_SC_T,
  32:main.c        ****     GERMAN_KEYBOARD_SC_U,
  33:main.c        ****     GERMAN_KEYBOARD_SC_V,
  34:main.c        ****     GERMAN_KEYBOARD_SC_W,
  35:main.c        ****     GERMAN_KEYBOARD_SC_X,
  36:main.c        ****     GERMAN_KEYBOARD_SC_Y,
  37:main.c        ****     GERMAN_KEYBOARD_SC_Z,
  38:main.c        ****     GERMAN_KEYBOARD_SC_A,
  39:main.c        ****     GERMAN_KEYBOARD_SC_B,
  40:main.c        ****     GERMAN_KEYBOARD_SC_C,
  41:main.c        ****     GERMAN_KEYBOARD_SC_D,
  42:main.c        ****     GERMAN_KEYBOARD_SC_E,
  43:main.c        ****     GERMAN_KEYBOARD_SC_F,
  44:main.c        ****     GERMAN_KEYBOARD_SC_G,
  45:main.c        ****     GERMAN_KEYBOARD_SC_H,
  46:main.c        ****     GERMAN_KEYBOARD_SC_I,
  47:main.c        ****     GERMAN_KEYBOARD_SC_J,
  48:main.c        ****     GERMAN_KEYBOARD_SC_K,
  49:main.c        ****     GERMAN_KEYBOARD_SC_L,
  50:main.c        ****     GERMAN_KEYBOARD_SC_M,
  51:main.c        ****     GERMAN_KEYBOARD_SC_N,
  52:main.c        ****     GERMAN_KEYBOARD_SC_O,
  53:main.c        ****     GERMAN_KEYBOARD_SC_P,
  54:main.c        ****     GERMAN_KEYBOARD_SC_Q,
  55:main.c        ****     GERMAN_KEYBOARD_SC_R,
  56:main.c        ****     GERMAN_KEYBOARD_SC_S,
  57:main.c        ****     GERMAN_KEYBOARD_SC_T,
  58:main.c        ****     GERMAN_KEYBOARD_SC_U,
  59:main.c        ****     GERMAN_KEYBOARD_SC_V,
  60:main.c        ****     GERMAN_KEYBOARD_SC_W,
  61:main.c        ****     GERMAN_KEYBOARD_SC_X,
  62:main.c        ****     GERMAN_KEYBOARD_SC_Y,
  63:main.c        ****     GERMAN_KEYBOARD_SC_Z,
  64:main.c        ****     GERMAN_KEYBOARD_SC_1_AND_EXCLAMATION,
  65:main.c        ****     GERMAN_KEYBOARD_SC_2_AND_QUOTES,
  66:main.c        ****     GERMAN_KEYBOARD_SC_3_AND_PARAGRAPH,
  67:main.c        ****     GERMAN_KEYBOARD_SC_4_AND_DOLLAR,
  68:main.c        ****     GERMAN_KEYBOARD_SC_5_AND_PERCENTAGE,
  69:main.c        ****     GERMAN_KEYBOARD_SC_6_AND_AMPERSAND,
  70:main.c        ****     GERMAN_KEYBOARD_SC_7_AND_SLASH_AND_OPENING_BRACE,
  71:main.c        ****     GERMAN_KEYBOARD_SC_8_AND_OPENING_PARENTHESIS_AND_OPENING_BRACKET,
  72:main.c        ****     GERMAN_KEYBOARD_SC_9_AND_CLOSING_PARENTHESIS_AND_CLOSING_BRACKET,
  73:main.c        ****     GERMAN_KEYBOARD_SC_0_AND_EQUAL_AND_CLOSING_BRACE,
  74:main.c        ****     GERMAN_KEYBOARD_SC_1_AND_EXCLAMATION, // !
  75:main.c        ****     GERMAN_KEYBOARD_SC_8_AND_OPENING_PARENTHESIS_AND_OPENING_BRACKET, // (
  76:main.c        ****     GERMAN_KEYBOARD_SC_9_AND_CLOSING_PARENTHESIS_AND_CLOSING_BRACKET, // )
  77:main.c        ****     GERMAN_KEYBOARD_SC_MINUS_AND_UNDERSCORE, // -
  78:main.c        ****     GERMAN_KEYBOARD_SC_MINUS_AND_UNDERSCORE, // _
  79:main.c        ****     GERMAN_KEYBOARD_SC_PLUS_AND_ASTERISK_AND_TILDE, // +
  80:main.c        ****     GERMAN_KEYBOARD_SC_0_AND_EQUAL_AND_CLOSING_BRACE, // =
  81:main.c        ****     GERMAN_KEYBOARD_SC_PLUS_AND_ASTERISK_AND_TILDE, // ~
  82:main.c        ****     GERMAN_KEYBOARD_SC_COMMA_AND_SEMICOLON, // ;
  83:main.c        ****     GERMAN_KEYBOARD_SC_DOT_AND_COLON, // :
  84:main.c        ****     GERMAN_KEYBOARD_SC_COMMA_AND_SEMICOLON, // ,
  85:main.c        ****     GERMAN_KEYBOARD_SC_DOT_AND_COLON, // .
  86:main.c        ****     GERMAN_KEYBOARD_SC_LESS_THAN_AND_GREATER_THAN_AND_PIPE, // <
  87:main.c        ****     GERMAN_KEYBOARD_SC_LESS_THAN_AND_GREATER_THAN_AND_PIPE, // >
  88:main.c        ****     GERMAN_KEYBOARD_SC_8_AND_OPENING_PARENTHESIS_AND_OPENING_BRACKET, // [
  89:main.c        ****     GERMAN_KEYBOARD_SC_9_AND_CLOSING_PARENTHESIS_AND_CLOSING_BRACKET, // ]
  90:main.c        ****     GERMAN_KEYBOARD_SC_7_AND_SLASH_AND_OPENING_BRACE, // {
  91:main.c        ****     GERMAN_KEYBOARD_SC_0_AND_EQUAL_AND_CLOSING_BRACE, // }
  92:main.c        ****     GERMAN_KEYBOARD_SC_7_AND_SLASH_AND_OPENING_BRACE, // /
  93:main.c        ****     GERMAN_KEYBOARD_SC_SHARP_S_AND_QUESTION_AND_BACKSLASH, // ?
  94:main.c        ****     GERMAN_KEYBOARD_SC_6_AND_AMPERSAND, // &
  95:main.c        ****     GERMAN_KEYBOARD_SC_4_AND_DOLLAR, // $
  96:main.c        ****     GERMAN_KEYBOARD_SC_SPACE,
  97:main.c        ****     GERMAN_KEYBOARD_SC_ENTER
  98:main.c        **** };
  99:main.c        **** 
 100:main.c        **** 
 101:main.c        **** uint8_t string2send[30] = {GERMAN_KEYBOARD_SC_L, GERMAN_KEYBOARD_SC_ENTER};
 102:main.c        **** int maxtime = 0;
 103:main.c        **** uint8_t solution_array[100] = {0};
 104:main.c        **** // Global variables
 105:main.c        **** uint8_t* global_string_to_send = NULL;
 106:main.c        **** uint8_t  global_string_len = 168;
 107:main.c        **** volatile uint8_t global_index = 0; // Reset this to 0 to start typing
 108:main.c        **** 
 109:main.c        **** 
 110:main.c        **** volatile uint32_t led_toggle_distance = 0; // The public distance value
 111:main.c        **** static uint32_t last_led_tick = 0;         // Helper to remember the previous time
 112:main.c        **** volatile uint32_t public_distance = 0; // Accessible everywhere
 113:main.c        **** 
 114:main.c        **** volatile uint32_t msTicks = 0;
 115:main.c        **** 
 116:main.c        **** void SysTick_Handler(void) {
 369              		.loc 1 116 28
 370              		.cfi_startproc
 371              		@ args = 0, pretend = 0, frame = 0
 372              		@ frame_needed = 1, uses_anonymous_args = 0
 373              		@ link register save eliminated.
 374 0000 80B4     		push	{r7}
 375              	.LCFI23:
 376              		.cfi_def_cfa_offset 4
 377              		.cfi_offset 7, -4
 378 0002 00AF     		add	r7, sp, #0
 379              	.LCFI24:
 380              		.cfi_def_cfa_register 7
 117:main.c        ****     msTicks++;
 381              		.loc 1 117 12
 382 0004 044B     		ldr	r3, .L15
 383 0006 1B68     		ldr	r3, [r3]
 384 0008 0133     		adds	r3, r3, #1
 385 000a 034A     		ldr	r2, .L15
 386 000c 1360     		str	r3, [r2]
 118:main.c        **** }
 387              		.loc 1 118 1
 388 000e 00BF     		nop
 389 0010 BD46     		mov	sp, r7
 390              	.LCFI25:
 391              		.cfi_def_cfa_register 13
 392              		@ sp needed
 393 0012 5DF8047B 		ldr	r7, [sp], #4
 394              	.LCFI26:
 395              		.cfi_restore 7
 396              		.cfi_def_cfa_offset 0
 397 0016 7047     		bx	lr
 398              	.L16:
 399              		.align	2
 400              	.L15:
 401 0018 00000000 		.word	msTicks
 402              		.cfi_endproc
 403              	.LFE203:
 405              		.section	.text.GetTick,"ax",%progbits
 406              		.align	1
 407              		.global	GetTick
 408              		.syntax unified
 409              		.thumb
 410              		.thumb_func
 412              	GetTick:
 413              	.LFB204:
 119:main.c        **** 
 120:main.c        **** // Helper to get current time
 121:main.c        **** uint32_t GetTick(void) {
 414              		.loc 1 121 24
 415              		.cfi_startproc
 416              		@ args = 0, pretend = 0, frame = 0
 417              		@ frame_needed = 1, uses_anonymous_args = 0
 418              		@ link register save eliminated.
 419 0000 80B4     		push	{r7}
 420              	.LCFI27:
 421              		.cfi_def_cfa_offset 4
 422              		.cfi_offset 7, -4
 423 0002 00AF     		add	r7, sp, #0
 424              	.LCFI28:
 425              		.cfi_def_cfa_register 7
 122:main.c        ****     return msTicks;
 426              		.loc 1 122 12
 427 0004 034B     		ldr	r3, .L19
 428 0006 1B68     		ldr	r3, [r3]
 123:main.c        **** }
 429              		.loc 1 123 1
 430 0008 1846     		mov	r0, r3
 431 000a BD46     		mov	sp, r7
 432              	.LCFI29:
 433              		.cfi_def_cfa_register 13
 434              		@ sp needed
 435 000c 5DF8047B 		ldr	r7, [sp], #4
 436              	.LCFI30:
 437              		.cfi_restore 7
 438              		.cfi_def_cfa_offset 0
 439 0010 7047     		bx	lr
 440              	.L20:
 441 0012 00BF     		.align	2
 442              	.L19:
 443 0014 00000000 		.word	msTicks
 444              		.cfi_endproc
 445              	.LFE204:
 447              		.global	string2sendlen
 448              		.data
 449 007b 00       		.align	2
 452              	string2sendlen:
 453 007c 02000000 		.word	2
 454              		.section	.text.insert,"ax",%progbits
 455              		.align	1
 456              		.global	insert
 457              		.syntax unified
 458              		.thumb
 459              		.thumb_func
 461              	insert:
 462              	.LFB205:
 124:main.c        **** 
 125:main.c        **** int string2sendlen = 2;
 126:main.c        **** void insert(uint8_t arr[], uint8_t	*n, int pos, uint8_t val) {
 463              		.loc 1 126 62
 464              		.cfi_startproc
 465              		@ args = 0, pretend = 0, frame = 24
 466              		@ frame_needed = 1, uses_anonymous_args = 0
 467              		@ link register save eliminated.
 468 0000 80B4     		push	{r7}
 469              	.LCFI31:
 470              		.cfi_def_cfa_offset 4
 471              		.cfi_offset 7, -4
 472 0002 87B0     		sub	sp, sp, #28
 473              	.LCFI32:
 474              		.cfi_def_cfa_offset 32
 475 0004 00AF     		add	r7, sp, #0
 476              	.LCFI33:
 477              		.cfi_def_cfa_register 7
 478 0006 F860     		str	r0, [r7, #12]
 479 0008 B960     		str	r1, [r7, #8]
 480 000a 7A60     		str	r2, [r7, #4]
 481 000c FB70     		strb	r3, [r7, #3]
 482              	.LBB2:
 127:main.c        ****   
 128:main.c        ****     // Shift elements to the right
 129:main.c        ****     for (int i = *n; i > pos; i--)
 483              		.loc 1 129 18
 484 000e BB68     		ldr	r3, [r7, #8]
 485 0010 1B78     		ldrb	r3, [r3]	@ zero_extendqisi2
 486              		.loc 1 129 14
 487 0012 7B61     		str	r3, [r7, #20]
 488              		.loc 1 129 5
 489 0014 0BE0     		b	.L22
 490              	.L23:
 130:main.c        ****         arr[i] = arr[i - 1];
 491              		.loc 1 130 21
 492 0016 7B69     		ldr	r3, [r7, #20]
 493 0018 013B     		subs	r3, r3, #1
 494 001a FA68     		ldr	r2, [r7, #12]
 495 001c 1A44     		add	r2, r2, r3
 496              		.loc 1 130 12
 497 001e 7B69     		ldr	r3, [r7, #20]
 498 0020 F968     		ldr	r1, [r7, #12]
 499 0022 0B44     		add	r3, r3, r1
 500              		.loc 1 130 21
 501 0024 1278     		ldrb	r2, [r2]	@ zero_extendqisi2
 502              		.loc 1 130 16
 503 0026 1A70     		strb	r2, [r3]
 129:main.c        ****         arr[i] = arr[i - 1];
 504              		.loc 1 129 32 discriminator 3
 505 0028 7B69     		ldr	r3, [r7, #20]
 506 002a 013B     		subs	r3, r3, #1
 507 002c 7B61     		str	r3, [r7, #20]
 508              	.L22:
 129:main.c        ****         arr[i] = arr[i - 1];
 509              		.loc 1 129 24 discriminator 1
 510 002e 7A69     		ldr	r2, [r7, #20]
 511 0030 7B68     		ldr	r3, [r7, #4]
 512 0032 9A42     		cmp	r2, r3
 513 0034 EFDC     		bgt	.L23
 514              	.LBE2:
 131:main.c        **** 
 132:main.c        ****     // Insert val at the specified position
 133:main.c        ****     arr[pos] = val;
 515              		.loc 1 133 8
 516 0036 7B68     		ldr	r3, [r7, #4]
 517 0038 FA68     		ldr	r2, [r7, #12]
 518 003a 1344     		add	r3, r3, r2
 519              		.loc 1 133 14
 520 003c FA78     		ldrb	r2, [r7, #3]
 521 003e 1A70     		strb	r2, [r3]
 134:main.c        **** 
 135:main.c        ****     // Increase the current size
 136:main.c        ****     (*n)++;
 522              		.loc 1 136 6
 523 0040 BB68     		ldr	r3, [r7, #8]
 524 0042 1B78     		ldrb	r3, [r3]	@ zero_extendqisi2
 525              		.loc 1 136 9
 526 0044 0133     		adds	r3, r3, #1
 527 0046 DAB2     		uxtb	r2, r3
 528 0048 BB68     		ldr	r3, [r7, #8]
 529 004a 1A70     		strb	r2, [r3]
 137:main.c        **** }
 530              		.loc 1 137 1
 531 004c 00BF     		nop
 532 004e 1C37     		adds	r7, r7, #28
 533              	.LCFI34:
 534              		.cfi_def_cfa_offset 4
 535 0050 BD46     		mov	sp, r7
 536              	.LCFI35:
 537              		.cfi_def_cfa_register 13
 538              		@ sp needed
 539 0052 5DF8047B 		ldr	r7, [sp], #4
 540              	.LCFI36:
 541              		.cfi_restore 7
 542              		.cfi_def_cfa_offset 0
 543 0056 7047     		bx	lr
 544              		.cfi_endproc
 545              	.LFE205:
 547              		.section	.text.MeasureLedToggleDistance,"ax",%progbits
 548              		.align	1
 549              		.global	MeasureLedToggleDistance
 550              		.syntax unified
 551              		.thumb
 552              		.thumb_func
 554              	MeasureLedToggleDistance:
 555              	.LFB206:
 138:main.c        **** 
 139:main.c        **** void MeasureLedToggleDistance(void) {
 556              		.loc 1 139 37
 557              		.cfi_startproc
 558              		@ args = 0, pretend = 0, frame = 8
 559              		@ frame_needed = 1, uses_anonymous_args = 0
 560 0000 80B5     		push	{r7, lr}
 561              	.LCFI37:
 562              		.cfi_def_cfa_offset 8
 563              		.cfi_offset 7, -8
 564              		.cfi_offset 14, -4
 565 0002 82B0     		sub	sp, sp, #8
 566              	.LCFI38:
 567              		.cfi_def_cfa_offset 16
 568 0004 00AF     		add	r7, sp, #0
 569              	.LCFI39:
 570              		.cfi_def_cfa_register 7
 140:main.c        ****     static uint32_t lastTick = 0;
 141:main.c        ****     uint32_t currentTick = GetTick();
 571              		.loc 1 141 28
 572 0006 FFF7FEFF 		bl	GetTick
 573 000a 7860     		str	r0, [r7, #4]
 142:main.c        **** 
 143:main.c        ****     if (lastTick != 0) {
 574              		.loc 1 143 18
 575 000c 114B     		ldr	r3, .L28
 576 000e 1B68     		ldr	r3, [r3]
 577              		.loc 1 143 8
 578 0010 002B     		cmp	r3, #0
 579 0012 1BD0     		beq	.L27
 144:main.c        ****         // Update the public variable
 145:main.c        ****         public_distance = currentTick - lastTick; 
 580              		.loc 1 145 39
 581 0014 0F4B     		ldr	r3, .L28
 582 0016 1B68     		ldr	r3, [r3]
 583 0018 7A68     		ldr	r2, [r7, #4]
 584 001a D31A     		subs	r3, r2, r3
 585              		.loc 1 145 25
 586 001c 0E4A     		ldr	r2, .L28+4
 587 001e 1360     		str	r3, [r2]
 146:main.c        ****         if (public_distance > maxtime) {
 588              		.loc 1 146 29
 589 0020 0D4B     		ldr	r3, .L28+4
 590 0022 1B68     		ldr	r3, [r3]
 591 0024 0D4A     		ldr	r2, .L28+8
 592 0026 1268     		ldr	r2, [r2]
 593              		.loc 1 146 12
 594 0028 9342     		cmp	r3, r2
 595 002a 0CD9     		bls	.L26
 147:main.c        ****             maxtime = public_distance;
 596              		.loc 1 147 21
 597 002c 0A4B     		ldr	r3, .L28+4
 598 002e 1B68     		ldr	r3, [r3]
 599 0030 1A46     		mov	r2, r3
 600 0032 0A4B     		ldr	r3, .L28+8
 601 0034 1A60     		str	r2, [r3]
 148:main.c        ****             solution_array[0]= msg[global_index]; // Store the character that caused the new max ti
 602              		.loc 1 148 35
 603 0036 0A4B     		ldr	r3, .L28+12
 604 0038 1B78     		ldrb	r3, [r3]
 605 003a DBB2     		uxtb	r3, r3
 606 003c 1A46     		mov	r2, r3
 607 003e 094B     		ldr	r3, .L28+16
 608 0040 9A5C     		ldrb	r2, [r3, r2]	@ zero_extendqisi2
 609              		.loc 1 148 30
 610 0042 094B     		ldr	r3, .L28+20
 611 0044 1A70     		strb	r2, [r3]
 612              	.L26:
 149:main.c        ****         }
 150:main.c        ****     lastTick = currentTick; 
 613              		.loc 1 150 14
 614 0046 034A     		ldr	r2, .L28
 615 0048 7B68     		ldr	r3, [r7, #4]
 616 004a 1360     		str	r3, [r2]
 617              	.L27:
 151:main.c        ****     }
 152:main.c        **** }
 618              		.loc 1 152 1
 619 004c 00BF     		nop
 620 004e 0837     		adds	r7, r7, #8
 621              	.LCFI40:
 622              		.cfi_def_cfa_offset 8
 623 0050 BD46     		mov	sp, r7
 624              	.LCFI41:
 625              		.cfi_def_cfa_register 13
 626              		@ sp needed
 627 0052 80BD     		pop	{r7, pc}
 628              	.L29:
 629              		.align	2
 630              	.L28:
 631 0054 94000000 		.word	lastTick.2
 632 0058 00000000 		.word	public_distance
 633 005c 00000000 		.word	maxtime
 634 0060 00000000 		.word	global_index
 635 0064 00000000 		.word	msg
 636 0068 00000000 		.word	solution_array
 637              		.cfi_endproc
 638              	.LFE206:
 640              		.global	string_index
 641              		.bss
 642              		.align	2
 645              	string_index:
 646 0084 00000000 		.space	4
 647              		.global	current_pos
 648              		.align	2
 651              	current_pos:
 652 0088 00000000 		.space	4
 653              		.global	shiftindex
 654              		.align	2
 657              	shiftindex:
 658 008c 00000000 		.space	4
 659              		.global	waiting_for_response
 662              	waiting_for_response:
 663 0090 00       		.space	1
 664              		.section	.text.fsm,"ax",%progbits
 665              		.align	1
 666              		.global	fsm
 667              		.syntax unified
 668              		.thumb
 669              		.thumb_func
 671              	fsm:
 672              	.LFB207:
 153:main.c        **** 
 154:main.c        **** 
 155:main.c        **** int string_index = 0;
 156:main.c        **** int current_pos = 0;
 157:main.c        **** int shiftindex = 0;
 158:main.c        **** bool waiting_for_response = false;
 159:main.c        **** void fsm(void) {
 673              		.loc 1 159 16
 674              		.cfi_startproc
 675              		@ args = 0, pretend = 0, frame = 8
 676              		@ frame_needed = 1, uses_anonymous_args = 0
 677              		@ link register save eliminated.
 678 0000 80B4     		push	{r7}
 679              	.LCFI42:
 680              		.cfi_def_cfa_offset 4
 681              		.cfi_offset 7, -4
 682 0002 83B0     		sub	sp, sp, #12
 683              	.LCFI43:
 684              		.cfi_def_cfa_offset 16
 685 0004 00AF     		add	r7, sp, #0
 686              	.LCFI44:
 687              		.cfi_def_cfa_register 7
 160:main.c        ****     if (global_index >= global_string_len) {
 688              		.loc 1 160 22
 689 0006 234B     		ldr	r3, .L34
 690 0008 1B78     		ldrb	r3, [r3]
 691 000a DAB2     		uxtb	r2, r3
 692 000c 224B     		ldr	r3, .L34+4
 693 000e 1B78     		ldrb	r3, [r3]	@ zero_extendqisi2
 694              		.loc 1 160 8
 695 0010 9A42     		cmp	r2, r3
 696 0012 25D3     		bcc	.L31
 697              	.LBB3:
 161:main.c        ****         
 162:main.c        ****         for (int i = string2sendlen; i > 0; i--) {
 698              		.loc 1 162 18
 699 0014 214B     		ldr	r3, .L34+8
 700 0016 1B68     		ldr	r3, [r3]
 701 0018 7B60     		str	r3, [r7, #4]
 702              		.loc 1 162 9
 703 001a 0BE0     		b	.L32
 704              	.L33:
 163:main.c        ****             // Shift existing elements of string2send array to the right
 164:main.c        ****             string2send[i] = string2send[i - 1];
 705              		.loc 1 164 44
 706 001c 7B68     		ldr	r3, [r7, #4]
 707 001e 013B     		subs	r3, r3, #1
 708              		.loc 1 164 41
 709 0020 1F4A     		ldr	r2, .L34+12
 710 0022 D15C     		ldrb	r1, [r2, r3]	@ zero_extendqisi2
 711              		.loc 1 164 28
 712 0024 1E4A     		ldr	r2, .L34+12
 713 0026 7B68     		ldr	r3, [r7, #4]
 714 0028 1344     		add	r3, r3, r2
 715 002a 0A46     		mov	r2, r1
 716 002c 1A70     		strb	r2, [r3]
 162:main.c        ****             // Shift existing elements of string2send array to the right
 717              		.loc 1 162 46 discriminator 3
 718 002e 7B68     		ldr	r3, [r7, #4]
 719 0030 013B     		subs	r3, r3, #1
 720 0032 7B60     		str	r3, [r7, #4]
 721              	.L32:
 162:main.c        ****             // Shift existing elements of string2send array to the right
 722              		.loc 1 162 40 discriminator 1
 723 0034 7B68     		ldr	r3, [r7, #4]
 724 0036 002B     		cmp	r3, #0
 725 0038 F0DC     		bgt	.L33
 726              	.LBE3:
 165:main.c        ****         }
 166:main.c        ****         
 167:main.c        ****         string2send[string_index] = solution_array[0]; // Insert new character at the start
 727              		.loc 1 167 20
 728 003a 1A4B     		ldr	r3, .L34+16
 729 003c 1B68     		ldr	r3, [r3]
 730              		.loc 1 167 51
 731 003e 1A4A     		ldr	r2, .L34+20
 732 0040 1178     		ldrb	r1, [r2]	@ zero_extendqisi2
 733              		.loc 1 167 35
 734 0042 174A     		ldr	r2, .L34+12
 735 0044 D154     		strb	r1, [r2, r3]
 168:main.c        ****         string2sendlen++; // Increase the length of string2send
 736              		.loc 1 168 23
 737 0046 154B     		ldr	r3, .L34+8
 738 0048 1B68     		ldr	r3, [r3]
 739 004a 0133     		adds	r3, r3, #1
 740 004c 134A     		ldr	r2, .L34+8
 741 004e 1360     		str	r3, [r2]
 169:main.c        ****         global_index = 0; // Reset index to start over
 742              		.loc 1 169 22
 743 0050 104B     		ldr	r3, .L34
 744 0052 0022     		movs	r2, #0
 745 0054 1A70     		strb	r2, [r3]
 170:main.c        ****         current_pos++;
 746              		.loc 1 170 20
 747 0056 154B     		ldr	r3, .L34+24
 748 0058 1B68     		ldr	r3, [r3]
 749 005a 0133     		adds	r3, r3, #1
 750 005c 134A     		ldr	r2, .L34+24
 751 005e 1360     		str	r3, [r2]
 752              	.L31:
 171:main.c        ****     }
 172:main.c        **** 
 173:main.c        **** 
 174:main.c        ****     string2send[current_pos] = msg[global_index]; // Update the character to send based on the curr
 753              		.loc 1 174 35
 754 0060 0C4B     		ldr	r3, .L34
 755 0062 1B78     		ldrb	r3, [r3]
 756 0064 DBB2     		uxtb	r3, r3
 757 0066 1946     		mov	r1, r3
 758              		.loc 1 174 16
 759 0068 104B     		ldr	r3, .L34+24
 760 006a 1B68     		ldr	r3, [r3]
 761              		.loc 1 174 35
 762 006c 104A     		ldr	r2, .L34+28
 763 006e 515C     		ldrb	r1, [r2, r1]	@ zero_extendqisi2
 764              		.loc 1 174 30
 765 0070 0B4A     		ldr	r2, .L34+12
 766 0072 D154     		strb	r1, [r2, r3]
 175:main.c        ****     global_index++;
 767              		.loc 1 175 17
 768 0074 074B     		ldr	r3, .L34
 769 0076 1B78     		ldrb	r3, [r3]
 770 0078 DBB2     		uxtb	r3, r3
 771 007a 0133     		adds	r3, r3, #1
 772 007c DAB2     		uxtb	r2, r3
 773 007e 054B     		ldr	r3, .L34
 774 0080 1A70     		strb	r2, [r3]
 176:main.c        ****     string_index = 0;
 775              		.loc 1 176 18
 776 0082 084B     		ldr	r3, .L34+16
 777 0084 0022     		movs	r2, #0
 778 0086 1A60     		str	r2, [r3]
 177:main.c        **** }
 779              		.loc 1 177 1
 780 0088 00BF     		nop
 781 008a 0C37     		adds	r7, r7, #12
 782              	.LCFI45:
 783              		.cfi_def_cfa_offset 4
 784 008c BD46     		mov	sp, r7
 785              	.LCFI46:
 786              		.cfi_def_cfa_register 13
 787              		@ sp needed
 788 008e 5DF8047B 		ldr	r7, [sp], #4
 789              	.LCFI47:
 790              		.cfi_restore 7
 791              		.cfi_def_cfa_offset 0
 792 0092 7047     		bx	lr
 793              	.L35:
 794              		.align	2
 795              	.L34:
 796 0094 00000000 		.word	global_index
 797 0098 00000000 		.word	global_string_len
 798 009c 00000000 		.word	string2sendlen
 799 00a0 00000000 		.word	string2send
 800 00a4 00000000 		.word	string_index
 801 00a8 00000000 		.word	solution_array
 802 00ac 00000000 		.word	current_pos
 803 00b0 00000000 		.word	msg
 804              		.cfi_endproc
 805              	.LFE207:
 807              		.global	clock_config
 808              		.section	.rodata
 809              		.align	2
 812              	clock_config:
 813 0000 50       		.byte	80
 814 0001 02       		.byte	2
 815 0002 04       		.byte	4
 816 0003 01       		.byte	1
 817 0004 0000     		.short	0
 818 0006 01       		.byte	1
 819 0007 00       		.space	1
 820 0008 00       		.byte	0
 821 0009 000000   		.space	3
 822 000c 00000100 		.word	65536
 823 0010 01       		.byte	1
 824 0011 01       		.byte	1
 825 0012 01       		.byte	1
 826 0013 01       		.byte	1
 827              		.section	.text.main,"ax",%progbits
 828              		.align	1
 829              		.global	main
 830              		.syntax unified
 831              		.thumb
 832              		.thumb_func
 834              	main:
 835              	.LFB208:
 178:main.c        **** 
 179:main.c        **** 
 180:main.c        **** 
 181:main.c        **** 
 182:main.c        **** /* Clock configuration */
 183:main.c        **** XMC_SCU_CLOCK_CONFIG_t clock_config = {
 184:main.c        **** 	.syspll_config.p_div  = 2,
 185:main.c        **** 	.syspll_config.n_div  = 80,
 186:main.c        **** 	.syspll_config.k_div  = 4,
 187:main.c        **** 	.syspll_config.mode   = XMC_SCU_CLOCK_SYSPLL_MODE_NORMAL,
 188:main.c        **** 	.syspll_config.clksrc = XMC_SCU_CLOCK_SYSPLLCLKSRC_OSCHP,
 189:main.c        **** 	.enable_oschp         = true,
 190:main.c        **** 	.calibration_mode     = XMC_SCU_CLOCK_FOFI_CALIBRATION_MODE_FACTORY,
 191:main.c        **** 	.fsys_clksrc          = XMC_SCU_CLOCK_SYSCLKSRC_PLL,
 192:main.c        **** 	.fsys_clkdiv          = 1,
 193:main.c        **** 	.fcpu_clkdiv          = 1,
 194:main.c        **** 	.fccu_clkdiv          = 1,
 195:main.c        **** 	.fperipheral_clkdiv   = 1
 196:main.c        **** };
 197:main.c        **** 
 198:main.c        **** /* Forward declaration of HID callbacks as defined by LUFA */
 199:main.c        **** bool CALLBACK_HID_Device_CreateHIDReport(
 200:main.c        **** 							USB_ClassInfo_HID_Device_t* const HIDInterfaceInfo,
 201:main.c        **** 							uint8_t* const ReportID,
 202:main.c        **** 							const uint8_t ReportType,
 203:main.c        **** 							void* ReportData,
 204:main.c        **** 							uint16_t* const ReportSize );
 205:main.c        **** 
 206:main.c        **** void CALLBACK_HID_Device_ProcessHIDReport(
 207:main.c        **** 							USB_ClassInfo_HID_Device_t* const HIDInterfaceInfo,
 208:main.c        **** 							const uint8_t ReportID,
 209:main.c        **** 							const uint8_t ReportType,
 210:main.c        **** 							const void* ReportData,
 211:main.c        **** 							const uint16_t ReportSize );
 212:main.c        **** 
 213:main.c        **** void SystemCoreClockSetup(void);
 214:main.c        **** 
 215:main.c        **** /**
 216:main.c        ****  * Main program entry point. This routine configures the hardware required by
 217:main.c        ****  * the application, then enters a loop to run the application tasks in sequence.
 218:main.c        ****  */
 219:main.c        **** int main(void) {
 836              		.loc 1 219 16
 837              		.cfi_startproc
 838              		@ args = 0, pretend = 0, frame = 8
 839              		@ frame_needed = 1, uses_anonymous_args = 0
 840 0000 80B5     		push	{r7, lr}
 841              	.LCFI48:
 842              		.cfi_def_cfa_offset 8
 843              		.cfi_offset 7, -8
 844              		.cfi_offset 14, -4
 845 0002 82B0     		sub	sp, sp, #8
 846              	.LCFI49:
 847              		.cfi_def_cfa_offset 16
 848 0004 00AF     		add	r7, sp, #0
 849              	.LCFI50:
 850              		.cfi_def_cfa_register 7
 220:main.c        **** 	// Init LED pins for debugging and NUM/CAPS visual report
 221:main.c        **** 	XMC_GPIO_SetMode(LED1,XMC_GPIO_MODE_OUTPUT_PUSH_PULL);
 851              		.loc 1 221 2
 852 0006 8022     		movs	r2, #128
 853 0008 0121     		movs	r1, #1
 854 000a 1148     		ldr	r0, .L40
 855 000c FFF7FEFF 		bl	XMC_GPIO_SetMode
 222:main.c        **** 	XMC_GPIO_SetMode(LED2,XMC_GPIO_MODE_OUTPUT_PUSH_PULL);
 856              		.loc 1 222 2
 857 0010 8022     		movs	r2, #128
 858 0012 0021     		movs	r1, #0
 859 0014 0E48     		ldr	r0, .L40
 860 0016 FFF7FEFF 		bl	XMC_GPIO_SetMode
 223:main.c        **** 	USB_Init();
 861              		.loc 1 223 2
 862 001a FFF7FEFF 		bl	USB_Init
 224:main.c        **** 	SystemCoreClockSetup();    
 863              		.loc 1 224 2
 864 001e FFF7FEFF 		bl	SystemCoreClockSetup
 225:main.c        ****     SysTick_Config(SystemCoreClock / 1000);
 865              		.loc 1 225 5
 866 0022 0C4B     		ldr	r3, .L40+4
 867 0024 1B68     		ldr	r3, [r3]
 868 0026 0C4A     		ldr	r2, .L40+8
 869 0028 A2FB0323 		umull	r2, r3, r2, r3
 870 002c 9B09     		lsrs	r3, r3, #6
 871 002e 1846     		mov	r0, r3
 872 0030 FFF7FEFF 		bl	SysTick_Config
 873              	.LBB4:
 226:main.c        **** 	// Wait until host has enumerated HID device
 227:main.c        **** 	for(int i = 0; i < 10e6; ++i)
 874              		.loc 1 227 10
 875 0034 0023     		movs	r3, #0
 876 0036 7B60     		str	r3, [r7, #4]
 877              		.loc 1 227 2
 878 0038 02E0     		b	.L37
 879              	.L38:
 880              		.loc 1 227 27 discriminator 3
 881 003a 7B68     		ldr	r3, [r7, #4]
 882 003c 0133     		adds	r3, r3, #1
 883 003e 7B60     		str	r3, [r7, #4]
 884              	.L37:
 885              		.loc 1 227 19 discriminator 1
 886 0040 7B68     		ldr	r3, [r7, #4]
 887 0042 064A     		ldr	r2, .L40+12
 888 0044 9342     		cmp	r3, r2
 889 0046 F8DB     		blt	.L38
 890              	.L39:
 891              	.LBE4:
 228:main.c        **** 		; 
 229:main.c        **** 
 230:main.c        **** 	while (1) {
 231:main.c        **** 		HID_Device_USBTask(&Keyboard_HID_Interface);
 892              		.loc 1 231 3 discriminator 1
 893 0048 0548     		ldr	r0, .L40+16
 894 004a FFF7FEFF 		bl	HID_Device_USBTask
 895 004e FBE7     		b	.L39
 896              	.L41:
 897              		.align	2
 898              	.L40:
 899 0050 00810248 		.word	1208123648
 900 0054 00000000 		.word	SystemCoreClock
 901 0058 D34D6210 		.word	274877907
 902 005c 80969800 		.word	10000000
 903 0060 00000000 		.word	Keyboard_HID_Interface
 904              		.cfi_endproc
 905              	.LFE208:
 907              		.section	.text.CALLBACK_HID_Device_CreateHIDReport,"ax",%progbits
 908              		.align	1
 909              		.global	CALLBACK_HID_Device_CreateHIDReport
 910              		.syntax unified
 911              		.thumb
 912              		.thumb_func
 914              	CALLBACK_HID_Device_CreateHIDReport:
 915              	.LFB209:
 232:main.c        **** 	}
 233:main.c        **** }
 234:main.c        **** 
 235:main.c        **** // Callback function called when a new HID report needs to be created
 236:main.c        **** bool CALLBACK_HID_Device_CreateHIDReport(
 237:main.c        **** 							USB_ClassInfo_HID_Device_t* const HIDInterfaceInfo,
 238:main.c        **** 							uint8_t* const ReportID,
 239:main.c        **** 							const uint8_t ReportType,
 240:main.c        **** 							void* ReportData,
 241:main.c        **** 							uint16_t* const ReportSize ) {
 916              		.loc 1 241 37
 917              		.cfi_startproc
 918              		@ args = 4, pretend = 0, frame = 24
 919              		@ frame_needed = 1, uses_anonymous_args = 0
 920              		@ link register save eliminated.
 921 0000 80B4     		push	{r7}
 922              	.LCFI51:
 923              		.cfi_def_cfa_offset 4
 924              		.cfi_offset 7, -4
 925 0002 87B0     		sub	sp, sp, #28
 926              	.LCFI52:
 927              		.cfi_def_cfa_offset 32
 928 0004 00AF     		add	r7, sp, #0
 929              	.LCFI53:
 930              		.cfi_def_cfa_register 7
 931 0006 F860     		str	r0, [r7, #12]
 932 0008 B960     		str	r1, [r7, #8]
 933 000a 3B60     		str	r3, [r7]
 934 000c 1346     		mov	r3, r2
 935 000e FB71     		strb	r3, [r7, #7]
 242:main.c        **** 	USB_KeyboardReport_Data_t* report = (USB_KeyboardReport_Data_t *)ReportData;
 936              		.loc 1 242 29
 937 0010 3B68     		ldr	r3, [r7]
 938 0012 7B61     		str	r3, [r7, #20]
 243:main.c        **** 	*ReportSize = sizeof(USB_KeyboardReport_Data_t);
 939              		.loc 1 243 14
 940 0014 3B6A     		ldr	r3, [r7, #32]
 941 0016 0822     		movs	r2, #8
 942 0018 1A80     		strh	r2, [r3]	@ movhi
 244:main.c        **** 	static uint8_t characterSent = 0, 
 245:main.c        **** 				   indexToSend = 0;
 246:main.c        **** 								int i = 0;
 943              		.loc 1 246 13
 944 001a 0023     		movs	r3, #0
 945 001c 3B61     		str	r3, [r7, #16]
 247:main.c        **** 	
 248:main.c        ****                             
 249:main.c        ****     if (string_index < 2) {
 946              		.loc 1 249 22
 947 001e 184B     		ldr	r3, .L46
 948 0020 1B68     		ldr	r3, [r3]
 949              		.loc 1 249 8
 950 0022 012B     		cmp	r3, #1
 951 0024 24DC     		bgt	.L43
 250:main.c        **** 		if(characterSent) {
 952              		.loc 1 250 6
 953 0026 174B     		ldr	r3, .L46+4
 954 0028 1B78     		ldrb	r3, [r3]	@ zero_extendqisi2
 955              		.loc 1 250 5
 956 002a 002B     		cmp	r3, #0
 957 002c 11D0     		beq	.L44
 251:main.c        **** 			report->Modifier = 0; 
 958              		.loc 1 251 21
 959 002e 7B69     		ldr	r3, [r7, #20]
 960 0030 0022     		movs	r2, #0
 961 0032 1A70     		strb	r2, [r3]
 252:main.c        **** 			report->Reserved = 0; 
 962              		.loc 1 252 21
 963 0034 7B69     		ldr	r3, [r7, #20]
 964 0036 0022     		movs	r2, #0
 965 0038 5A70     		strb	r2, [r3, #1]
 253:main.c        **** 			report->KeyCode[0] = 0; 
 966              		.loc 1 253 23
 967 003a 7B69     		ldr	r3, [r7, #20]
 968 003c 0022     		movs	r2, #0
 969 003e 9A70     		strb	r2, [r3, #2]
 254:main.c        **** 			characterSent = 0;
 970              		.loc 1 254 18
 971 0040 104B     		ldr	r3, .L46+4
 972 0042 0022     		movs	r2, #0
 973 0044 1A70     		strb	r2, [r3]
 255:main.c        **** 			string_index++; 
 974              		.loc 1 255 16
 975 0046 0E4B     		ldr	r3, .L46
 976 0048 1B68     		ldr	r3, [r3]
 977 004a 0133     		adds	r3, r3, #1
 978 004c 0C4A     		ldr	r2, .L46
 979 004e 1360     		str	r3, [r2]
 980 0050 0EE0     		b	.L43
 981              	.L44:
 256:main.c        **** 		} else {
 257:main.c        **** 			report->Modifier = 0; 
 982              		.loc 1 257 21
 983 0052 7B69     		ldr	r3, [r7, #20]
 984 0054 0022     		movs	r2, #0
 985 0056 1A70     		strb	r2, [r3]
 258:main.c        **** 			report->Reserved = 0; 
 986              		.loc 1 258 21
 987 0058 7B69     		ldr	r3, [r7, #20]
 988 005a 0022     		movs	r2, #0
 989 005c 5A70     		strb	r2, [r3, #1]
 259:main.c        **** 			report->KeyCode[0] = string2send[string_index];
 990              		.loc 1 259 36
 991 005e 084B     		ldr	r3, .L46
 992 0060 1B68     		ldr	r3, [r3]
 993 0062 094A     		ldr	r2, .L46+8
 994 0064 D25C     		ldrb	r2, [r2, r3]	@ zero_extendqisi2
 995              		.loc 1 259 23
 996 0066 7B69     		ldr	r3, [r7, #20]
 997 0068 9A70     		strb	r2, [r3, #2]
 260:main.c        **** 			characterSent = 1;
 998              		.loc 1 260 18
 999 006a 064B     		ldr	r3, .L46+4
 1000 006c 0122     		movs	r2, #1
 1001 006e 1A70     		strb	r2, [r3]
 1002              	.L43:
 261:main.c        **** 		}
 262:main.c        **** 	}
 263:main.c        **** 	return true;
 1003              		.loc 1 263 9
 1004 0070 0123     		movs	r3, #1
 264:main.c        **** }
 1005              		.loc 1 264 1
 1006 0072 1846     		mov	r0, r3
 1007 0074 1C37     		adds	r7, r7, #28
 1008              	.LCFI54:
 1009              		.cfi_def_cfa_offset 4
 1010 0076 BD46     		mov	sp, r7
 1011              	.LCFI55:
 1012              		.cfi_def_cfa_register 13
 1013              		@ sp needed
 1014 0078 5DF8047B 		ldr	r7, [sp], #4
 1015              	.LCFI56:
 1016              		.cfi_restore 7
 1017              		.cfi_def_cfa_offset 0
 1018 007c 7047     		bx	lr
 1019              	.L47:
 1020 007e 00BF     		.align	2
 1021              	.L46:
 1022 0080 00000000 		.word	string_index
 1023 0084 98000000 		.word	characterSent.1
 1024 0088 00000000 		.word	string2send
 1025              		.cfi_endproc
 1026              	.LFE209:
 1028              		.section	.text.CALLBACK_HID_Device_ProcessHIDReport,"ax",%progbits
 1029              		.align	1
 1030              		.global	CALLBACK_HID_Device_ProcessHIDReport
 1031              		.syntax unified
 1032              		.thumb
 1033              		.thumb_func
 1035              	CALLBACK_HID_Device_ProcessHIDReport:
 1036              	.LFB210:
 265:main.c        **** 
 266:main.c        **** // Called on report input. For keyboard HID devices, that's the state of the LEDs
 267:main.c        **** void CALLBACK_HID_Device_ProcessHIDReport(
 268:main.c        **** 						USB_ClassInfo_HID_Device_t* const HIDInterfaceInfo,
 269:main.c        **** 						const uint8_t ReportID,
 270:main.c        **** 						const uint8_t ReportType,
 271:main.c        **** 						const void* ReportData,
 272:main.c        **** 						const uint16_t ReportSize ) {
 1037              		.loc 1 272 35
 1038              		.cfi_startproc
 1039              		@ args = 4, pretend = 0, frame = 24
 1040              		@ frame_needed = 1, uses_anonymous_args = 0
 1041 0000 80B5     		push	{r7, lr}
 1042              	.LCFI57:
 1043              		.cfi_def_cfa_offset 8
 1044              		.cfi_offset 7, -8
 1045              		.cfi_offset 14, -4
 1046 0002 86B0     		sub	sp, sp, #24
 1047              	.LCFI58:
 1048              		.cfi_def_cfa_offset 32
 1049 0004 00AF     		add	r7, sp, #0
 1050              	.LCFI59:
 1051              		.cfi_def_cfa_register 7
 1052 0006 F860     		str	r0, [r7, #12]
 1053 0008 7B60     		str	r3, [r7, #4]
 1054 000a 0B46     		mov	r3, r1
 1055 000c FB72     		strb	r3, [r7, #11]
 1056 000e 1346     		mov	r3, r2
 1057 0010 BB72     		strb	r3, [r7, #10]
 273:main.c        **** 	uint8_t *report = (uint8_t*)ReportData;
 1058              		.loc 1 273 11
 1059 0012 7B68     		ldr	r3, [r7, #4]
 1060 0014 7B61     		str	r3, [r7, #20]
 274:main.c        **** 
 275:main.c        **** 	if(*report & HID_KEYBOARD_LED_NUMLOCK) {
 1061              		.loc 1 275 5
 1062 0016 7B69     		ldr	r3, [r7, #20]
 1063 0018 1B78     		ldrb	r3, [r3]	@ zero_extendqisi2
 1064              		.loc 1 275 13
 1065 001a 03F00103 		and	r3, r3, #1
 1066              		.loc 1 275 4
 1067 001e 002B     		cmp	r3, #0
 1068 0020 08D0     		beq	.L49
 276:main.c        **** 		XMC_GPIO_SetOutputHigh(LED1);
 1069              		.loc 1 276 3
 1070 0022 0121     		movs	r1, #1
 1071 0024 0F48     		ldr	r0, .L54
 1072 0026 FFF7FEFF 		bl	XMC_GPIO_SetOutputHigh
 277:main.c        ****         MeasureLedToggleDistance();
 1073              		.loc 1 277 9
 1074 002a FFF7FEFF 		bl	MeasureLedToggleDistance
 278:main.c        ****         fsm();  
 1075              		.loc 1 278 9
 1076 002e FFF7FEFF 		bl	fsm
 1077 0032 03E0     		b	.L50
 1078              	.L49:
 279:main.c        ****     }
 280:main.c        **** 	else 
 281:main.c        **** 		XMC_GPIO_SetOutputLow(LED1);
 1079              		.loc 1 281 3
 1080 0034 0121     		movs	r1, #1
 1081 0036 0B48     		ldr	r0, .L54
 1082 0038 FFF7FEFF 		bl	XMC_GPIO_SetOutputLow
 1083              	.L50:
 282:main.c        **** 	
 283:main.c        **** 	
 284:main.c        **** 	if(*report & HID_KEYBOARD_LED_CAPSLOCK) 
 1084              		.loc 1 284 5
 1085 003c 7B69     		ldr	r3, [r7, #20]
 1086 003e 1B78     		ldrb	r3, [r3]	@ zero_extendqisi2
 1087              		.loc 1 284 13
 1088 0040 03F00203 		and	r3, r3, #2
 1089              		.loc 1 284 4
 1090 0044 002B     		cmp	r3, #0
 1091 0046 04D0     		beq	.L51
 285:main.c        **** 		XMC_GPIO_SetOutputHigh(LED2);
 1092              		.loc 1 285 3
 1093 0048 0021     		movs	r1, #0
 1094 004a 0648     		ldr	r0, .L54
 1095 004c FFF7FEFF 		bl	XMC_GPIO_SetOutputHigh
 286:main.c        **** 	else 
 287:main.c        **** 		XMC_GPIO_SetOutputLow(LED2);
 288:main.c        **** }
 1096              		.loc 1 288 1
 1097 0050 03E0     		b	.L53
 1098              	.L51:
 287:main.c        **** }
 1099              		.loc 1 287 3
 1100 0052 0021     		movs	r1, #0
 1101 0054 0348     		ldr	r0, .L54
 1102 0056 FFF7FEFF 		bl	XMC_GPIO_SetOutputLow
 1103              	.L53:
 1104              		.loc 1 288 1
 1105 005a 00BF     		nop
 1106 005c 1837     		adds	r7, r7, #24
 1107              	.LCFI60:
 1108              		.cfi_def_cfa_offset 8
 1109 005e BD46     		mov	sp, r7
 1110              	.LCFI61:
 1111              		.cfi_def_cfa_register 13
 1112              		@ sp needed
 1113 0060 80BD     		pop	{r7, pc}
 1114              	.L55:
 1115 0062 00BF     		.align	2
 1116              	.L54:
 1117 0064 00810248 		.word	1208123648
 1118              		.cfi_endproc
 1119              	.LFE210:
 1121              		.section	.text.SystemCoreClockSetup,"ax",%progbits
 1122              		.align	1
 1123              		.global	SystemCoreClockSetup
 1124              		.syntax unified
 1125              		.thumb
 1126              		.thumb_func
 1128              	SystemCoreClockSetup:
 1129              	.LFB211:
 289:main.c        **** 
 290:main.c        **** void SystemCoreClockSetup(void) {
 1130              		.loc 1 290 33
 1131              		.cfi_startproc
 1132              		@ args = 0, pretend = 0, frame = 0
 1133              		@ frame_needed = 1, uses_anonymous_args = 0
 1134 0000 80B5     		push	{r7, lr}
 1135              	.LCFI62:
 1136              		.cfi_def_cfa_offset 8
 1137              		.cfi_offset 7, -8
 1138              		.cfi_offset 14, -4
 1139 0002 00AF     		add	r7, sp, #0
 1140              	.LCFI63:
 1141              		.cfi_def_cfa_register 7
 291:main.c        **** 	/* Setup settings for USB clock */
 292:main.c        **** 	XMC_SCU_CLOCK_Init(&clock_config);
 1142              		.loc 1 292 2
 1143 0004 0A48     		ldr	r0, .L57
 1144 0006 FFF7FEFF 		bl	XMC_SCU_CLOCK_Init
 293:main.c        **** 
 294:main.c        **** 	XMC_SCU_CLOCK_EnableUsbPll();
 1145              		.loc 1 294 2
 1146 000a FFF7FEFF 		bl	XMC_SCU_CLOCK_EnableUsbPll
 295:main.c        **** 	XMC_SCU_CLOCK_StartUsbPll(2, 64);
 1147              		.loc 1 295 2
 1148 000e 4021     		movs	r1, #64
 1149 0010 0220     		movs	r0, #2
 1150 0012 FFF7FEFF 		bl	XMC_SCU_CLOCK_StartUsbPll
 296:main.c        **** 	XMC_SCU_CLOCK_SetUsbClockDivider(4);
 1151              		.loc 1 296 2
 1152 0016 0420     		movs	r0, #4
 1153 0018 FFF7FEFF 		bl	XMC_SCU_CLOCK_SetUsbClockDivider
 297:main.c        **** 	XMC_SCU_CLOCK_SetUsbClockSource(XMC_SCU_CLOCK_USBCLKSRC_USBPLL);
 1154              		.loc 1 297 2
 1155 001c 0020     		movs	r0, #0
 1156 001e FFF7FEFF 		bl	XMC_SCU_CLOCK_SetUsbClockSource
 298:main.c        **** 	XMC_SCU_CLOCK_EnableClock(XMC_SCU_CLOCK_USB);
 1157              		.loc 1 298 2
 1158 0022 0120     		movs	r0, #1
 1159 0024 FFF7FEFF 		bl	XMC_SCU_CLOCK_EnableClock
 299:main.c        **** 
 300:main.c        **** 	SystemCoreClockUpdate();
 1160              		.loc 1 300 2
 1161 0028 FFF7FEFF 		bl	SystemCoreClockUpdate
 301:main.c        **** }
 1162              		.loc 1 301 1
 1163 002c 00BF     		nop
 1164 002e 80BD     		pop	{r7, pc}
 1165              	.L58:
 1166              		.align	2
 1167              	.L57:
 1168 0030 00000000 		.word	clock_config
 1169              		.cfi_endproc
 1170              	.LFE211:
 1172              		.bss
 1173 0091 000000   		.align	2
 1174              	lastTick.2:
 1175 0094 00000000 		.space	4
 1177              	characterSent.1:
 1178 0098 00       		.space	1
 1180              	indexToSend.0:
 1181 0099 00       		.space	1
 1183              		.text
 1184              	.Letext0:
 1185              		.file 4 "/usr/arm-none-eabi/include/machine/_default_types.h"
 1186              		.file 5 "/usr/arm-none-eabi/include/sys/_stdint.h"
 1187              		.file 6 "/opt/XMClib/XMC_Peripheral_Library_v2.1.16/CMSIS/Infineon/XMC4500_series/Include/XMC4500.
 1188              		.file 7 "/opt/XMClib/XMC_Peripheral_Library_v2.1.16/XMCLib/inc/xmc4_gpio.h"
 1189              		.file 8 "/opt/XMClib/XMC_Peripheral_Library_v2.1.16/XMCLib/inc/xmc4_scu.h"
 1190              		.file 9 "/opt/XMClib/XMC_Peripheral_Library_v2.1.16/ThirdPartyLibraries/USBlib/USB/Core/XMC4000/..
 1191              		.file 10 "/opt/XMClib/XMC_Peripheral_Library_v2.1.16/ThirdPartyLibraries/USBlib/USB/Class/Device/.
 1192              		.file 11 "/opt/XMClib/XMC_Peripheral_Library_v2.1.16/ThirdPartyLibraries/USBlib/USB/Class/Device/H
 1193              		.file 12 "/opt/XMClib/XMC_Peripheral_Library_v2.1.16/CMSIS/Infineon/XMC4500_series/Include/system_
 1194              		.file 13 "KeyboardHID.h"
 1195              		.file 14 "/opt/XMClib/XMC_Peripheral_Library_v2.1.16/XMCLib/inc/xmc_scu.h"
DEFINED SYMBOLS
                            *ABS*:00000000 main.c
     /tmp/ccEt4DTo.s:20     .text.__NVIC_SetPriority:00000000 $t
     /tmp/ccEt4DTo.s:25     .text.__NVIC_SetPriority:00000000 __NVIC_SetPriority
     /tmp/ccEt4DTo.s:100    .text.__NVIC_SetPriority:0000004c $d
     /tmp/ccEt4DTo.s:106    .text.SysTick_Config:00000000 $t
     /tmp/ccEt4DTo.s:111    .text.SysTick_Config:00000000 SysTick_Config
     /tmp/ccEt4DTo.s:176    .text.SysTick_Config:00000040 $d
     /tmp/ccEt4DTo.s:181    .text.XMC_GPIO_SetOutputHigh:00000000 $t
     /tmp/ccEt4DTo.s:186    .text.XMC_GPIO_SetOutputHigh:00000000 XMC_GPIO_SetOutputHigh
     /tmp/ccEt4DTo.s:232    .text.XMC_GPIO_SetOutputLow:00000000 $t
     /tmp/ccEt4DTo.s:237    .text.XMC_GPIO_SetOutputLow:00000000 XMC_GPIO_SetOutputLow
     /tmp/ccEt4DTo.s:286    .bss:00000000 i
     /tmp/ccEt4DTo.s:283    .bss:00000000 $d
     /tmp/ccEt4DTo.s:293    .data:00000000 msg
     /tmp/ccEt4DTo.s:290    .data:00000000 $d
     /tmp/ccEt4DTo.s:304    .data:0000005c string2send
     /tmp/ccEt4DTo.s:312    .bss:00000004 maxtime
     /tmp/ccEt4DTo.s:318    .bss:00000008 solution_array
     /tmp/ccEt4DTo.s:324    .bss:0000006c global_string_to_send
     /tmp/ccEt4DTo.s:330    .data:0000007a global_string_len
     /tmp/ccEt4DTo.s:336    .bss:00000070 global_index
     /tmp/ccEt4DTo.s:342    .bss:00000074 led_toggle_distance
     /tmp/ccEt4DTo.s:345    .bss:00000078 last_led_tick
     /tmp/ccEt4DTo.s:352    .bss:0000007c public_distance
     /tmp/ccEt4DTo.s:358    .bss:00000080 msTicks
     /tmp/ccEt4DTo.s:361    .text.SysTick_Handler:00000000 $t
     /tmp/ccEt4DTo.s:367    .text.SysTick_Handler:00000000 SysTick_Handler
     /tmp/ccEt4DTo.s:401    .text.SysTick_Handler:00000018 $d
     /tmp/ccEt4DTo.s:406    .text.GetTick:00000000 $t
     /tmp/ccEt4DTo.s:412    .text.GetTick:00000000 GetTick
     /tmp/ccEt4DTo.s:443    .text.GetTick:00000014 $d
     /tmp/ccEt4DTo.s:452    .data:0000007c string2sendlen
     /tmp/ccEt4DTo.s:455    .text.insert:00000000 $t
     /tmp/ccEt4DTo.s:461    .text.insert:00000000 insert
     /tmp/ccEt4DTo.s:548    .text.MeasureLedToggleDistance:00000000 $t
     /tmp/ccEt4DTo.s:554    .text.MeasureLedToggleDistance:00000000 MeasureLedToggleDistance
     /tmp/ccEt4DTo.s:631    .text.MeasureLedToggleDistance:00000054 $d
     /tmp/ccEt4DTo.s:1174   .bss:00000094 lastTick.2
     /tmp/ccEt4DTo.s:645    .bss:00000084 string_index
     /tmp/ccEt4DTo.s:651    .bss:00000088 current_pos
     /tmp/ccEt4DTo.s:657    .bss:0000008c shiftindex
     /tmp/ccEt4DTo.s:662    .bss:00000090 waiting_for_response
     /tmp/ccEt4DTo.s:665    .text.fsm:00000000 $t
     /tmp/ccEt4DTo.s:671    .text.fsm:00000000 fsm
     /tmp/ccEt4DTo.s:796    .text.fsm:00000094 $d
     /tmp/ccEt4DTo.s:812    .rodata:00000000 clock_config
     /tmp/ccEt4DTo.s:809    .rodata:00000000 $d
     /tmp/ccEt4DTo.s:828    .text.main:00000000 $t
     /tmp/ccEt4DTo.s:834    .text.main:00000000 main
     /tmp/ccEt4DTo.s:1128   .text.SystemCoreClockSetup:00000000 SystemCoreClockSetup
     /tmp/ccEt4DTo.s:899    .text.main:00000050 $d
     /tmp/ccEt4DTo.s:908    .text.CALLBACK_HID_Device_CreateHIDReport:00000000 $t
     /tmp/ccEt4DTo.s:914    .text.CALLBACK_HID_Device_CreateHIDReport:00000000 CALLBACK_HID_Device_CreateHIDReport
     /tmp/ccEt4DTo.s:1022   .text.CALLBACK_HID_Device_CreateHIDReport:00000080 $d
     /tmp/ccEt4DTo.s:1177   .bss:00000098 characterSent.1
     /tmp/ccEt4DTo.s:1029   .text.CALLBACK_HID_Device_ProcessHIDReport:00000000 $t
     /tmp/ccEt4DTo.s:1035   .text.CALLBACK_HID_Device_ProcessHIDReport:00000000 CALLBACK_HID_Device_ProcessHIDReport
     /tmp/ccEt4DTo.s:1117   .text.CALLBACK_HID_Device_ProcessHIDReport:00000064 $d
     /tmp/ccEt4DTo.s:1122   .text.SystemCoreClockSetup:00000000 $t
     /tmp/ccEt4DTo.s:1168   .text.SystemCoreClockSetup:00000030 $d
     /tmp/ccEt4DTo.s:1180   .bss:00000099 indexToSend.0
                           .group:00000000 wm4.0.0b443aec79b24ca2f8126d9d27aaed10
                           .group:00000000 wm4._newlib_version.h.4.0eb654b64686e2bd29646258853f6c22
                           .group:00000000 wm4.newlib.h.27.a82728f74da661df333d09507bfef510
                           .group:00000000 wm4.ieeefp.h.77.61a77db5804869b1dadd307a77cf78c9
                           .group:00000000 wm4.features.h.22.03467e2205ec9ffbc20524d97cdbdf6a
                           .group:00000000 wm4.config.h.224.10ee1ad185d877c6e334e6581faab44d
                           .group:00000000 wm4._ansi.h.31.de524f58584151836e90d8620a16f8e8
                           .group:00000000 wm4.stddef.h.39.38eb7ec030421799c657b13be5aa21c7
                           .group:00000000 wm4._default_types.h.6.959254cf5f09734ea7516c89e8bb21bd
                           .group:00000000 wm4.cdefs.h.49.bafb023044e47a1dcdd854e4d6521f7d
                           .group:00000000 wm4._types.h.20.dd0d04dca3800a0d2a6129b87f3adbb2
                           .group:00000000 wm4.stddef.h.158.6f8e08a347b1cff664332fa350bfceb3
                           .group:00000000 wm4._types.h.127.3bdfe3ff8ea2d0985b03d9cbe93480e3
                           .group:00000000 wm4.reent.h.18.25503cdc8b7e55dd0d6ea7b3e5af7a03
                           .group:00000000 wm4.lock.h.2.1461d1fff82dffe8bfddc23307f6484f
                           .group:00000000 wm4.reent.h.78.6b87466b04591b1f1cb88c14fdf2ba9e
                           .group:00000000 wm4.string.h.15.dab3980bf35408a4c507182805e2de3a
                           .group:00000000 wm4.stddef.h.158.eec8bf00b5213f43d095cb984c5f22e3
                           .group:00000000 wm4._intsup.h.10.48bafbb683905c4daa4565a85aeeb264
                           .group:00000000 wm4._stdint.h.10.c24fa3af3bc1706662bb5593a907e841
                           .group:00000000 wm4.stdint.h.23.d53047a68f4a85177f80b422d52785ed
                           .group:00000000 wm4.stdbool.h.29.c08aa3eec75cf5b9b5003883f43253f0
                           .group:00000000 wm4.xmc_device.h.61.ba2d082e12f51240746cffdd60d42b81
                           .group:00000000 wm4.XMC4500.h.55.9aa45b9b5790506b2dcb963e4e7adeaf
                           .group:00000000 wm4.core_cm4.h.32.6c6eb1c8daeca23ce7ba79c8e8120d52
                           .group:00000000 wm4.cmsis_gcc.h.26.91b63349961c35637933e4fba51b867b
                           .group:00000000 wm4.core_cm4.h.172.fdd5a388a160bb6ff767b7d7ee212268
                           .group:00000000 wm4.system_XMC4500.h.42.99124977c10ca8844a71949adbeabd70
                           .group:00000000 wm4.XMC4500.h.208.b340195df97f067735c4c769ba59985a
                           .group:00000000 wm4.xmc_device.h.1460.8860499b404961ffcfbb8d1fefcb2146
                           .group:00000000 wm4.xmc_common.h.92.3f4336a80569affab05a81145b87c2fc
                           .group:00000000 wm4.xmc_gpio.h.97.fa6a2e1be6030a75d960293cc3bbbd6b
                           .group:00000000 wm4.xmc4_gpio_map.h.74.66e9110cf801b78826ef5354da51c32f
                           .group:00000000 wm4.xmc4_gpio.h.79.ce6c49508b5a7769c66e7e3c21dcdfe4
                           .group:00000000 wm4.USB.h.376.cfdb9ecb25c70fec676f585dede264a7
                           .group:00000000 wm4.Common.h.60.c2f00e237f5994003db83c2422602b22
                           .group:00000000 wm4.BoardTypes.h.52.ca64813ccee737bcc2115eab5e075fdb
                           .group:00000000 wm4.CompilerSpecific.h.55.4a5e5ff77cd35e49c89cf2115251aee0
                           .group:00000000 wm4.Attributes.h.56.73b3ee26b0836c2dec569a5fa6f1b355
                           .group:00000000 wm4.Endianness.h.57.3ac00c5468f4b91b806a0e6dba047e9c
                           .group:00000000 wm4.Common.h.105.4b937a9cc9dcdb26c3f07541b0b763a8
                           .group:00000000 wm4.USBController.h.49.cbfc73805155b6fff6267400af3f4eec
                           .group:00000000 wm4.stdlib.h.13.4ed386f5c1a80d71e72172885d946ef2
                           .group:00000000 wm4.alloca.h.8.dfc0c703c47ec3e69746825b17d9e66d
                           .group:00000000 wm4.stdlib.h.56.f4862cfbf4363a1db01842d5bdf72c18
                           .group:00000000 wm4.xmc_usbd_regs.h.80.57c6c85fa0ecbc9f8327ce445aebb9bc
                           .group:00000000 wm4.xmc4_scu.h.83.0449f5880ac071460ec1a8072311ea51
                           .group:00000000 wm4.xmc_usbd.h.122.ce57a9e6a9da48ee33ece02813c49593
                           .group:00000000 wm4.USBController_XMC4000.h.71.902f2653e09cb8b25245faa82cc6b907
                           .group:00000000 wm4.StdDescriptors.h.73.7d17e8be7a73b855fc0f8827303b7597
                           .group:00000000 wm4.Endpoint.h.73.3734de3e84ab23fb43d81f41fba620ec
                           .group:00000000 wm4.Device_XMC4000.h.86.6803bdd99d84e764a570256c87a24d0a
                           .group:00000000 wm4.StdRequestType.h.50.461dce94a3ee1fa9ff31ec5f28bd9699
                           .group:00000000 wm4.ConfigDescriptors.h.51.0d67ebf453774188abf5a503ba8f6735
                           .group:00000000 wm4.CDCClass.h.61.0d41ba255f7ce6f076fd610d8396dd1f
                           .group:00000000 wm4.CDCClassCommon.h.72.14ca578d8547e19a8a0c0d2d328483bd
                           .group:00000000 wm4.stdio.h.27.3fc80220048df77954e38daec3bb9670
                           .group:00000000 wm4.stdarg.h.34.3a23a216c0c293b3d2ea2e89281481e6
                           .group:00000000 wm4.stdio.h.47.dc31ec4674d7bcb103c9f08809549f45
                           .group:00000000 wm4.stdio.h.2.4aa87247282eca6c8f36f9de33d8df1a
                           .group:00000000 wm4.stdio.h.87.a1e20d2651f9bfb66e51bfbe849db00a
                           .group:00000000 wm4.HIDClass.h.62.6bb32c59177b21a83b8e65c5a1b0a615
                           .group:00000000 wm4.HIDReportData.h.47.f13f4956396e0bec70835fe634fcc24d
                           .group:00000000 wm4.HIDParser.h.88.4b86fe94cb8d01713592cdd0391b606b
                           .group:00000000 wm4.HIDClassCommon.h.71.a60cdf9d7cd69289f43dde215b509193
                           .group:00000000 wm4.MassStorageClass.h.61.e9235f3bd090b77f36343f082ef93107
                           .group:00000000 wm4.MassStorageClassCommon.h.51.6aefecf288eb3c3c6c9bde61e26dd765
                           .group:00000000 wm4.Descriptors.h.37.a9c2e3eb1c5646a4a3911d89f91c5fab
                           .group:00000000 wm4.german_keyboardCodes.h.2.e1b4448076427773e95ef41c8020de97

UNDEFINED SYMBOLS
XMC_GPIO_SetMode
USB_Init
HID_Device_USBTask
SystemCoreClock
Keyboard_HID_Interface
XMC_SCU_CLOCK_Init
XMC_SCU_CLOCK_EnableUsbPll
XMC_SCU_CLOCK_StartUsbPll
XMC_SCU_CLOCK_SetUsbClockDivider
XMC_SCU_CLOCK_SetUsbClockSource
XMC_SCU_CLOCK_EnableClock
SystemCoreClockUpdate
